Mutation type,Trinucleotide,W.1 (False Positive) (SBS1 0.229),W.2 (False Positive) (SBS3 0.796),W.3 (SBS38 0.973),W.4 (SBS13 0.998),W.5 (False Positive) (SBS1 0.407),W.6 (False Positive) (SBS44 0.373),W.7 (False Positive) (SBS17a 0.894),W.8 (SBS17b 0.996),W.9 (False Positive) (SBS2 0.481),W.10 (SBS22 0.944),W.11 (False Positive) (SBS44 0.306),W.12 (SBS7c 0.974),W.13 (False Positive) (SBS4 0.255),W.14 (False Positive) (SBS44 0.464),W.15 (SBS1 0.948),W.16 (False Positive) (SBS5 0.14),W.17 (SBS4 0.988),W.18 (False Positive) (SBS29 0.582),W.19 (False Positive) (SBS18 0.329),W.20 (False Positive) (SBS17b 0.245),W.21 (False Positive) (SBS7b 0.56),W.22 (False Positive) (SBS29 0.314),W.23 (False Positive) (SBS7b 0.309),W.24 (SBS2 0.909),W.25 (False Positive) (SBS41 0.379),W.26 (False Positive) (SBS4 0.543),W.27 (False Positive) (SBS12 0.391),W.28 (False Positive) (SBS29 0.598),W.29 (False Positive) (SBS7b 0.724),W.30 (SBS17a 0.992),W.31 (False Positive) (SBS7c 0.886),W.32 (False Positive) (SBS44 0.463),W.33 (False Positive) (SBS5 0.176),W.34 (False Positive) (SBS12 0.812),W.35 (SBS16 0.919),W.36 (False Positive) (SBS35 0.34),W.37 (False Positive) (SBS18 0.736),W.38 (SBS7d 0.969),W.39 (SBS28 0.977),W.40 (False Positive) (SBS41 0.683),W.41 (False Positive) (SBS40 0.715),W.42 (False Positive) (SBS12 0.402),W.43 (False Positive) (SBS7a 0.844),W.44 (False Positive) (SBS16 0.464),W.45 (False Positive) (SBS1 0.453),W.46 (SBS44 0.955)
C>A,ACA,1.34159565599899e-236,0.0131340454413925,1.00720254980588e-250,1.83229128666702e-176,2.58221590274593e-283,0,0,0.000833113029874313,6.5454861032544e-86,3.59435768296931e-246,0,0.00408709434711707,0,1.27279119221724e-257,0,0,0.0371585080136551,1.14853357836049e-83,0,2.55911193394811e-299,0.00573308288501609,0.750727960033051,3.35244063112533e-136,3.15272548361324e-172,0,0.125337883781935,0,0,0.000770737018466347,2.47655909008858e-153,0,7.04372221906787e-296,0,6.75492127147294e-148,0.00473053748143069,0,0.0942212339044959,0,0,0.00255487700138939,0.0542653870748579,0,8.92746952288391e-299,0,1.35433034368703e-281,0
C>A,ACC,0,0.0302023729108608,0,0.000673618200303621,0,0,0.00880270630006378,1.7230157043143e-05,0.000909966840061261,2.35116281562321e-239,0,0.000847292580462747,6.25284080952132e-271,0.0178608371310337,0.0016540454838448,0,0.038897836782436,0,9.73037122073745e-281,0,0.000382479582027285,0.0596423050572628,5.54976566738986e-05,0.000334287080063278,0,0.0265135896643261,0,0.0931020971500091,0.000472453506743715,0.000612693716265808,0.00109852872021001,0.00902209908074885,1.03816489258954e-91,0.00553281074557917,0.00753008031611341,0,0.0334064495133155,0,0.00323754427374179,0,0.0189309438019966,2.8312043586923e-36,0.000142609611199475,0.0275037927767156,0,0.000616821647997275
C>A,ACG,0.000929811171163103,0.00167826975460217,6.93498637147302e-212,0.000126354059878126,0.000873910906018925,0,0,5.02686650771837e-05,0.000208991270480637,0,0,5.57842066529354e-05,1.95642544359262e-21,4.62364115170984e-211,2.83660911793489e-307,0,0.0193061096468975,3.63387000253631e-261,2.85579156684996e-288,0.000773753102303746,0.000445063226992789,0.0262237068447801,2.86658432512052e-203,9.93064145741215e-05,0,0,1.6688053938804e-308,0.0262115743230611,0,0,0.0027950234014538,0.0058771584068473,0,0.00158666299875422,0.00167651103316689,0,0.000822577286296656,0.000139939387644198,0.000397794275223907,0,0.00542766067907157,0,1.48054671833122e-05,0,0,4.32118134616882e-05
C>A,ACT,0,0.0173203499041302,0.00989193165454954,0.000152210090108711,0,0.0108182665225269,0,0.000190390804330841,0.000619499912015216,0.00208836768645045,7.88678216374605e-287,0.0010473335174301,0,0,0.00068455592708683,0.00412211152827834,0.0358697721611716,0.0328802443585356,0,0,0.00158069827210767,0.0164091730587761,3.04588567659249e-238,0.000140396802751457,0,0.0477994056665155,0,1.19278637481905e-43,0.00081736170289856,0,0.00578545079477924,2.71317882798767e-255,0,0.000178885170374926,0.0054175368284752,0,0.0262188027280425,0.00539203344426951,0.00729764207551199,0,0.0348695907278536,0.00362378401471201,0.000197385535969561,0,0.00496362850752379,0.00620950511705424
C>A,CCA,4.52380143016176e-146,0.0136153361472127,0.577762367463062,0.00100048214816238,1.04747362499415e-191,5.90450993330513e-152,0,5.15144154862378e-120,2.12597751624756e-06,9.42296472075048e-214,0.0144551297738388,0,0,8.88837735673387e-166,0,0,0.0833035360248111,6.22474754622113e-63,0,1.21675394698368e-128,0.00105880765468403,0,0.00812303234138479,0.000329213038878006,2.11143602419252e-243,1.69655927064406e-57,1.50901100769893e-196,0,0.000797077235002935,1.57964931650446e-63,0,0.0317885077103346,0,8.37702160672965e-208,3.14103432666273e-40,0,0.048023204820415,0.0153562235857121,1.160897412574e-107,0.00525215912340695,1.48006366954258e-06,0,0.00039612080394726,0,5.26904560214674e-102,1.88486810235825e-112
C>A,CCC,0.00045023494755572,1.76586282766645e-18,3.96017385105237e-196,0.000390403218187912,0.00446053139771655,0,5.29315708959333e-229,1.06817387518733e-216,0.000195023154496773,1.077931201384e-268,0,0.00259102091480408,3.58865553892004e-117,0,0.00168142646926082,0,0.082596473998866,6.48571051678218e-24,0,5.50463190535989e-128,0.00364932774681992,0,1.0303318944149e-88,5.65974398782866e-05,1.6688053938804e-308,0.426081739779863,0,0,0.000832074778352571,0.000607144014074989,0,1.37739319535075e-78,4.0773814291086e-277,9.59613615640299e-208,1.01615643129604e-133,0,3.73480545801529e-70,0.00358087931218958,3.90802712651116e-14,4.07019650756804e-290,7.08275052076524e-101,1.92004215155862e-204,0.000294305353803054,0,4.84367901047268e-192,0.0236710067146378
C>A,CCG,0,0.000423799871712947,0.014873371923808,0,0,0,0,0,0,0,0,0.00277789968559596,0,0.00714789089128985,0.000263237862834278,0,0.0322793431292338,0.00865624611993898,0,0.000319872948208477,0.0013017593581213,0,0,0,0,3.13926228474081e-206,0,1.16497546407371e-255,0,0.000182906482406757,4.92324179697359e-108,0.0164098474909732,1.6688053938804e-308,0.00218989686969993,0.00433465514294984,0,0.0212884058046181,7.55729437223909e-05,0,0,0,5.28337970247167e-196,0,0,1.90248347877097e-228,0.00313487507764946
C>A,CCT,2.93841144482471e-186,7.29580681287625e-41,0.250246776053009,0,0,0,0,0,0.00133405476692233,1.49165494529379e-212,0,0.0167665540228779,0,0,4.01142384171669e-228,0,0.0857377831490179,9.98242317469205e-116,3.58192835733484e-162,0,0.00499769551002384,0,0,0.000183893679318967,0,1.03373646628728e-184,0,3.19657599788788e-241,0.00156157661369338,1.49134549972132e-249,4.52556509717473e-71,0,0,0,0,8.44061798907573e-95,0,0,0,0,0.0145279725523269,0,0.000128383059177033,2.05712227814356e-272,0,0.0903741188551138
C>A,GCA,1.01998762828015e-51,0.0115799892644515,5.710725617725e-86,2.0281939610953e-228,0.00223071318226823,2.06597797331757e-267,1.89298527380979e-60,0.00133067747355266,0.000220548133213925,0.00396968398343819,1.07609872105261e-176,0.000889365996260747,0,6.88742525814458e-180,0.00220937808706752,0,0.0318318045302905,0.513026936133264,0,4.62239514220007e-142,0.00238336911970357,0,0.000116394788164882,7.36811403422688e-26,4.97326266998649e-258,3.05573462823817e-74,1.6688053938804e-308,0,0.000191982836577284,0.00267370473718484,2.86530717090564e-258,1.25892438278269e-84,0,8.98024287176264e-24,0.00818491755963943,0,4.8847440240667e-19,0.000249299972709798,0.00256066389259809,0.0057415411801939,0.028066864038378,8.43678038793999e-183,0,0,1.45245668408589e-220,0.00144647369778916
C>A,GCC,7.04875478617969e-191,0.016756394314967,0,0.000140294887296616,3.74002318982078e-62,5.85841152934928e-30,0,0,2.78857220569908e-188,0.00401744140566918,0,0.000341846225016582,0,0.00637455122134304,0.00164244602291204,0,0.0404312284635883,0.0168890357090579,0,5.45678341909995e-171,0,0,0.00134350982155912,0.000180697263256657,2.12965127124658e-189,0,0,0.411424771568147,0,0.00172088664002186,0,4.80985590170308e-231,0,2.93621761851703e-49,0.0044616391293627,1.6688053938804e-308,0.00581424015749637,5.10179794580312e-05,0.000616282679295341,0.00121951881306502,0.0119950336194299,2.51913510174325e-152,0.00020876608356559,0,7.45846223886697e-85,0.00439567788691974
C>A,GCG,0.000106034561383944,0,0.024396812272976,1.71641750891696e-103,0,0.000216272649073161,2.99146480674422e-304,8.29216391922016e-05,0.000345988143805608,0,6.53650039118749e-138,0,0,0,0.00107550752756815,0,0.018357972578117,0.0103354870488545,0.00278573531441312,0,0,2.05045982986188e-200,0,8.46428530746274e-05,0,0,0,0.0359419847819568,0,0.000236096837584132,0,0.00750054148845079,0,0.00143344071678503,0.00297908609295186,0,0.0041930165343977,0,0.00153315971005595,1.66880539615558e-308,0.00225785156442388,0.00383518050490374,3.05595021202974e-107,0,0,0.00045362303310704
C>A,GCT,0,0.0049717185165982,0.0520741630678111,5.6323077037506e-20,0,0,0,0.000614107125102351,0,0,0,0,3.06521183423603e-114,0,0,0,0.00983278183946497,0.136521269783982,1.6688053938804e-308,0,0,0,0,0,0,0.0667963820969385,0,0.269184597366046,0,0,0,6.54013928503536e-69,0,3.85297426270559e-156,0.00145087614115099,0,0.0652059418168189,0,0,0.00666655719629139,0.00815361593942225,1.93225222365628e-171,0,0,0,0.0100835882499419
C>A,TCA,0,9.96612293507778e-63,4.94622974358467e-156,0.0735396738548137,0,0,0,0,5.1476176712877e-168,2.52331896535208e-283,0,0.00328590856025787,0,0,0,0,0.0300202424383983,1.3853622376055e-80,0.841715981924292,0,0.00569457761251737,1.6688053938804e-308,3.9666181774333e-143,0.000739310463041553,0,8.58097119191227e-14,0,1.66880539388713e-308,0.0019162600739159,0,7.76241501811498e-255,7.33292769607289e-190,0,4.70346943724012e-218,1.69131022615282e-101,0,0.138528520903651,0.0147277644734343,2.46315214289124e-258,0,0.0517574571879712,0,2.98413892687841e-70,0,0,0
C>A,TCC,2.76030013560265e-149,0.0159461689770865,0,0.00987802054972992,4.64060155082251e-227,0,0,7.39230378825335e-114,2.99780457131966e-58,1.4084812374161e-178,3.86732588699928e-251,0.0112465998588203,0.89732626876117,4.07084042713076e-224,0.0011711567308099,4.91447456395697e-273,0.0464916310334527,0.115414071596397,0,4.18173481131253e-203,0.00331943600767461,1.2845334194134e-271,5.97561672376513e-74,1.81844056689932e-67,0,1.11890400641822e-173,0,7.61626715338851e-38,0.00842644391275036,1.90843471822888e-101,1.23701669299681e-81,1.76815140563255e-111,0,3.55600191245581e-79,0.00169846496619985,0,3.44345950741485e-43,1.32260121100658e-43,1.66888999291275e-308,0,0.030744003132343,2.53683290347551e-121,4.64997274889471e-52,0,1.66880603528224e-308,0.0035659992233831
C>A,TCG,0.000109031833594759,0.00028611940360337,1.38344243394629e-162,0.0110955793658043,1.74881201841517e-23,0,0,0,0.000141195494838989,0,0,0,0.00716310015354312,0.00410588941768819,0.000155233022085873,2.2694524884357e-255,0.0123443850636291,0.030360840736131,0.0359691634133223,0,0.000762544382991471,0.0208069442794429,9.61793828415678e-05,0,0,0,0,0,0,0,0,0.000666062995434994,0.00226537881761713,0,0.00182671808564968,0,0.0123441828485404,0,0,0,0.00478553499220666,0.0118518609750521,8.41463841208006e-09,0.00232117301298952,0.00373537379426277,3.4621834886052e-278
C>A,TCT,4.59369589883763e-53,0.00496757463916094,3.06064689956654e-54,0.0349983269417991,5.54055626565368e-102,3.10568425479772e-235,1.13585994198692e-103,0.0029845269691727,0.00241378146042597,0.00541676263445005,2.77756844398606e-53,0.00497738295885929,2.02067712842424e-186,0,0.00181474873465164,0,0.0332150415187797,5.13634884518097e-32,0,6.05561736898966e-118,0.00265126054480074,0,0.001811812200244,0.00157541914370666,0,1.50212152763571e-200,0,0,0.00106962883397566,0.000790655015643304,4.18822296333096e-188,3.68743125378977e-97,0,0.00850336865224975,0.00614547616986652,1.6688053938804e-308,0.386973238065332,0.00125998213951388,0.00247840256392739,0.00518322751273372,0.053955774138437,1.23891579322389e-95,8.76405251687603e-112,0,2.27193869666264e-221,0.0152168289737353
C>G,ACA,0.000905655606397329,0.0425352781951847,0.0105103385826159,0.00245778415753136,0,0.00947084208413743,6.56904559315008e-307,0.00021181800053227,0,0.00136233706263633,0.00387688769821351,0.000764597602377115,0.0301852974259153,0,0.00225595248479552,0,0.0076861417472801,0,0,0.000843433320269958,0,1.6688053938804e-308,0,4.36678813668296e-05,0,1.34636092038113e-164,0,0,0,0.00072339410342823,0.000536979161056555,0.0241360925035126,0,0.00198660077125025,0.0101810516342531,0,1.24865489267539e-49,0.000722438372460471,0.00131846099933177,0.0153061241207295,0.0161278465950294,0.0344432834262176,0,0,1.2670108114776e-187,0.00428402394882166
C>G,ACC,6.25589218243017e-216,0.0257642625226524,0,0.000494394972631491,1.04674484273853e-162,0.0016940920064429,4.20072089545278e-195,7.30045045902143e-123,0.000456829009793639,0,0,0,0.00927449029989221,0.0203873870818485,0.000934568362079482,0.00149736820864904,0.00212706365315864,0.0023120073696924,2.26679741725642e-191,0.0016398877368633,0.000306005969681144,0.0177790121580905,1.1093113300416e-204,3.62141033334694e-05,0,0.0057915304453137,0,0.00282345264021318,0,0.000348441419792005,0.000333098051701878,0.0116381376206175,7.44768545137962e-26,0.00178077091777833,0.00380086807025357,0,0.0060830315245786,0.00363678508682775,0,0.0123606004435538,0.0163660136948168,0.00706143366097079,0,4.96828460785238e-205,0,0.00114106721170016
C>G,ACG,0,0,0,0.00024408099956844,0.00345265009572746,0,0.000818464747266368,0,0,0,0,0.000272080769944445,5.47926311656239e-120,0.000714171414990787,0,0,0.00149318557827113,0.00672159194319875,5.13921353642953e-139,0,0.0011815430855504,2.3661226338733e-241,0,0,0.0038308725056917,0,0,0.00264825176122561,0.000739940084224436,0.000502371943859614,0,0.00541814297161223,0,0,0.00247115955120274,0,0.000554364701325042,0.00116268695878743,0,0.00218071129347719,0.00742542448368261,0.00120148557973285,0,0,0.000626706511211047,0.000349256414207297
C>G,ACT,0,0.0361632362655375,2.64971046790634e-90,0.0038298673463503,0,0.00636652856891201,0.00428338683151531,4.9440101913872e-05,6.29337418816439e-69,0,0,0.000600134000002955,0.016284456094025,1.05565928841179e-115,0.00206729070551624,0,0.00261400232233548,8.16699145834556e-179,1.39902031319587e-131,0,0.000732613999768247,0,0,0.000392386158240512,0.020050726745734,0.00742126803288678,0,0.0131903502920758,0,9.72782272228638e-05,0.00943494149044439,0.0236287941827901,0,0,0.0119856587052328,0,0.0117735522776954,0.00436196306402777,0,0.0130212095422587,0.0320377584821242,0.0010530748213036,0,3.33711054579494e-116,5.91668658950426e-206,0.00443056516765651
C>G,CCA,0,0.0426759531685746,0,0.00636092775705175,0,0,0,7.40075159988927e-05,0,1.66881596151772e-308,2.13408281171634e-119,0,0,0.00253855368384551,0.000639794537444511,0,0.0104352158090574,0,0.0018527607939241,0.000933801735531377,0.00197964236641652,0,0.000424136850457184,0,0,0.00250429386093598,0,0.00298986407637068,0.000158735178912124,0.000669445853112631,0,0.00516299222585468,0,0,0.00842641427750401,0,0,0.0026410838136736,0,0.00371870642283867,0.00273539522306791,0.00330354379421612,0,0,9.53492119450113e-99,0.00113798238239522
C>G,CCC,4.46607381784171e-106,0.0285081251555831,0.00996221366354785,0.000550361786396274,0.00376431938618704,0,0,3.53686802830416e-05,0.000345291856511809,0.00221012776574318,0,0.00253508829547308,0,0.0163535397666144,0.000181698237649398,0.00794372071215697,0.00832529673837475,0,0,0.000324965572534598,0.00309280023776684,0,0,0.000164505394371439,0,0.00362813729165206,0,0.014951365415353,0.00104088938289668,0,1.17946099297256e-273,0.01751704205639,0,2.7004322814259e-28,0.00986203234298878,0,0.00422612114873672,0.000125886792132596,0,8.32561030101563e-93,0.0138248800615883,0.0372197930001162,0,0.00264385116648975,1.66606351569121e-06,0.000888224110972516
C>G,CCG,0.000239294537692979,0.00170521447768556,0.00316686729336511,0,0.00166797089739888,2.95301505645332e-20,0.000512913183068085,0,0,0.00198847162100425,0,0.000229575073495098,0,0.00147426792096887,0.000333356979750683,0.000278732182727488,0.00336684492058498,0,0.0215150360210089,0,0.00195016554334889,0.0133950350167444,0,0,0,5.33204150778305e-242,0,0,0.000421626314895984,0.000415475896776821,0.000499543620107623,0.00462724071014189,0,0,0.00328180160255274,1.6688053938804e-308,0.00784749612540217,0.00216974237259273,0,0,0.000678459678052963,0.0160529288451929,0.000105640303566487,3.83025793178527e-25,0,7.12900894771611e-05
C>G,CCT,0,0.0467634185357637,1.02090155043111e-306,0.00671906320424619,0.00100677212065684,0.00207400405725077,4.06823974011079e-59,4.3981467308439e-05,0,0,0,0.00469210803431175,0,0.0164718722143324,0,0.00422501605544691,0.0072949065858226,0.0159637828487329,0,1.07057412896595e-120,0.00186732590811506,0,9.52973960115019e-54,0,2.33775569566021e-307,0.0136875318112121,0,8.39854915262441e-13,0.00153882116294209,0,2.55093671182939e-305,1.98051859845986e-121,0,0.0097512735432031,0.0076929514193525,0,0,0.000441317413643379,3.3955962981029e-123,0.00984964752517395,0.0274578252169529,0.00196131556743928,0,0.0168766665269761,0,0.00161647970644826
C>G,GCA,0,0.0274705368266448,0,0.00105318933501327,1.55488034076236e-173,6.04744119800237e-303,0,0,0,0.000726159302843606,0.00159161791899445,0,0.0122869887671193,0.0138007563336618,0.000444140681259787,0.00295699259013007,0.00612600468272528,0,0.00679280092382111,0,0.000102312120844817,2.27097839230562e-299,0.00018780455894318,0,0,0.00433359158484883,0.00337227156921967,0.00656357289381909,0,0.000878495859175843,0,0.003632919128142,0,6.72465151625762e-137,0.00480543899174869,0.00928844919964681,0.000382786244743665,0,0,0.00302081896851792,7.15679601464284e-97,1.79597809554108e-194,0,9.6019067755808e-30,2.42685180333303e-05,0.000616699955482358
C>G,GCC,0,0.016432348388812,0.000682662156427318,0.000435076573097744,0,0.000934768438752014,1.03492543305115e-138,0,0.000481868372395632,0.000885606410203045,0,0.000215741373682969,0,0,0.000743163180503298,4.71198350031532e-30,0.00642189452986575,4.05269924130148e-256,0,0,0.00170335837802954,0,0.00140403416047673,2.68401777860962e-291,0,0.0169013989801671,0,0,3.78882061075129e-240,0.00107592403270314,3.72665789128875e-251,0.00406313072768374,2.66427223398239e-97,0.00111508216507568,0.00634626304765101,0.0270492522340058,0.000401998932725165,0,0.000801815722515476,0.00687651839706233,0.00842055817265237,0.00500872434160545,3.84276477997266e-56,0.0151021934935557,0,0.00199016794418141
C>G,GCG,0,0.00453588522383103,0,0.000176605488716989,0.000199454428287589,0.0025626863059744,0,0,0,3.25003552364922e-05,0,0.000181729190491688,0.000316176517329914,0.00556538874365005,0.000182119474903457,0,0.00428986951648767,0,1.21670642979007e-271,0.000732601980759346,0.00101013157790967,0.00666360503584365,0.000469854138686567,0,0,0.00157801184966359,0,0,0.000221954032381883,0,0,0.00437487511524624,0,0,0.0012190936549223,0,0.000993289468452827,0.000987979527921991,0.000210574916740555,0,0.000154596741145293,0.00331541622639341,2.10065977451865e-05,0,0,0.00013603854995665
C>G,GCT,0.000139704265109467,0.0310469513610398,0.000345535908628253,0.0030646479578351,0.00264322448380928,0,0.00446484517627921,0,0.000445402707592023,0.00113533072184995,0,0.00110567298640564,0,0,0,0,0.00337784103319294,0.00310608491638087,0,0,0.00116149801192695,0.00773856951823063,0.000719993203316216,1.94423965530088e-05,0,0.00338529636365879,1.91632330030369e-06,1.66880540307224e-308,0,0.000264915079430978,0.0014526346632316,0,0.00410775739859295,3.47691384809004e-99,0.00837376520016108,8.80011444063689e-126,2.99772718579001e-102,0.000952001754144786,0,0.0095467126910057,0.00496548826835148,0.0229255890987586,4.40858076765492e-158,1.09211253100633e-172,0,0.00249575912318126
C>G,TCA,0,0.0168158577840491,4.38903667830484e-37,0.319895510959517,0,3.32768150953848e-134,0.01573912382342,6.24213007487828e-05,0,0.00529730496313534,0,3.33801005632178e-56,0,4.81391511722151e-24,0,0,0.00274794050561063,0.00597149253662158,0.026629050557194,0,4.81120567323274e-221,0.0265427604669774,0,0,0,0,0,5.97949390445022e-165,0.000239828246485001,0.00176183088265905,0.00754262590578469,0.0299798746816348,0.00959415566951208,3.03836237804003e-190,3.39893179711311e-49,0,0,0.00576758589710165,0,0,7.66158257060993e-127,0.0151216415125862,0,0,0.000895566525117865,0.00125778948036632
C>G,TCC,0,0.0393442269629467,0.0142162291091148,0.0705958035664564,1.84732190281926e-122,0,1.66880539417882e-308,0,0,0,0,0.00430092136783342,3.5152076533573e-91,0.0129855244160704,1.16519818296734e-144,0,0.00564271376067222,1.13739007271537e-159,1.99497931172974e-162,0,0.00460282987749047,0,2.73618403495766e-06,0,1.73879809049671e-91,0.00283781520714473,7.48739810249521e-59,0,0.00138308032934307,0.000648994965776571,0.00652375931302473,0.0108712973190434,0,0.00592230896774435,0.00344331792537497,0,0.00700858438664163,1.00006391309341e-107,0,0.0277030767892133,0.0239759406064249,0,0,0,0.00167322118667314,0.0013604687478782
C>G,TCG,0,0,0,0.0143976846497211,0,0.00585859393459089,0,1.03522744444604e-05,0,0,0,0,0,0.00726107071799114,0.000368107246731234,0,0.00259285247988871,0.00112309720892714,1.76493489337775e-110,0,0.00136712280438032,0,0,0,0,0,0,0,3.19899013229799e-05,0.000412229155221044,0,0.00607259190749364,7.56272991182065e-150,0.000718578669871162,0.00183412961340735,0,0.00226951481083234,0.00137341807311154,0,0.000459736382671083,0.00310494303670432,0.00621580739774301,0,0,1.86938277023586e-94,0
C>G,TCT,0.00394295469033188,0.0331829979699091,0,0.405913421104457,0,0,0,0.000803047493145077,4.89146852295068e-234,1.90457987988359e-110,1.66880668704203e-308,0.0147509558164298,0,0,0.00218186885835871,0,0.0018056124915377,0,0,0.0112820629968859,1.92641877661557e-201,0,2.01030477387435e-193,1.23491474422785e-69,0,0.00896911168767657,1.6688053938804e-308,0,0,0.000205274079507109,0,2.65862873079266e-262,0,0.0103407075275343,0.00809787663630038,0,0.00423161349988938,0,1.77071817480454e-25,0.0506927226262205,0.0267460653200957,5.42872386612695e-208,0.000435335153137839,0.0117058811038449,0,0.00404925981459041
C>T,ACA,0.000679029944996397,0.00827495882870795,2.47062135725853e-167,0.00557762024812739,1.4819233088765e-95,0,1.66880540020217e-308,0.000967111624235163,1.38242231470612e-112,4.98124156690932e-173,3.46240758717125e-298,0.000981675200566468,0,0,0.0277170832292873,0,0.00539065414591125,5.81406166672142e-133,1.36906531881612e-244,3.42292338234363e-121,0.00396688232478236,0,0.00434300494504562,3.99993837921793e-72,0,0.0177599021570102,8.04209384454461e-306,0,3.0982944820695e-159,0.00369995769871896,0,0.424348950415389,0,2.12395255214866e-97,0.0423273103384882,0,0.0215439299595523,0.00190255252564848,0.00865836862621166,0.00559283170712659,0.0124687491914043,3.7227995026589e-273,0.000190952075427699,1.66880539459892e-308,0,0.0798481988272989
C>T,ACC,4.72567193525515e-88,0.00687869065119598,5.45676089114085e-194,7.08125230933596e-05,1.20282647500721e-183,2.34425790126724e-249,0.0113273026153484,9.44312994930032e-05,0.00961259595131159,4.55105270606609e-227,1.2836957097118e-197,0.00924709572336898,1.6688053938804e-308,1.84924744037116e-292,0.00620974072433299,0.945291482484226,0.00276878574532461,2.47818960214499e-156,0,0,0.0279263007250732,1.6688053938804e-308,0.0128444251666838,1.5165003542822e-67,0,2.33318323352328e-77,0,1.02922427801772e-259,0.0525662544233162,0.00146148116536357,1.13050207424407e-63,1.73144026494427e-45,0,2.65842378477993e-24,0.0158371699293393,0,2.67203911951493e-80,0.00242568190461402,9.22606391633205e-111,0,0.000262869664466681,9.16967325718082e-92,0.0209004932876465,1.6688053938804e-308,1.14136579597636e-252,0.019529690523771
C>T,ACG,1.43078320316435e-258,0.0073185854060235,3.46750364218466e-83,1.22275183597002e-50,2.90535364266638e-285,0,3.28455565170785e-201,8.72632723400558e-39,7.85855001309419e-83,1.41288072995582e-235,0,0.00102157503700091,3.48758888550508e-213,0,0.526589871191967,0,0.000713190223762521,2.17848613170498e-94,1.66880855555612e-308,1.1674840662725e-252,0.00109199717663917,1.66880539388041e-308,2.94053605593437e-156,3.08360091263247e-23,0,4.63370026391274e-225,0,6.32437770009238e-245,0.000804966371827977,0.0010577304635648,0,2.02509609652508e-147,0,2.08093099509231e-162,3.86160147472033e-60,0,2.21234651707683e-93,0.00025826524654386,1.10900321549364e-157,0,0.00244969444865174,3.57210017866262e-211,2.78839938473385e-191,0,0,0.0457554534094431
C>T,ACT,0.0148534858798694,0.0122946075610391,3.67797958214453e-159,9.34876532680343e-05,5.47104914059397e-126,1.00336644194114e-96,4.04742905700476e-164,7.77121692662727e-29,2.16896816819299e-273,1.67596536389984e-308,1.6840915428658e-129,0.00923616691298069,0,7.93125400129696e-193,0.00836857987075849,0,0.00208907907539135,5.75315525663863e-55,0,8.4602962151289e-194,8.81567046021674e-80,1.6688053938804e-308,1.60425400767193e-132,0.00274407452287001,0,1.24143709895148e-196,0,2.56277676616265e-184,0.0199686362199938,0.000930335860258837,6.08296314716846e-215,0.0418205886530305,0.884695624737271,1.50564274979573e-206,0.0280266047399064,0,0.0114678930789049,0.0338630857881229,2.74179912978964e-59,1.59923254335683e-290,0.0154846392663777,4.27270031631285e-136,0.00829137126963637,0,1.43920074361807e-184,0.0267404079018268
C>T,CCA,1.4511001015576e-71,1.60746100996907e-26,1.17180402722507e-195,0,1.52961412610797e-234,0,6.69248229823486e-294,3.90701989633995e-11,0.0119610672819463,4.50735416442151e-226,1.53439732066445e-258,7.79643498247768e-18,0,5.8418068669744e-292,4.02137147745782e-59,1.66881501832058e-308,0.0103017685415759,1.56138924120562e-122,0,2.77745651525655e-262,0.0519294297493254,0,0.888301929249191,2.66848727669077e-88,0,8.11317057342084e-110,0,0,0.15928762071706,3.76661293806965e-66,2.97690665618091e-198,6.50045997754379e-136,0,7.18109646839259e-100,1.03700111893288e-20,0,2.42571020109392e-85,1.27149653619336e-71,1.39389270859565e-190,0,8.13187629229469e-66,6.49472550728806e-183,0.0585968612289389,0,0,7.93600064742664e-09
C>T,CCC,5.00671566289437e-37,2.88209236085966e-62,1.16745207546503e-200,1.16370656807718e-33,0,0,0,6.9097909534798e-18,1.5209255094959e-210,1.04235797560474e-219,0,1.47710769428778e-47,0,0,2.63084609665789e-64,0,0.0091214726314479,1.33265299473478e-160,0,0,0.583926249874537,0,0,2.01869345897035e-75,0,1.02878326400078e-115,0,0,0.172440828622075,1.59574076693868e-56,3.01649220476744e-213,6.71004167101135e-196,0,4.9104485497232e-148,1.44795881813996e-83,0,4.87676116427046e-128,0,2.36882633997185e-207,0,1.39680120080215e-64,6.28240538433209e-253,0.0726904599482928,0,0,1.27719591947259e-71
C>T,CCG,2.7023631660856e-70,4.168582384357e-23,1.50038940505711e-153,0.0050626332699982,0.930769313736797,2.3326934968617e-219,0,0.00665741556737463,6.02408141591705e-114,3.07308239496222e-143,0,0.00172882569331576,0,1.47259466171236e-218,0.152587721881709,3.40550405922859e-297,0.00339705113482143,1.32576283279257e-101,0,1.66880548350351e-308,0.0345038359030341,0,5.0691837895716e-47,0.000361680605308293,0,2.9342000422806e-117,0,9.29525646629865e-298,0.0195290480315457,5.75001221914684e-142,2.41568884386686e-186,1.44901010020095e-111,0,3.30342451073469e-57,0.0155132722602639,0,1.85033097527195e-62,0.00563945083141529,1.24665641794866e-211,6.06733286837012e-265,7.97719548026772e-114,3.63940255044483e-141,0.00732259663881156,1.6688053938804e-308,5.7668272608755e-156,0.045158420559979
C>T,CCT,2.87860790865464e-131,0.0376411674757727,1.69308860361276e-148,0.00138657614690751,3.51723341822202e-269,0,6.4394558117829e-270,0.000293420955387001,1.07785261145723e-194,1.30738620871384e-197,8.75359817466532e-280,0.0308963653681547,0,6.16553792196573e-234,1.16879943732833e-106,0,0.0174437227837051,1.17171861674404e-142,0,1.37156174327522e-256,1.48478201565869e-113,0,1.12878821716559e-209,0.00241162246775819,0,4.08940046103361e-104,0,1.16936364740409e-280,0.315752229830747,4.03117434147592e-20,1.35738885415257e-197,1.97614477676313e-144,0,3.59036492874254e-56,0.0119460951874736,0,3.44183308977714e-93,8.77874544880876e-26,1.51646914482969e-220,1.05340844593006e-259,0.00145686739543949,4.87089826562507e-168,0.0721395045677929,0,2.94032650228869e-293,2.41592016969889e-13
C>T,GCA,2.60696712589603e-29,0.0151835471660818,4.53035744509899e-267,0.00767214872209311,1.66880539748467e-308,0,0,8.54673838557877e-216,0.000166807683937492,7.63660938772947e-165,0,4.68816552310163e-213,0,0.557716576674607,0.00676847346523439,0,0.00155577295706894,3.87785749807593e-65,1.6688053938805e-308,0,1.69413396105883e-138,2.17250658434997e-248,1.58477663613623e-174,0.000228631413392488,0,0.00992471398230619,0,0,9.10771858477794e-54,0.0017753673578532,0,5.35246366026104e-100,0,0,0.0235526042461484,0,0.019787998112758,0,3.84357397121842e-51,7.69836993069129e-168,0.00527117667752022,1.03601207893161e-137,8.83050546227822e-44,0,7.21155210022393e-174,0.075383855864269
C>T,GCC,5.1625529702308e-144,1.74788026129649e-10,4.83678488537302e-169,1.39553357363885e-19,3.42380969698061e-216,0.866978432218875,0,0,3.19595968835465e-198,1.82300746465554e-263,1.66880539829333e-308,2.85250626139031e-71,0,4.2867368993922e-189,0,1.66880544010322e-308,0.0025771896687217,4.75965815533486e-105,0,0,0.0545870055962947,0,1.62806864813092e-114,2.38315481794138e-08,0,6.79416927611995e-79,0,0,0.0329521318375888,0,0,0.0197730003715143,1.6688053938804e-308,2.65677012946169e-223,0.0224443685501859,0,0.00338839286286942,9.95090578845625e-291,3.27612430857507e-52,0,2.3324287881896e-65,1.36150162036054e-237,0.0117304634120282,0,1.6688053938804e-308,0.060476596887476
C>T,GCG,0,0,0,0,0,0,0,6.82309219822287e-05,0,0,0,0,0,1.55591037380014e-293,0.204604719939188,0,0,0,0,0,0,0,0,0,0,0,0,0,0,1.6688053938804e-308,0,3.03913802958838e-260,0,8.37309701690963e-189,1.91783369643592e-67,0,0,0,0,0,0,0,0,0,0.929688436518953,0.0773260287477144
C>T,GCT,1.22547029792083e-42,0.000543519137815505,7.71198328547138e-185,0.000488827537480809,0,7.59347555248301e-259,1.1242027169212e-282,0,0.00831492201677313,7.38652857510179e-249,0.906898315604902,0.00401357543334902,0,7.56672229202311e-304,1.11554845496854e-137,0,0.00206306513967259,4.46072796848894e-82,0,0,3.30698873950137e-142,0,8.41504739409448e-228,2.40210866019506e-27,0,3.32512408912083e-90,0,1.69511894207121e-308,0.0060163135303216,3.73269557760747e-68,1.05227460878731e-141,1.68111662294233e-30,1.6688053938804e-308,1.66184462805562e-98,0.0173390204650988,0,3.97658983789715e-51,2.01883270878515e-06,2.80538125879603e-257,0,5.82734177977757e-24,1.0186371567163e-148,0.0188599411280798,0,0,0.0560280163583838
C>T,TCA,4.34968441048565e-88,3.78274947637734e-23,4.71994298896523e-203,3.38764560398527e-110,4.72168920552078e-253,0,7.5861585990661e-306,1.04674995788476e-39,1.34115574058108e-72,1.38219938802509e-279,8.82704213120561e-304,0.0159745831376358,0,1.67016427548695e-308,7.92031511512658e-60,0,0.00464488821329152,7.45144218997977e-219,1.378138552389e-128,4.97285359051391e-305,7.37572326339677e-85,0,1.08317222460047e-162,0.783252784058125,0,1.10819397210354e-49,0,0,6.70794690052975e-34,7.28298195722493e-64,3.27689151809859e-215,4.08466509687771e-169,0,3.00751631469583e-96,1.6347483121746e-32,0,7.12048534374208e-129,3.98029083677803e-250,1.2973606277932e-202,1.30789180377854e-307,2.36207499734066e-49,3.52385557262928e-208,0.0146448106321198,0,1.3812835966871e-306,3.76926633329888e-26
C>T,TCC,1.27379131074109e-110,9.74066179812048e-14,1.46094305675076e-179,0.00265532614510409,1.6536002246345e-238,0,6.05090468439987e-263,1.98702942024823e-59,4.49208653400691e-56,5.87160766128228e-230,6.25656730908127e-285,0.0190010724536929,1.6688053938804e-308,8.11078894603907e-281,1.68936275222036e-48,0,0.00770653488411932,1.01478685705658e-150,0,0,4.94416599691213e-60,0,3.26361520521545e-134,0.109254337087659,0,6.36489410085305e-65,0,5.09242798837352e-293,1.43569828318253e-14,1.04876157085371e-95,2.90858450069386e-206,2.04966704305126e-134,0,4.71213872676098e-108,5.11501983456072e-26,0,2.06360202925802e-104,4.46342205841075e-45,3.10843962203109e-223,0,2.09006898620454e-45,6.33924748935241e-197,0.523754748254298,0,1.72613675563479e-308,2.68948260243663e-40
C>T,TCG,0.931711717144005,0,0,6.73767325203106e-116,1.42633623006824e-288,0,0,4.333436658075e-09,4.06110692381913e-137,0,0,0,0,0,3.0270088274751e-22,0,0,1.6945381574538e-308,0,0,3.23986561683789e-160,0,9.0495680754869e-285,0.0296439173437656,0,0,0,0,0.0399824323994775,1.16929481211528e-209,0,4.27746566188584e-295,0,2.61763294977591e-246,8.86162975729405e-95,0,0,9.55638261132994e-72,0,0,0,2.75911617815048e-220,0.0716221397845775,0,8.27081685079534e-282,5.27387965352261e-49
C>T,TCT,1.20310738278862e-86,2.89528049787278e-39,3.93385826496615e-187,6.43213588455049e-46,1.57568472321214e-255,0,1.67272014661293e-308,2.19142456299117e-24,0.939572470026138,5.21796413681613e-228,4.32513109907287e-294,1.49152511936942e-171,0,1.64676954971638e-296,9.20957286488925e-45,0,2.05294250085095e-13,2.99317503545138e-132,0,1.56398468048411e-293,8.39484821964942e-37,0,3.76746447461535e-150,0.0598276977288417,0,1.40178471101372e-126,0,0,0.10077144719262,6.46128929999362e-67,2.66735108439107e-295,3.41175351568734e-149,0,1.12086256412312e-117,3.54382478555912e-39,0,1.65095067140779e-96,1.59511205131256e-89,6.05297341950075e-197,0,3.29094557667762e-65,2.30347167997279e-201,0.0947047478207429,0,1.86334756979787e-293,1.2885720385501e-33
T>A,ATA,0.0133717825788688,4.39836136494176e-208,0,0,8.44244862394792e-127,0.011332798507504,0,3.65112301307129e-73,0,0.0737720385685195,0,0.0133506049697288,1.67157448370802e-308,0,4.96959232035521e-187,0.0137187240988627,0.0101164562496075,0.00280826735415075,0,7.12260309736519e-10,0.00184105711075153,0,4.07331881604408e-61,0.000493301951760547,0,0.00620536617547705,0,0,0.00230171074846279,0.0011084489714829,0.0126253177861311,0.000972491062624333,1.66880539388041e-308,0.0048258273997022,0.0115437078905045,1.6688053938804e-308,0,0,0.000448369272176936,0.0158666873438238,0.0159854822459707,0.0137294014325504,0.00214103213795834,0,0.000462418066529633,0.00485810861634804
T>A,ATC,1.58781545395056e-170,0.0106560953005909,0.00452188572288475,5.35531829639106e-05,0.0028762657620836,0.0353493169481669,0.00208249703071193,0.000111811053869638,0.00457650448795597,0.00794485006871607,0.00100333822649,0.002032960362005,3.11281348442412e-64,3.13167596261319e-149,0.00352660984854089,0,0.00339641175561818,0,4.70303019358213e-260,0.00048907260879146,0,0,0,3.22258144041494e-12,0,0.00869784981874634,0.0195015289830782,0.0024540526465463,0.000125263393966909,0.000630216399707915,0.0114913722273745,0.0133653763956991,0,0.00506394696637103,0.00992083120604446,0.00119980450751579,1.42628930593007e-191,8.95906352694636e-05,0,0.00618642125246743,0.00274461292445806,0.0257197359283374,0.000679273577180463,1.49659756530515e-159,0,0.00227464359715564
T>A,ATG,0.000394762747290887,0.0130891898107578,0,0.000868365110455642,0.00465423589705632,3.2421967209234e-222,3.46329478894026e-98,0,0,0.0627469608082943,0.00152795130207939,0,1.2278495834853e-201,0.0133009045363694,0.00189894238955458,3.72269888793693e-241,0.014890654656068,0.00754769533235726,0,0,0.00238832975420483,0,0,0.00010830896069651,1.6688053938804e-308,0.0037544982185378,0,1.26733596957642e-103,0.00195464207557041,0.000244452719951504,0.00449880837365724,0.0431966353614626,3.30439025264013e-210,0.000921421944627513,0.0151221660966979,0,2.76368818989805e-145,0.00353557763398007,0.00152180881404673,0,0.00824994396897734,0.00256709909525158,0.000699739883191365,0,0,0.00107561709475784
T>A,ATT,1.24538599332697e-305,0,1.66880539410568e-308,0,0,1.24178082333063e-221,1.66884157288482e-308,0.000449390156126858,0.00318320866613519,0,3.26757161847399e-246,0.0594652817390559,0,0,0,3.90685409349962e-308,0.00306667891747276,2.97003725780322e-157,0,1.6481304566902e-278,0.00186614747086832,0,0.0244900553513337,5.23054604931084e-166,0.87801624841028,3.43405537242781e-248,0,0,0.0128314513995281,2.50560196967126e-183,7.63514242919604e-177,1.81964049657645e-49,0,0,4.19874722463628e-132,0,1.01223331068679e-48,0.0318481256692935,1.3229251896056e-113,1.75448162049628e-164,0.00458323041214043,0,0.00479035530398638,0,6.36467426444835e-266,0.0236194468235133
T>A,CTA,3.51277071908156e-88,0.000564197346330895,9.68120824517604e-290,0.000201548706350102,0,0.000814370959717257,0,0,0.000395174093444183,0.16743088761418,0,0.00382025062158479,3.21915033927966e-115,0,0,0.000100694819069569,0.0134136748115582,0,0,0.000215602492248821,0.00133879309884007,0,0,9.52395530702728e-05,0,0,0,0.0134738801750185,0.000636128495795395,0,0,0,0,0,0.00220438612474602,0,0,0.00302879315006079,0,0.00282102670525307,0,1.37057350352994e-262,0.000231847282182043,4.49519374302508e-265,0,0.00065139728349037
T>A,CTC,0.00180062349068694,0.020299433259922,2.58060272282892e-156,0.000177793167685665,0,0,1.85898253302049e-226,0.00224824627527605,0.00145048216952786,0.0987694742851417,0.00168328072984313,0.018184383938846,0,0,0,5.51524292488391e-295,0.00978148269002258,0,0.00352035241026445,0.000520706585342651,0.00246993156402527,0.00852975586926953,0,8.52834032894579e-05,0,0.0307747015590564,0,0.0370074974325064,0.000195607371035943,0.0468996780200819,1.96604107992155e-58,3.13965356028261e-89,0,0.000262920168842479,0.000777409469402348,6.08569974770855e-191,0.000265111007574528,0,6.62563661030768e-48,0,0.00687481893458279,0,8.54871721027685e-05,0,0,0.00271606584602951
T>A,CTG,2.27704513557223e-198,1.26676661487578e-269,7.59257241616004e-169,0.000662979488887157,0,0,0.0122024648945529,0.000480991737817467,0.000441131856098326,0.245868228649186,0.00619153090032442,2.61778114062404e-174,0,3.7102646931354e-11,5.34189646115997e-05,0,0.0344544156366984,1.8762738324556e-267,1.24787569062087e-56,0,0.00173268249133348,0,2.39158661393269e-159,9.50991010655759e-05,0,0.0429869136949589,0.00230340507054046,0,2.8523303328818e-301,0.0122418751436394,0.000146590908937823,1.56973625760021e-56,1.6688053938804e-308,5.06303864790007e-234,1.75401303352663e-264,1.6688053938804e-308,2.64936854326573e-255,0.00222894477652285,3.99586924377586e-05,0.00513097166314035,0.00197122038773836,3.077125906999e-115,6.11451905058345e-05,0.00166899491165302,0,0.000932510870709141
T>A,CTT,0,0.00756884826421385,1.10711837071883e-32,0,0,0,0,0.00619479837903424,0,1.80415056657196e-16,0,0.052770880286807,0,0,0,0,0.0138320643852583,9.37499937445867e-190,0,0.00440727246560776,0,0,0,0.000518028366881799,0,0.00330076376814066,0,0,0,0.0670596162438365,1.41508458099199e-161,0,0,0,0,0.942264813293003,7.77232003878284e-48,0,0,0,8.4065988371695e-45,0,1.92399555805982e-77,0,0,0
T>A,GTA,0.000464814842258262,0.00886932894824771,0,0,0,0.000126554929328882,0,8.29855300048076e-05,0.00146172804938882,0.0457410248953313,0.000290775160161899,0.00169212957058328,0,0.000182647605332372,0,1.4058287429592e-168,0.00993278830418471,0,0.00769047874370994,0.00020257027628825,0,1.04474093342805e-15,0.00196522739223668,0.000314095798383386,0,0.0135487369066772,0,0,0.000348378231111289,0,0.000329704340081245,2.1886756947129e-177,0.0131179450621333,0.00310932200930439,0.00317240260789106,0,0.00103623799251992,0,0.000632605521145951,0.00568651635802013,0.000119017423429228,0.00622841814558022,0.000373538590083646,0,0.00356592848170868,0.00164785492959487
T>A,GTC,0,0.0131877240087113,3.40667192349382e-275,0.000157285650103503,0,0.000787285697913378,0,0.000284787725452645,0.00066533224230795,0.0124865257571428,3.88757092867433e-92,0.00272096558413093,0,0,0,0,0.0030608018102341,2.22414395751173e-184,0,0.00138877682653839,0,2.13669451181906e-100,0.00130209203064917,0.000410964754658956,2.03520190826591e-60,0.00940958354343298,0,0.0104726727118037,0.000295465962310967,0.00340515676431658,0,0.00477591526161611,0,0.0018048371527315,0.00161376268264199,0.00148201870300634,0.00386351889141745,0,0,0.00581033456921902,0.00261317979101384,0.00644381482248948,0.000125941566648668,0.00113164901659853,0,0.00240049060531483
T>A,GTG,0,0.019367249942027,7.38718248052656e-65,5.61768953722602e-05,0,0,1.41285123829952e-108,0.000198352674549523,0.000552080141553004,0.0333447646611531,0,0,0,0.00417353040369697,3.92295086804715e-05,0.000149175219412226,0.0158848946105391,0.00180289380436163,0.0062698694977876,0,0.00164991730332142,0,0.00130404575544159,0.000396509043374688,0.00239036411188444,0.0183138303228236,0.0153181632878054,0,9.19970566360218e-05,0.000535064022551614,0,1.67619209622877e-308,0,0.00144313787461283,0.00341715692912208,0,1.09387392090185e-201,0.00122274089026996,0.000374103037231721,9.13300994585324e-264,0.00135284913689892,0,0.000171667916104559,0,3.5567395314771e-33,0.00278035793940291
T>A,GTT,1.00800608364379e-116,0.0209722537110987,0.00736031321074932,0.000535566519335138,0,1.72527883224785e-192,0,0.00164650053077821,0,0.0103983358395874,0.0122741828309054,0.0265030065106434,1.18881777090755e-68,0,0.000245190532336601,7.10046161130909e-36,0.00600608457978215,0.00600222551832472,0.0103485425158408,0.00180342354049977,0,0,0.0015949648182783,0.000400010863769808,5.05897624800265e-269,0,0,0.00227050677534692,2.18784395078261e-49,0.00497226622622657,0,0,0,0,0,0,2.7354982264514e-178,0.0107265734114692,1.46022274748449e-73,0,0.00453413543249253,0,0.000240891644982168,0,0,0.00324875230380949
T>A,TTA,0,0,0,0.000115458304616118,8.88526243626656e-188,0.000779401108042199,0.00228979120262236,0.00152014124436332,0,0.0573310698590194,1.90303221675692e-128,0.0160850585538551,0,0,0.00815336457911299,1.66880564870905e-308,0.00833358765493137,0.0100880510263478,0.00931818588313911,0.0048591032885963,0.00819677677243773,2.15129252304797e-296,0.00907037664514714,1.24170968596586e-65,0.0280319212811122,0.00973356469772769,0,1.29381400753426e-145,2.69461534770114e-06,0.000695069104015579,7.05159512701949e-21,2.90877170143373e-05,0,0,0.00152266948884533,6.96773961058042e-304,0.015432369030436,0.0220321157940217,0,0.265379014293238,0.00763187441936881,0,0.000563587008893806,0,0.00227783069684096,0.00764593347264993
T>A,TTC,0,0.0121886428780245,0.00259841473598446,0,7.35023036348823e-85,0,3.19346653950255e-206,0.000416939417465418,0.000385569818551646,0.0336368086447319,0,0.0427463513799501,0.0175618357323177,0,2.48225589459967e-300,0,0.00329016580421164,3.31358510211514e-87,0.0137678596428371,0,0.0041030985770058,0.0242985869610837,0.00608017702356252,8.50502765176079e-15,0,2.90060026232292e-151,0,0,0.0030024301199012,0.00569471584347711,2.12582632493885e-304,0,0,0.00957370070049712,0,0,2.33941781683467e-11,0.000806384975450117,0.00156072761896234,0.0250186459421828,0.0242058458060038,0,0.000252106807719257,0,0,0
T>A,TTG,0,0.00522499939971666,0,0,0.00487659345097013,0,0,0,0,0.0512405033338887,0,0.0144003745782823,0,0.0072458137199138,0,0.00115173649125971,0.0117402421339024,0,0,0,0.00666574328310877,0,0.0024493232118319,0,0.021282414951275,0,0.00316818124113503,0,5.76602494306577e-215,0.00155207260472108,2.90114171535125e-132,0.00432618024034772,0,0.000636012883152899,0.00328546723573954,0,0.00200570987761167,0.00664444572729214,0.000518324229080635,0.020555100097533,0.00879761583482679,0.0263277716222714,0,0,2.65509955994755e-287,0.000448370726175279
T>A,TTT,1.70427024307957e-59,4.8673695997143e-293,2.07152147749624e-227,0.000178642650499453,0,0,0,5.58426827994401e-82,3.35822804315068e-93,0,0,0.211882801008541,0,0,8.75652329620086e-40,0,0.00330824819947515,1.54444693805727e-152,0,1.66880539422682e-308,6.4495543162547e-79,0,1.94388357612688e-134,2.7880830706721e-20,0,3.78333989712e-220,0,0,1.02504668211956e-08,1.43343743604423e-221,0.853356563142594,1.0391796561501e-285,0,0,9.85193779212439e-257,0,6.83324630207214e-96,3.58387431640697e-48,5.47128171850655e-238,0,7.29046589757426e-113,0,0.00106242262820177,0,0,0.00540033954807436
T>C,ATA,0.00713048239934798,0.015082318960083,1.65648062529447e-69,0.00211050682302645,0,0,0,1.68263366838551e-05,1.11898716543026e-34,0.0258909754180998,1.06533215558957e-188,0.00162190751512227,0,0,0.0036528496166037,0,0.00894339148293371,0,0,0.000517598826623726,0.00548615374884859,3.76366715976102e-216,0,0.000369517897239217,0,0.0166969403681616,0,0,0.000629648947091487,0.000600407497509263,7.04236852525752e-256,3.84170013865488e-272,0,6.82405890832491e-168,0.173145688806056,1.6688053938804e-308,4.32028950209804e-240,2.19444608126621e-70,0,1.27134400360445e-257,0.0285634230317083,0,5.70188859475508e-49,0,0,0.024992450156275
T>C,ATC,3.50978325004738e-88,0.00577081371207905,0,0.000495845308657285,1.68488703947996e-25,0,0.0153160447804628,0.000121237767316313,0.00101562907742944,0.00171867598781261,9.2683324911449e-214,1.03413981004881e-237,0,0.000450507280327451,0.0049340654407075,0,0.000389793534198285,0.00723902066983018,0,0,0.00112771721102608,0,1.25851803663822e-50,0.000432236293787209,0,1.1243097898408e-156,0,0.00103353742679992,0.000178427741120645,0.0126387471898163,0.0048133212367776,1.73626313624958e-120,0.0217521008098845,0.0812661901200453,0.0224070318950598,0.00524644216659626,0.00194029505492495,0.00486665675572148,0,0,0.0162611302868636,0.0110185716798182,4.32475877235458e-23,0.0279659278436483,0,0.00520049350266123
T>C,ATG,2.06234995740316e-16,1.99733899114052e-05,4.03243554035539e-134,0.00041382106408353,1.49658959282271e-212,0,2.01230917086233e-274,0,4.71526818758933e-262,4.49512208912535e-193,1.11060253729147e-193,0.000857004387580583,0,0,4.0700670101997e-100,1.66889734571516e-308,0.00497244832563117,8.76256147756598e-73,1.19589904978398e-108,0,0.00545217604515128,1.6688053938804e-308,0.00625627670745691,2.06939021172734e-42,0,0.0164551164385676,0,1.89607739401546e-233,2.03460769620359e-61,0.000474787419937396,3.43212821599166e-252,1.91329179941069e-250,0,0.0853858864591726,0.0605431360278872,0,3.44715313799431e-215,0.0115608055509272,7.54477328969309e-82,0,0.0267796372073465,0.434562008602494,0.00017758596728176,1.6688053938804e-308,0,0.0328486756414945
T>C,ATT,4.74004516087011e-32,0.0195558642634162,3.26868042948676e-163,1.95686660017955e-292,7.11664116151716e-238,2.69552327198802e-202,1.14300761955818e-159,8.27202977843176e-43,1.38560581266265e-75,0,5.75907965178553e-240,0.00300799130841709,0,6.30223746847493e-148,3.86561865116129e-16,1.2547418442726e-187,0.0010423243595577,2.00633019366703e-23,0,0,0.00678961608343895,0,2.43908664633401e-54,0.000748913437137823,0,6.46031088394026e-157,1.6688053938804e-308,2.27845574110821e-295,0.00260291370655331,0.00937828741620808,3.24056445598483e-218,5.08136219863301e-72,0,0.00716136224581102,0.0917051410815047,0,0.00239405316532243,0.059825974649206,2.18205323551043e-153,2.45554081813437e-233,0.0281533558521129,7.26734014313627e-104,0.00021185448812016,0.884286567380312,3.44417363997972e-308,0.00769547387233288
T>C,CTA,0.00169528210453245,0.00223606299394778,0,3.75554455699151e-05,0,0.0421190387200882,0.0201439230829059,0.000404082242942509,0,0.00341842036451785,0.021924375251649,0.00612986675915661,2.9464701727409e-140,0.0799050783079442,0.00106542023506278,1.67212865264451e-308,0.00509739950513889,0,0,0,0.00353332291740713,1.91204659271031e-127,0.00341614953692192,1.66881367670974e-308,0,0.0161042975641336,0,0,0.000264205596756224,0.010523875114645,0.016835244309945,2.97990551589133e-34,0,0.0854113675589302,0.0164938051901803,1.10602894084191e-17,0,0.0110990807883874,0,0.0137041515092993,0.0230704279000996,1.6688057139049e-308,0.000329555600328746,0,0,0.0115188274676063
T>C,CTC,4.38211706277448e-285,0.0166892907454585,0.00446819119502959,0,2.09272059396336e-40,1.66880539397358e-308,0,0.00360763179251837,0,1.60031162495797e-52,0,0.000785435721129322,0,1.12725770361262e-185,0.00330841013978653,0,0.00227344516544081,0.0005856151361371,2.14460786509041e-256,0,0.000266525910470839,0,0.00579844072844993,0,0,8.88786285355268e-147,0,0,0.000750754753382252,0.213308679451328,0,0,0,0.0533151426402008,0.00820620447276098,0,0.0077260846815294,0,3.38130121686219e-124,0.00442381655315289,0.012104641669363,1.90744672364049e-43,0.000339268990917258,6.57151680081542e-186,0,0.00344432927790651
T>C,CTG,0,0.0037222673702964,0,0,0,3.0555760331281e-138,0,0.0025698858559753,0.000383752006594492,0,1.88051038423007e-164,1.68336927492766e-262,0,0.0407762883043594,6.34404752592991e-168,0.000740458784798069,0.00586247462667042,0,0,2.10138356887772e-183,0.00229401734014958,7.71528013223456e-124,4.43248474692913e-286,0.000146351109067617,0,1.66880539388042e-308,0,0.0175044886725891,1.05271562693509e-20,0.113792283541008,0.00884621886938562,0.0792545332291725,2.21815133209447e-291,0.04849987569687,0.0319533414958635,2.01164906268184e-230,0,0.000537569525000099,0.00114653073699762,1.36182615036867e-157,0.00766744996675466,0.0513332814640156,0,0,0.00551290551489818,0.0316625751236366
T>C,CTT,3.38876706931184e-47,1.79824680393452e-79,3.08964441084186e-203,1.73293243695342e-290,1.52073008342943e-293,1.66880545504166e-308,0.849293600375548,0.0100855044667867,1.64093991765191e-43,8.12734095497362e-244,3.06207489115263e-219,0.0290414468194547,0,6.84012869781811e-287,1.76506214833431e-138,0,0.000746386645290586,1.27134881231872e-105,0,4.39862760493094e-264,0.0189310769760729,0,2.79847827818571e-132,0.000391084603523821,0,5.40059920647244e-146,0,0,0.00400510431580682,0.390299628093411,7.43125505964316e-182,4.46823734189203e-151,0,4.82338943843127e-119,7.84258392422265e-08,0,1.02056836407715e-79,0.0318610510244976,6.05952190383216e-226,1.66880539388712e-308,1.38742046798344e-109,4.90889896352679e-271,0.0025603371430875,0,0,0.00315252228082229
T>C,GTA,0.000744133606594359,0.00520648367568911,0.00127681581300726,0.000215557150007735,0,0,0,0,0.00148825628093517,0.00378587324769987,2.74484803528845e-146,0,3.04774324542844e-44,0,6.8482584904927e-275,0,0.00349894786145455,0.00124604866232831,1.17859042647248e-75,0.00018762965653904,0.00100666643535378,2.80375154382081e-233,0,7.828926196827e-05,0,5.29065549963607e-136,0,0,0,0,0,0.00705418907074839,1.6688053938804e-308,0.139346931280292,0.0207820544068439,0,4.32271650616465e-100,7.40204692276168e-06,0.000356932473037216,0,0.00649663457563141,0,0,0,0,0.0256655891186529
T>C,GTC,0.000112082173924019,0.00634711489807988,1.16863213520311e-71,0.000239698129214115,1.66880539531502e-308,0,0.00999777979951239,0.00101222961493057,0.00012112429917888,0.00202285897133767,0,1.02574902655644e-07,0,2.50399931070616e-65,0.00153359500156173,0.000724970912321274,0.000849377901617224,0.00534778723856163,0,0.00215387644061528,0,1.00718559818422e-92,0,0.000167574556294263,0.0037081919096977,0.000158650351198395,0.0147227706127807,0.00927767806600629,0,0.0162578883420741,8.67586565606086e-177,0.00523888393030616,0,0.0440859903708507,0.011914409496674,4.2648647398368e-05,0.00355402142019909,0.00204635055700243,4.55801172521857e-153,0.00256139712013623,0.00626730080363068,0.026079742853324,4.35166957658976e-05,1.71558772445162e-32,0.00478455531309058,0.00209271525736789
T>C,GTG,0,0.0110057649492012,0,0.000160836207604182,1.66880539388098e-308,2.3839081991343e-308,0.00628078011968323,0.000888789682262828,0.000369284826469432,0.000876816181480559,0,0.000157171447730499,0,0.0200703691105976,0.00199162626157234,0.000331165252605339,0.00181926448249945,0.00881062283544572,0,0.00244475886663661,0.00215730208825535,0,0.000495076043781397,4.18667911293863e-07,1.67017818396173e-308,0.00461825181231675,0,0.0164697585866827,4.73666674210629e-05,0.00357079347803825,1.66880539408921e-308,0.0147119213403142,2.8548465105377e-181,0.0703958386148497,0.0260717879774182,0,0.00481468752787068,0.00328265506710355,0.000688268888163812,0,0,0.0350917906157494,2.31304282170523e-05,0,0.00266734221168707,0.0187570716251733
T>C,GTT,4.88962823816482e-82,0.00770869867667177,3.43145561211703e-137,0,3.48955081869715e-194,0,0,0.000738628405636108,4.70209185478128e-52,1.73446699848345e-151,0,0.00618466051370553,0,0,0.000464882429479201,0,0.000725675620383657,1.24022694019226e-21,0,1.15986561204642e-235,0.0270955538803533,0,1.99970479073247e-160,4.64825805362442e-18,0,1.79423283989129e-207,0,0,0.00316289676889888,7.75328914668546e-89,1.49923226756454e-66,1.65602791554446e-192,0,2.37067573766144e-24,0.0179340068837952,0,1.60106255161972e-14,0.447100997007283,4.01092163538333e-137,0,3.03311785199346e-08,7.27273796309262e-213,0.00156243484761164,1.6688053938804e-308,8.91781580180425e-287,0.00390105252132333
T>C,TTA,0.00203559964005865,0.00774405573047189,5.35392055602476e-270,0,1.66880539851616e-308,1.29466393122079e-120,5.81564026777131e-281,0.00049009333268162,1.24706896432813e-75,3.15349685327534e-143,5.25546746658257e-131,0.0366230374509822,0,3.55903024050085e-69,3.70017279206688e-244,5.02439706194217e-241,0.00145905612607753,4.71377912117094e-297,0,3.53287085640324e-256,0.0196365468648267,0,4.23727948752464e-69,0.00129901183213945,1.6688053938804e-308,1.26995504133133e-157,0.92919437251313,0,0.00510052962127591,3.86324335493273e-70,4.01708846708376e-42,7.38418320509011e-07,1.6688053938804e-308,0.0642362021203284,0.0246214570541572,0,8.50775383094317e-172,0.0825830661621691,1.40494511722719e-13,1.53324444273121e-225,0.00136082709456536,1.72953655241339e-75,0.00180860881256017,0,0,0.0184846360704446
T>C,TTC,0.004533686685373,0.00583543150987464,0,4.80872211295229e-05,0.00521390591129296,0,0,0.00131777331725926,0,0,0,0.0282269122633829,0,0.0162786820515071,0.00493733971226948,1.91904456573916e-258,0,0.0118774565837173,0,5.32629346999265e-85,0.00461822269726096,0,0,1.31220241708168e-05,0.022020224264378,0,2.95336958923786e-96,0,0.00107312682658448,0.0167724067022142,3.64665622326765e-158,0,0,0.0733183591989169,0.0116367834262774,0,0.00294986783847924,0.0172877374488244,0.00211606894314795,0.0433138457436034,0.0103633535034706,0,0.000697397087696441,1.92221042636162e-298,6.03159047054788e-10,0.011496849504828
T>C,TTG,0,0.000743505375200695,0.00659546487916584,0,0,3.32342409329415e-170,7.39879534124623e-222,0.0012479582742238,4.31233207341486e-39,0.00141993556710396,0,0.0154388369596426,1.34893620774332e-68,0.0127699543193443,0,0.00792893674802683,0.00098252894808436,0,0,0.000654607365526628,0.014824970324431,0.00595875837086622,0.00577568512998722,0,1.6688053938804e-308,0,0,7.32092618200132e-18,0.00286713910376685,0.00194990777535002,9.11053830663362e-117,0.02129074237811,0,0.0568566509209742,0.0180137082761027,0,0.00472356607663391,0.0297753207735296,0.00267948010227431,0.0624216014602258,0.000666829449096528,0.0396456516788087,0.000142472379208751,1.6688053938804e-308,0,0.016882508221395
T>C,TTT,0.00766435613145254,2.02216546414374e-79,0,0.000474740079128863,1.07194269805096e-230,1.37361170313867e-40,0.00669232926022032,0.000818133057807695,0.000250032481851709,0,0.0116892599969608,0.115598110286095,0,0.04507561248177,0.00327692142042699,0,0,0,0,0,0.00683107235785523,0,0.00430085158384933,0.000243473761328464,0,0,1.42473375171945e-78,0,0.00301636199133402,0.0194149105723199,0,0.00865398477606014,1.42820367371198e-186,0.0940670557816031,0.0198109754675937,0,0,0.0518157953962112,0,0.0657071823165324,0,0.0517336251463861,0.000660967223785989,0,0.0187232952764003,0.0312084490512332
T>G,ATA,0,0.00659352709131098,0,0,0.000825084999962369,0,0.00600441659044262,0.000800948373246925,0.00103362535551809,0.00154100921685123,0.0109609131653218,0.00913665659352492,0,0,0,0,0.000934275743573102,0.00268857841719695,5.31170251459748e-275,0.00496009611377094,0,0,1.66880639156199e-308,0.000533849055559022,0.0206690358199473,4.94331155584054e-96,0.00455187926238131,0,0,0.000447367431503125,0.0298331578991206,0,0.00484871080242709,0.000474867038093018,0.0055767595183715,0,0,0.00143042087409877,0.0120178568896675,0.00269040897497991,0.019715097586403,0.00110407101974902,0.000347666952512583,0.00111380310214531,0,0.000180786965086199
T>G,ATC,4.19288057339351e-18,0.00427690932585607,2.40769748649622e-149,0,0.00632746472027036,4.86432442756256e-153,0.00391026345850899,0.00379896304384959,0,0,0.00501993226530573,0.00117676767992012,1.5332673121616e-103,0,0.000123993238146775,4.46511584007835e-193,8.78387656470036e-05,7.05576492587805e-113,3.61453143423337e-280,0.00867796807091244,0.00335161014745711,0,5.53223111799257e-288,0.000152644583772644,0,0.00045315559497695,0,0,0.000748348327982025,0.000237564659644847,0,0.00275140790277282,0.000295911519118936,0.000234787811814325,0.0018105923292948,0,0.000531852042494037,0.00394031980597919,0.0203396710877095,0,0.0227323642760788,0.00394376583233455,0.000146084384393828,0,0.000297201251390945,0.000178990695720405
T>G,ATG,0,0.0113247574909077,0,0,0.0026245134827436,0,0.00138701364499751,0.000803302471178282,0,0.00391121237322384,0,7.85710207109562e-05,0,0.0141206221392241,0.000592245719180981,7.57075556558698e-19,0.00095952243760246,0.00519714801684953,0,8.70954205440304e-84,0.00392229180630675,0,0.00115841313786814,0,0,0.00351568406604983,0.00786551113662855,0.00836061405891247,0.00140493967289124,0.000733853869085323,0.00234988648084799,0.0109837044351799,0.0326476127067852,0,0.0100649577206673,0,0.00151310564126781,0.0140756184305914,0.0108663597652276,0,0.019032238717615,0.0359088484507515,0.000290558890484542,0,1.04636207995838e-143,0.000548518557032359
T>G,ATT,0,0,1.66954680299996e-308,0.000112487471507684,0,0,0,0.0494022684841546,0,1.57937373413528e-244,0.000612509175009625,0,0,0,0,0,0,0,0.00309994504372485,0.243158362544275,4.9582292052698e-195,0,3.38728767649712e-219,5.16281763155706e-57,0,0.00121931696123018,1.6688053938804e-308,0,8.93449308699469e-05,0.0117405772247258,0,0.00479423839571286,0,0,2.95365914783106e-207,0,0,0.0190287506744904,0.123331597204176,0,0.0540499033402758,0,0.000444385106873212,0,0,0.000177259693703591
T>G,CTA,2.07718101957228e-305,0.00924176302125195,7.96807999843957e-72,0,0.000533672602423675,0.00171674634270426,0.00141332562903509,0.00160322691218333,0,0.00617563834893766,0,0.00428993591024022,0.00326363059742143,3.61634438628641e-237,0.000194084711248417,3.08334552802329e-27,0.000814657678512667,0,3.56193248435861e-239,0.00301108858729857,0.000971409959775952,1.27409857503224e-258,1.28726855622103e-20,6.93221125987066e-105,0,0,1.153872528651e-235,1.6688054044481e-308,0.000544846186455233,0.000316368048565538,0,0.00314258350385792,0,0.00271833246626529,0.00273447116265639,0,0,0.00143223211175299,0.0172147639900543,0,0.00544184800633773,3.1657797278662e-200,7.81287972101847e-05,1.6688053938804e-308,0.000314352028665776,0.000689772300703316
T>G,CTC,0.000603093728181457,0.012655890858784,0.000502399240043356,2.7989537213339e-216,0,1.26084879663781e-210,0.0067343893984444,0.0270115932414478,0.00131944872504998,0.000577606113824614,0,0.00706057443104745,0,0,5.0529793575354e-05,0,1.77690746423121e-141,0.00450532345416253,0.00397322874447027,0.077679850076587,0.0015565205792861,0.000527613288580684,0,0,0,0.000117528498931756,0,0.00125093366675068,0.00131941603067138,0.000246906327821275,0,0.0111686680938,0,0.00199735750729263,0.0036498958839464,0,0,0,0.0211810815228226,0,0.00620105776052915,0.0110272018744535,0,3.80218566592894e-199,0.00776177248892279,0.00218757759631398
T>G,CTG,0,0.0222343285656391,0.000984622164288127,1.33408055721567e-76,0.00792749986430271,0,5.06789781302016e-198,0.0133085671431039,0,0.00857078534766204,0,0.00139451221065562,0,0,0,0,0.00412367700607615,0.00981963264807608,1.2631302439467e-211,0.0211550865124347,0.00416887889227404,1.6688053938804e-308,0.000624015796466641,0,0,0,0,6.4426340431941e-112,0,0,0,0.0170521963030613,0.0093477468134735,0.0021554039069154,0.00592011158563737,0,1.97213332191406e-49,0,0.0125850019014502,0.00139917255131876,0.00321346061870469,0.00954125482436812,0,0,0.00119807798246074,0.00353999249548568
T>G,CTT,0,3.96583486003394e-20,3.04693863559374e-126,0,0,0,0,0.625570439714304,0,0,1.00595526920071e-88,0.00368042375152264,0,0,0.00101600567319337,7.03383218435898e-116,0.00141754764695525,1.09652318263329e-61,0,0,0,0,0,5.71834604231966e-144,0,3.69857054246948e-209,0,4.99395017645602e-305,0,1.08420425192704e-46,7.28199672784055e-191,2.23115877964499e-207,0,6.33376624806079e-106,0.00741757359006355,0,3.4138124077964e-20,0,0,0,2.57285842538924e-98,1.469533892688e-181,0,1.6688053938804e-308,0,2.96133545130266e-42
T>G,GTA,0,0.0094195239714781,0.00116240627040588,0,0,0,0.00463958429797823,0.000320234143804289,0,0.00259306392590881,0,0.00270636135486211,0.000855446246171661,0.000565595725913777,9.68765230543417e-06,0,0.000400581712263218,0.000468343517726432,0.00348715204228445,1.66880539748501e-308,0.000159205029088507,0.00351342721841066,0.000708457999506787,0,7.98819881264603e-37,5.47114610830983e-20,0,1.34042970480185e-238,0.000398203418623246,0.000330603094259676,0.0012066265346985,0.00207574439676184,8.22997910228257e-21,0.00242200809421094,0.00295363889659733,1.6688053938804e-308,0.000447019811765424,0,0,0.00447094519364347,0.00310836850622453,0.00374923384010904,0.000135797605316201,0,0.00407079183018912,0.000400811647262719
T>G,GTC,0,0.00376655713100864,0,0.00010430412534845,0,0,0,0.00465241820033939,0.000502486468581494,0.000141512439396573,0,0.0015965268986319,1.6688053938804e-308,0.00243548423763604,0,0.00883869248442541,0.00015784088844871,0,5.01559154825457e-115,0.0200224010432015,0.00104885597254942,0,0,2.95094489742555e-06,3.92087195592943e-301,0.000147275927068793,0,0,1.29789838122144e-238,0,0.000221854593950619,0.00359960050588642,1.14866908809827e-19,0.000911763501433553,0.00197151137432536,0.0134265712488279,0,0,0,2.62991832210801e-113,0.00545852585743746,0.00322151342163251,0.000120176955265462,0,0.00294652031591446,9.60270393509842e-05
T>G,GTG,0.0021892328659275,0.0213001276236469,0.0024002176195264,0.000914028237060514,0.000478767724119356,0,0,0.00119210314513009,0.000962028355532033,0.00263210906699591,0,0.00736691509330662,0.00548230940509413,0.0127517171187665,0.00099585066656175,2.14276045545389e-08,0.00170764437364446,0.0133717186342311,0.00126385652796581,0.00259859734103959,0.00723349616548107,0.0112427868225888,0.00296602645952676,0,0,4.02268441738367e-77,1.6688053938804e-308,0,0.00316995880592942,0.000461420343395546,0,0.00897616090448669,0.00582943623403001,0.00187981400545195,0.00503922277556873,8.2872484618379e-266,0.00551176278354319,0.00572617923223858,0.00355338060724358,0,0,2.13375773457875e-88,0,1.6688053938804e-308,0,0.000721958034840216
T>G,GTT,3.69258522652324e-26,0.000298410648878825,0,0,1.12988393964132e-43,0,2.87176574841465e-308,0.0876909827898191,4.96246976122662e-252,0,0,0.00870587828149695,0,1.32377642388992e-249,0.000175290997541954,0,4.46093354986768e-05,1.42424065130223e-128,0,0.53151631595705,0.00249844598758731,0,8.0287298885691e-188,0.000178641523962608,0,0,0,0,0.00330935434150952,1.07498741250517e-18,0.000372364810299247,0,0,0,0,0,0,0.00752547266019447,0,0.00670301852032297,0,0,0.000811717159568131,0,0,9.93466839995881e-38
T>G,TTA,0.00233986952234197,0.0107814117319775,8.81624515068664e-43,0.000239063846782274,0,0,0,0,0.000278679410081032,0.00143511541847105,8.09137174389098e-306,0.0237707631320125,2.57803101421637e-51,0.0158018048364648,0,0,2.25520318937214e-05,0,0,0,0.00173781398518543,0,0,1.48271111350615e-124,0,0.000920244715759038,0,0,4.56489192936095e-24,0,0,0,0,0.0005382932713813,0.00413598877300723,0,0,0,0.0400536695099583,0.102231764658999,0.0143233920278873,0.00358540548483295,0.000152353334031381,0.00767949966507148,0,0.000117359616443596
T>G,TTC,0.000853242675041688,0.00928060539867978,0,0.000235283793863219,0.00289838227884986,0,0,0.00781476846244471,0.000701300822455528,0,0,0.0203732100566726,0,0.00623953890903194,0.000723426540548355,0,0,0.00131138284048108,0,0.0102171145631872,0.00421602830742587,0,1.27774318805692e-32,0,0,0,0,0.00139249751191984,0.000541264287126408,0,0,0.0033654960217454,1.66880539632367e-308,0.00284369864280316,0.00724025818222109,0,0.000247010767098847,0.00129480104727007,0.0496952911955601,0.0309894438256984,0.0310678533584839,0.0128497964219236,4.35080076957411e-05,0,0.00252219379348505,0.000554732891763631
T>G,TTG,2.26018747971459e-10,0.0158051858742776,0,0,0.00969475267105692,5.39351812458761e-151,0.00566305375741199,0.00406261178996989,0,0.00344682511312328,0,0.00816823596126665,2.71531840930609e-196,0.0170975712447619,0.000182575135270715,1.6688053938804e-308,0.00236307372364679,0,0,0.00989399315208476,0.00388287172638776,0,0,0,0,0,0,0,0.000285697915447717,0.00104536307205305,0.00442941511332382,0.0208896325920524,0.0114976194291546,0.00179530592975148,0.00603918174841621,0,0.00204334484737324,0.000465611033664707,0.0107773511999899,0.05017144530513,0.017082659817362,0.0103931329758252,0,2.36953616955033e-274,0.00128594651936548,0.00185830670737155
T>G,TTT,5.7644197606327e-16,0.0114038837607653,0,0,8.27059578505149e-203,2.29571961111176e-249,7.66286961366803e-115,0.119539565774561,0.000714710305183288,0,0,0.0205035121681439,0,2.89082422220733e-269,0.00132445687252761,0,1.53624188131766e-241,6.86990781746771e-231,0,0.0304137466926859,2.14691042270822e-59,0,9.36220740235631e-233,0.000220329475381514,0,0.00161612475188709,0,0,1.52805652918589e-189,0.00666570978347065,0.0126409682510804,2.33503504739863e-220,0,1.60919711941883e-23,0.00838149900681019,0,7.91505937086358e-176,1.81219170963983e-07,0.637190087062104,0.0698097903051502,6.94510542752057e-98,1.03500346435943e-210,3.36436225951885e-82,1.6688053938804e-308,4.27491407716087e-208,0.00876031745423269
