Mutation type,Trinucleotide,hdp.1,hdp.2,hdp.3,hdp.4,hdp.5,hdp.6,hdp.7,hdp.8,hdp.9,hdp.10,hdp.11,hdp.12,hdp.13,hdp.14,hdp.15,hdp.16,hdp.17,hdp.18,hdp.19,hdp.20
C>A,ACA,0.00179918494052734,0.000423095905399084,0.00145563027954056,0.000622310000550101,0.010928955331778,0.017637474467221,0.0230864350447854,0.0308788144773399,0.0060730738912046,0.00257625375296437,0.00155749598433428,0.00510559818111131,0.00223661175931601,0.0499092783970234,0.0448480495373115,0.000837728682151784,0.00268254745056033,0.00625462970165275,0.000544805879214614,0.0496597436099581
C>A,ACC,0.00291114511333467,0.000811626805229223,0.000838429715509085,0.000181922054927793,0.00932810915681885,0.00405670093387392,0.0181303100608817,0.0135847279991695,0.000995840329053972,0.00651447605048953,0.000463053968655026,0.000770807042616154,0.000579484419138969,0.0153910478746301,0.0349140313985008,0.00073272138311993,0.00140751740039197,0.00158723943530504,0.000975905628670894,0.038756065031603
C>A,ACG,0.000394512978428318,0.000272269264534637,0.000293098083710489,0.000161030953424092,0.00164398434194905,0.000957253079943576,0.00158409713234989,0.00286459368565632,0.000631193850019096,0.000893029823774794,9.36479543925885e-05,0.000432709548469764,0.00016148320910546,0.00216728630086546,0.0158888059398484,0.000260326316031067,0.000180249032043626,0.000564158839304626,0.000297768211456303,0.0141439870699531
C>A,ACT,0.00167881760538187,0.000572542443674231,0.000513352518541837,0.000179276189955805,0.00627784991950413,0.0079721471002076,0.0138504170623806,0.0151526138088331,0.00506070453435579,0.00852863094365773,0.000927678193273517,0.00151605707792719,0.00083199739423983,0.0203497723169993,0.0318685632616531,0.00615182247785371,0.000391957395161991,0.00157045702859017,0.00417302102403304,0.0237984553702066
C>A,CCA,0.000657054347072226,0.000487710963750631,0.00146052488092056,0.00026262022570158,0.00679679519285066,0.00601384558785728,0.0269268963472628,0.0208987607654498,0.00188632490370833,0.00559854299721773,0.00169701124737399,0.000869183924983696,0.00131162111920094,0.0771530307955121,0.082772001418621,0.00083227265139432,0.000270238643004915,0.00688295515875913,0.0121537576932074,0.0333347667233724
C>A,CCC,0.00218458646578829,0.000531635690592264,0.000634432818702123,0.000142164414908092,0.00604403224986795,0.00524905596520737,0.0261448253150587,0.0147094534158964,0.00414687102816197,0.00210193244636891,0.00106283896498597,0.00283767107923105,0.00166990415322645,0.0201850315205936,0.0799451692019432,0.0277748188789426,0.00150397716386388,0.00490872472138022,0.00365971430391515,0.0180089278481406
C>A,CCG,0.000390997372069223,7.18229723388264e-05,0.000120108210782617,0.000112371776279398,0.00322859652292988,0.00210052426342208,0.00227083976808717,0.00237002824322952,0.000660287626584805,0.000968407816952857,0.000173915744525055,0.00225360481953234,0.000291342563953473,0.013055572773752,0.0274769479238709,0.00368417850631604,0.000255401731544543,0.00188478011385326,0.000326653175246704,0.00950528714603139
C>A,CCT,0.00103268567635692,0.00102492310134816,0.000298725693026623,0.000144557209506618,0.00514368146831783,0.00465659102052438,0.0155705661649045,0.0152503570733652,0.00149009857482153,0.00192944999016643,0.00141805989386416,0.0143771611905749,0.00188617791353304,0.0375592057570314,0.0732682756028046,0.0855759686424828,0.000503650849684049,0.00229361313584726,0.000408579782933437,0.0359006977786147
C>A,GCA,0.00185767667920141,0.000597309041068553,0.000853962127403101,0.00115794339818928,0.00978686967388662,0.00390968548385336,0.00632405663222441,0.0140707937738092,0.00314911575076591,0.00687924975034717,0.0024035076720793,0.000658891387088013,0.000737270135410467,0.118172059690418,0.0317141751771385,0.000713362243682977,0.00210641555061319,0.00188603424692779,0.000640780945156175,0.0751588619664939
C>A,GCC,0.00158914768513131,0.00046926690130428,0.000524174237857035,9.31554888202978e-05,0.00730050232344509,0.00146632978478834,0.0114230219721196,0.0102866077960748,0.00392675275557707,0.00472591034072095,0.000399583958703165,0.000516266155361851,0.00017773041370152,0.0168171517300152,0.035307581858979,0.00475762374960388,0.000997083302332723,0.000862991945067057,0.000429432726362395,0.0679348910808174
C>A,GCG,0.00111717579788905,0.000139737788737415,0.000235429538197355,0.000116443650153537,0.00223542145307279,0.00121932871876696,0.00113459071675903,0.00239425894796802,0.000747837720961522,0.00237576877544538,0.000381651371691819,0.000124166286465514,6.98312802083745e-05,0.00788982807717774,0.0161049402617016,0.000534595821775654,0.000256496843212326,0.0011722314832876,9.20424069155331e-05,0.0174366360160097
C>A,GCT,0.000639090315104514,0.00011852231378285,0.000550654477958487,0.000365668206985656,0.00611237430565871,0.00319824119753256,0.00973676873383374,0.0106008713126738,0.000869319356136583,0.00604540657863124,0.0015912762806912,0.0004622239411617,0.000151713122474456,0.0668247332392835,0.0191611229008525,0.0105376495456572,0.00018128330417431,0.00106555837044075,0.000473260278976163,0.0630427960314208
C>A,TCA,0.000463700620078535,0.00106795444391505,0.0725918645939819,0.000145839622297984,0.00654538529977047,0.0127337761385803,0.00682770609855055,0.0268864012139203,0.00445813412271311,0.00801763396128352,0.00413569793120624,0.00240304259724318,0.00298758130675557,0.0756434507557252,0.040550154171734,0.00130548436955156,0.000437653177917907,0.00304807948906044,0.0102728252268665,0.0309400280466651
C>A,TCC,0.00267973107594516,0.000628529459272011,0.0295913307093593,0.000320202266126337,0.00836580719730603,0.00643107009930153,0.017075735110615,0.0209916725171335,0.00180693853647419,0.00325304309500863,0.00106194167586399,0.0151104992302753,0.00377720302016703,0.0456698665961769,0.0446214662540438,0.00279887864689876,0.000749990135398099,0.00393686732396962,0.00811381057633255,0.03120360892863
C>A,TCG,0.00073861826370586,0.000109316293030548,0.0103969609207223,9.12489305573019e-05,0.00218651658065957,0.00293810152577224,0.00101824551375445,0.0031121562487723,0.000597766242994985,0.000663104063144051,0.000266851145791365,0.000123183580027177,0.000206818303584043,0.0131868377075013,0.0113344836874184,0.000133635177588465,0.000203095600822952,0.000202001586813413,0.000212416629049407,0.0128591266441364
C>A,TCT,0.00209976928422999,0.00144365935552837,0.034126781846069,0.00261869829391954,0.0123871040520713,0.0097368164922201,0.00792418433207566,0.0225643787095698,0.00463981904611653,0.0120583433076426,0.00372912039552293,0.00415886676630779,0.00124434945975159,0.124281312405194,0.0402988451139204,0.0154976674867296,0.000646208465896182,0.00338016626836772,0.00122217040390386,0.0303175784221807
C>G,ACA,0.00255515240957926,0.000320231832130584,0.00321765524911699,0.000410576824325889,0.0101675852166782,0.00280560582872464,0.0213147067936174,0.0118807589943102,0.00416548298222364,0.0021829981111918,0.00607640234776754,0.000574710628809415,7.15369055015836e-05,0.00075000311840247,0.00667107056314963,0.0039216436025617,0.000950109889297727,0.00221022764669348,0.00168529972889582,0.00736713614534054
C>G,ACC,0.00112396316019904,0.000230887000467725,0.000830516382521132,0.000130193333197111,0.00559244317060012,0.00125650164731319,0.0130370567622801,0.00869613588285383,0.00131671176090049,0.000856572066449874,0.0041989832051624,0.000323868170515609,0.000101495350318781,0.00292055810619398,0.00251163518189947,0.0012502527046569,0.000654003862236656,0.00169252917235594,0.0027611509694228,0.00366871836904538
C>G,ACG,0.000189715617585922,8.62436034546491e-05,0.000354607695899714,7.37174093485004e-05,0.00148799463300466,0.00205711846530697,2.64603234668314e-05,0.00229655702371707,0.000496206789694595,0.000369981950904062,0.00149100422130987,0.000245596930683766,0.000619343060699689,0.00180918747356104,0.00113198339562086,0.000368795614377345,0.000343275184693691,0.000798293996077244,0.000699725366280398,0.000510406303093799
C>G,ACT,0.00190087171643926,0.000506566495298432,0.00400996326455851,0.000198803839278884,0.00955420458750989,0.00974411178273822,0.0187877352289724,0.0148823199211726,0.00281500765844954,0.00137807271829845,0.00673181926966128,0.0017459838248645,0.000302733112894946,0.0042874669635486,0.00338504849999855,0.00429243825851134,0.000540628062253945,0.00214197312948086,0.00406678618868639,0.00452323601266509
C>G,CCA,0.000712783988705459,0.000177599350259228,0.00575626403163397,0.000172537124954612,0.00679816410076252,0.00493180526508672,0.0219583450894199,0.00750373430601361,0.00173880669019791,0.00043590228318612,0.00210230882651565,0.000126417215401974,0.000459553648695391,0.000157564713614046,0.00807185389019767,0.000929123460000874,0.000957780961366738,0.00154358411606954,0.00161206437343039,0.00645332827737574
C>G,CCC,0.000936987681560324,0.000515698867884715,0.000654607614191661,0.000164303807355052,0.00928579357465373,0.00606241002991482,0.0144956125747906,0.00943454909314065,0.00262005247899134,0.000857639866873617,0.000907410015459368,0.00183849102823549,0.00104475581586999,0.00164344762707606,0.00725906079998601,0.000878260627815589,0.000148488148480657,0.00118485418907971,0.000690223334645255,0.00872273219778437
C>G,CCG,0.000439708513564788,0.000278058650802519,0.000134269188473541,4.30887854411765e-05,0.00254178504164928,0.00240880340886025,0.0012204994133428,0.0014297801207176,0.00101912206942353,0.000439367186601938,0.00029095919323046,0.000345574030967789,0.000595968187575974,0.00384045097141072,0.00332415257392077,0.000214764200596377,0.000394970274847026,0.000959679860992273,0.00147627018767808,0.00082664255096516
C>G,CCT,0.000745991560409025,0.000290473169917883,0.00629126524334338,0.000135416819444872,0.00925707613258133,0.0056328024120733,0.0225197508883067,0.0147872452247835,0.00144370307200716,0.00198798288686382,0.00510510006865185,0.00403765523906565,0.000867411001229205,0.00273261885461412,0.00616713635142425,0.00134274470081259,0.000208796000929406,0.00368535141454962,0.000803846113248896,0.011367021908498
C>G,GCA,0.000557451278676883,0.000128765813047759,0.00115454529932165,0.000112627690140203,0.0044017481921295,0.00142006725478749,0.0139181660966063,0.00484809825100798,0.00162585833359986,0.000947356894313364,0.00156695710639987,0.000166535541756232,7.25044516110461e-05,0.000413488896144137,0.00554167292634571,0.000667945421996649,0.00111046703790723,0.000874575922320338,0.000397653204290793,0.00412242975248612
C>G,GCC,0.000946459709738873,0.000284312340725734,0.000458001223923581,0.000111046711177897,0.00475152310923941,0.00352333020332317,0.00853966015205885,0.00528943649155635,0.00144588678502884,0.00133738734296932,0.0029450480480511,0.00058461073218482,0.000319467639003352,0.000944780312747145,0.00607711363705664,0.00171324375913625,0.00134861943808556,0.00089345493318271,0.000271376204929028,0.00372601053454807
C>G,GCG,0.00036587037882154,7.0093841484481e-05,0.000260278244505474,6.69826095783201e-05,0.00129058839817345,0.00076339667073869,0.00244345037548627,0.00116033423882241,0.00037630414701213,0.000508512712000606,0.000185277008260721,0.000249946070664242,0.000332313055566632,0.000397946409355268,0.00338234085356061,0.000258527679628928,0.00013290793658877,0.000311455811554539,0.000606788828796327,0.000677070472186912
C>G,GCT,0.00070630288401716,0.000316357298179181,0.00243480802786193,7.61628084628576e-05,0.00665608151791914,0.00560632452108277,0.0157120549108102,0.00645704290982048,0.0029617195779212,0.000908632785068663,0.00378725945245597,0.000988503078341198,0.000333526628070677,0.000683961638717561,0.00295194550650562,0.00202211822763732,0.000784208407220416,0.00130245070527035,0.0012288309189017,0.00567382471246956
C>G,TCA,0.000693259776400871,0.000341154315468163,0.281241081326266,0.000453573196428441,0.00746618565029274,0.00218800872625349,0.0127001912617031,0.0131255254571662,0.00470109739306324,0.000735954202257744,0.0211647675784316,0.00183401572999604,0.000275821610349112,0.00149988156901727,0.00317515221246303,0.00167296733006439,0.00325596802331066,0.00131308690256655,0.0036575320191377,0.00505277590097794
C>G,TCC,0.00115266007719532,0.000320833825835431,0.0615737438154656,0.000131271014899834,0.00744298517578862,0.00250750231504476,0.0211572223097305,0.0145744577880949,0.00145126207862066,0.00157341482030717,0.0150036109949217,0.00404775453969207,0.00170398117451449,0.00291838581268827,0.00564671829000165,0.00109450281654186,0.00102096149804547,0.00279679813124598,0.000534470336032529,0.00569590109087497
C>G,TCG,0.000215742892672439,0.000157317285756592,0.0133614184141793,6.01639269315427e-05,0.00168148704506423,0.00050315075688344,0.000168779360189985,0.00157299504440006,0.000218203324242816,0.000307744440491646,0.001288203684314,6.25877762686594e-05,0.000250894878428801,0.000892066331897566,0.00192386695465848,0.000275857716718063,0.000429997977032488,0.000794957619157601,0.000899025554532012,0.000556850312164117
C>G,TCT,0.00294379795425179,0.000741630627617071,0.368410997245028,0.00163105135265916,0.0113809856720009,0.0321528006862295,0.023751610342861,0.0245811897613639,0.00234087316806635,0.00116826083095575,0.045507165823503,0.0127220644314398,0.000457351239336199,0.00137989650838521,0.0028524242639586,0.00354126456934941,0.00133900679122391,0.00660088052587427,0.000555527868659373,0.00284732072254151
C>T,ACA,0.02507434814036,0.00134669193868261,0.00847376878686533,0.00191397976495927,0.0328593437100051,0.0077718571419212,0.0110973378710221,0.0190067692722726,0.00759945569777089,0.00506006649781619,0.0104853512074734,0.00161618689610365,0.00120340499016093,0.00825617717958128,0.00925766663196449,0.0810454390215691,0.00309039454569423,0.0131878219849049,0.00449283940459482,0.00321524588394449
C>T,ACC,0.00629168030437634,0.00296961733448814,0.000754288811700263,0.000360137624104929,0.0177408798161226,0.0124446677889373,0.0119765596700664,0.0120949509405477,0.00204227560904092,0.00367441021732463,0.00321598977660443,0.0091508229157155,0.0392176387147437,0.00471276002062941,0.00359455300589514,0.0196334440136017,0.00249559019825222,0.00408700428535357,0.00441138259432545,0.00541212244017714
C>T,ACG,0.354136567609823,0.000677060398583971,0.00970630980876777,0.0111735659726057,0.00683920550316771,0.00374964947486598,0.00613662325519778,0.00181946633009671,0.00320777364208661,0.0106182292055401,0.00522418880873825,0.000934341345790439,0.000656862085873469,0.0172907868564876,0.000929365540310803,0.01081770575069,0.0144838384650085,0.000912951437047426,0.00401654059716116,0.016948979350279
C>T,ACT,0.00962040132858578,0.00440079012378222,0.000959964533135147,0.000830131959935013,0.023468818346114,0.00480837556013931,0.00996832549514084,0.0160465507464869,0.00316201645538627,0.00774105185968885,0.00758986518798346,0.00761319277550348,0.0119183725490259,0.00841503980440943,0.00359541057237147,0.026424614095671,0.00138813604003002,0.00577328672617416,0.0283894866400109,0.00704593732740952
C>T,CCA,0.00411398290154221,0.00184073504366373,0.000830613591458899,0.000694329847955263,0.019310189094742,0.0059976849847516,0.0167455085659789,0.0203706052846527,0.00301080272753147,0.0060229173941965,0.00444366603146954,0.00399683972233284,0.120148761657369,0.0094626881197637,0.0130924180586018,0.00513678532140748,0.00219398216087958,0.00860511920846013,0.0414467708501038,0.0126537935210336
C>T,CCC,0.00210018995507638,0.000909055323636147,0.00119222558541501,0.000251851939136382,0.0185806428161657,0.00568130783074478,0.0194737329623931,0.0169025876564678,0.00602489782238794,0.00212557659860892,0.000978546569232856,0.00494015822423566,0.210559785464227,0.00553001030992357,0.0116790425794699,0.00478129160019916,0.00215284669820883,0.00446556578993032,0.00167914689820385,0.00920793472602378
C>T,CCG,0.171296140085648,0.00459224173344126,0.00835034759039287,0.00920224728538946,0.0190304399832651,0.00505715913241997,0.00246325264295274,0.00279749204944907,0.00519972306487415,0.0149173026707541,0.0144460645644652,0.0103330121211262,0.0239652276513456,0.0186459393706871,0.00306611067609,0.0102441110828022,0.00995124004718408,0.00284933769088731,0.00623671984048529,0.0107093130608546
C>T,CCT,0.0019106892956702,0.00381509187619118,0.00177556065734334,0.000321577092256327,0.0229836855115496,0.0367362971454461,0.0239845962380244,0.0217828523561675,0.00519471732271677,0.00474353994363539,0.0071120983168136,0.0249822369171362,0.14288781978014,0.00514161379465944,0.0161546544495957,0.00674038741195205,0.00233929342744476,0.0032222412363263,0.0081129391778971,0.00320011927542568
C>T,GCA,0.00540979588093623,0.000480003523072095,0.00813713686264674,0.000388949259600539,0.0201821686225568,0.00972208425505729,0.0163204974148025,0.0131257353385931,0.00344368183959748,0.00535944286968095,0.00440466034551991,0.000293258192943095,0.000588480942010084,0.00862405474321722,0.00406183822186322,0.0811769148334491,0.00271120551773125,0.0050725709847697,0.0014224632286341,0.0177266694596054
C>T,GCC,0.00182984306199153,0.00325085566480615,0.000719682429855206,0.000166372444396558,0.0237967375840112,0.0046181786008707,0.012967688717137,0.0111384804677441,0.00281292473218272,0.003497874477881,0.00764312193645866,0.000540515100718645,0.0295675893079124,0.00586422073977688,0.00376524646180478,0.0691897547325794,0.000182063637367537,0.00472506124070619,0.00238353992914712,0.0050402988922284
C>T,GCG,0.196050651256948,0.000503673403211578,0.00856554716046033,0.0102164211200659,0.0131728327363909,0.00282874299606367,0.00110139706058715,0.000379687161398089,0.00261827191298905,0.00555410942448281,0.0276613387529948,0.00014731964694173,0.000192752217601489,0.0243672857024601,0.000347604631533417,0.0515818909459294,0.011844561151312,0.00135586624335686,0.00177406113126748,0.0146100994490353
C>T,GCT,0.00169928486002342,0.00173309024379238,0.00199923842314524,0.000132524992817778,0.0180687422171286,0.0111516660796791,0.0104274763171959,0.0123771174389272,0.00404991416999957,0.00235898905450086,0.00589620557938862,0.000901686276440846,0.004632080869103,0.00523600780326082,0.00324449611151064,0.0629031647879258,0.00123762960603604,0.00503288868252603,0.0406003550289393,0.0103051079288404
C>T,TCA,0.0021892242463008,0.569586196683969,0.00517464982063099,0.00015159484067875,0.0207413544148422,0.00488307555754819,0.00239043198118979,0.0297470935430522,0.00849366938235458,0.00376702556020025,0.0100100650768173,0.0173854646350247,0.000821917408977189,0.0110977693428426,0.00204025657332612,0.00386491390902013,0.000786493857657528,0.00615731471919027,0.00182633746001617,0.0160367460395542
C>T,TCC,0.00246519125566582,0.0800595702870631,0.00486441406391903,0.000488511125402984,0.0229173124234549,0.00819530271825712,0.0117501071187508,0.0217707836441153,0.00636962211954814,0.00864358292805041,0.00635461475729458,0.0100953233213077,0.168614575125948,0.00978333196187382,0.00645182665591784,0.00380662606528061,0.000906011805689977,0.00316833744795886,0.0657031086275363,0.0129777722469192
C>T,TCG,0.0936315174493782,0.0453952613735707,0.00513526180995523,0.00521968023995303,0.018092106657452,0.00491439336619637,0.000681970991485926,0.00228171851283374,0.00296326497482884,0.00829107803714311,0.00456813850628781,0.000218937698589699,0.0478097604310413,0.0147500897915471,0.000157940238040894,0.00140311675832172,0.00514909867323545,0.000794536383621118,0.00835221761089115,0.0173757277983629
C>T,TCT,0.001638235581286,0.236008178526369,0.00221691813476005,0.000473098002264178,0.0211072868544769,0.0138819580677797,0.00592541479834942,0.0226580753965901,0.0020062947375607,0.00177117581715334,0.0104768269608146,0.000977042596499515,0.0927098211030427,0.00277195068773514,0.00691735901181248,0.00503950364168509,0.00190245761548179,0.0101208347643774,0.0349870412065452,0.0107402503958654
T>A,ATA,0.00146552939643945,0.000633627193198155,0.000234988157074521,0.000124873168379713,0.00712746499181378,0.0132886667956918,0.0051799473446866,0.00633194191929012,0.0570546764113573,0.00126848152786986,0.0090882588491214,0.0125431653803039,0.00221104157374833,0.00164596830727608,0.00957051587899544,0.0049061540414641,0.00116990462045574,0.00468686283637512,0.000754578003446904,0.00351558453320025
T>A,ATC,0.00310073822787192,0.00115283715734544,0.000395687667546337,0.000298904545932691,0.0069686596177281,0.00738382559722666,0.00630322520861613,0.00412145695075544,0.006027484682429,0.000712593344007706,0.00466309280807858,0.00267678609949526,0.000373091930468626,0.000676677965917371,0.00348606576798904,0.00249972883927946,0.00082896249974993,0.00550213070986565,0.00183524845619075,0.00122669953907823
T>A,ATG,0.00216492819354365,0.00041157156846429,0.00110742260992194,0.00016361426167455,0.00942517657740017,0.0119095027474501,0.0103010238121699,0.00652527610372091,0.0541357576086609,0.00231590657617966,0.00152297674399456,0.000493849824714387,0.00171457686895039,0.00155705797355428,0.0128213414405395,0.00138137780748918,0.000354488175900772,0.00330026554592485,0.00299953527184831,0.00517224678893484
T>A,ATT,0.000526479965456174,0.000379681912578317,0.000940675127159865,0.000727480645135185,0.00566142662209593,0.00903951420920143,0.00612389475090685,0.0111210507692439,0.0030511174294701,0.00181846412163336,0.0780215455744427,0.0511010800687427,0.00951594609667675,0.00716850538105109,0.00432992859321101,0.029097292596794,0.00155414862039247,0.00439444399900914,0.0345526074109012,0.000942801439210471
T>A,CTA,0.000568024678604353,0.000303297557087611,0.000284774896822762,0.000126358890516052,0.0034113691528513,0.00479216773832478,0.00890195794349382,0.000766563291672179,0.105455835647173,0.00028030850715508,0.003267069279416,0.00351941703091876,0.00078039335797622,0.000826287850011303,0.0145212703635145,0.00042703836695358,0.000518434857199118,0.000511882551873601,0.00181651717851765,0.00194008255892265
T>A,CTC,0.00068944022379837,0.000550883478676468,0.00042921949653878,0.00248949591606121,0.00495952167378618,0.00577502516314507,0.0188472229257411,0.00740101271763521,0.0602528417161485,0.00255690259426471,0.00291017253114824,0.0156435709937143,0.000885666632834883,0.00221941451389079,0.011639162110713,0.00296572597131113,0.0369679728958487,0.00516365838276668,0.00034362650129353,0.00139489482934949
T>A,CTG,0.00133437832594333,0.000331298269598395,0.0006096524213773,0.000614494675589856,0.00447602195256097,0.00554437357506479,0.0152867561352099,0.00309414990635168,0.15295629725051,0.000913753868733551,0.0032655518051656,0.000612099952824779,0.000851383801005222,0.00281409693885727,0.033842813335078,0.000826996985289995,0.011485901499324,0.00197189449485841,0.00168517849085263,0.000634535708677809
T>A,CTT,0.000433811031891394,0.000469166035337777,0.000518620192061373,0.00801475010150823,0.00376079615929413,0.00260093633519192,0.0143548765959319,0.00930476393076377,0.0454015774336575,0.00207464905595002,0.00930214354585938,0.0504806735905506,0.000125610668264652,0.00255919913085307,0.0116180944158402,0.000492430573975087,0.0686297514980804,0.00289389770917276,0.000430213196265441,0.00249538003187773
T>A,GTA,0.000489063373910457,0.000402008514211508,0.000130604148792866,0.000186720439817883,0.00348711412759871,0.00173801443086375,0.00781952387129244,0.00239787622256097,0.0422385867063077,0.000844782678097942,0.00265708421703666,0.00154232455542759,0.000462586397136298,0.00130443492573058,0.00951588410601122,0.00150458690610034,0.000276526276904239,0.00152739048175224,0.000182773927489057,0.00206400564321315
T>A,GTC,0.000282192706753723,0.000222355020539201,0.000304445256743347,0.000326399646788827,0.00293139779693589,0.000734746719140818,0.00816246768489038,0.00343418696817865,0.010065304441847,0.000529498259103952,0.00241321950728192,0.00243681981110682,0.000169448313630057,0.00183438061333792,0.00351606898631559,0.00244155121838352,0.00280568138325428,0.0014874161866935,0.000380702610377066,0.00165556549517436
T>A,GTG,0.000645384198152389,0.000308949253305981,0.000156808525692547,0.000243445168808943,0.00360941885018361,0.00614309499867109,0.0131576972315839,0.00441181094479966,0.0272096353750221,0.000919092870852263,0.00131381601057524,0.000190811046746495,0.000667185731892282,0.00154252307573425,0.0145868676692595,0.0028272860797682,0.000781132042801016,0.00227669669964351,0.00123383198818335,0.00246828678833542
T>A,GTT,0.000537795317810515,0.000308023848089489,0.000577337017741238,0.00153223163705304,0.00314472800633916,0.00103543545713052,0.0125339578270778,0.00583836864360882,0.00724461912954108,0.00153915803936588,0.00450451015119678,0.0208708056562033,0.000232156656587596,0.00326319300449355,0.00512201820036985,0.00338864100188877,0.00494287380404779,0.00157650750265965,0.00786219617244375,0.00166727151382711
T>A,TTA,0.00671642379928764,0.000357115153882023,0.000659917324008611,0.00132509211463028,0.00623641444798692,0.00829122752529639,0.00603301105061576,0.00741881341865773,0.0645639279635405,0.000815167560223127,0.0909846551288393,0.017278024277736,0.00306099652915425,0.0108351694564494,0.00907349008350321,0.00652944593997638,0.00116340272557793,0.00365976135570828,0.0148887060905454,0.00216718800799832
T>A,TTC,0.000572083458858509,0.000405852628268252,0.00056099015258485,0.000334881769530836,0.00385145375641701,0.00527576994974218,0.0116811019747363,0.0103426880073501,0.0250781298923571,0.00313523637887084,0.0170939383725733,0.035210743520472,0.00226737688683083,0.00221028302538841,0.0040036325297061,0.00017951293116615,0.00533705316491253,0.00676042827208465,0.0011840107298093,0.0016949511442036
T>A,TTG,0.000759131745912941,0.000156137314053211,0.000275203757355593,8.48539275245236e-05,0.00493735804196315,0.00303837045402618,0.00600203749546593,0.00477297872028908,0.0430210950709364,0.00128999007926239,0.0109754953903553,0.0125457151051169,0.0017976935744662,0.00140684524385696,0.0104397443887735,0.000721077842733937,0.00146336545025163,0.002278075288672,0.00433999611901869,0.000946623812648103
T>A,TTT,0.00305450026113258,0.0011070392054116,0.000361078658432691,0.001156370949689,0.00767497510879161,0.00577733887987897,0.0128453584543427,0.0224063003648346,0.0280192553767046,0.00572556766395231,0.0483266593716181,0.272012869895351,0.000213170042713399,0.00716299096616907,0.00557080261672176,0.013140837554029,0.00316157151370559,0.00733907186972334,0.0265784857924585,0.00364875949865229
T>C,ATA,0.00420565216400226,0.00225651256282651,0.00311919310423336,0.000275620649830465,0.0498320436625352,0.238636059263493,0.0122763598200778,0.0189855473979904,0.0266440872979931,0.000912315606938306,0.0144939903599215,0.000505283746922602,0.000821794395779898,0.00068303260753273,0.00722267734511732,0.023493723553062,0.000725376574845636,0.056518536158643,0.00545350692671207,0.020147578363542
T>C,ATC,0.00418550156818464,0.00095524553210639,0.000823961347393329,0.000382868461919082,0.0139381287305727,0.00695231742635372,0.00642311628147172,0.00740500629478655,0.00255541457354974,0.000928201862222147,0.00372312967109089,0.000681706112237505,0.000290464912103569,0.00163636717984755,0.000267347437276928,0.00487263126662646,0.0115691855352181,0.0431217239064331,0.00452373237347558,0.00317727190692347
T>C,ATG,0.00238115994272164,0.00134388370209138,0.00139364513173686,0.000127649833769446,0.0397034010168815,0.049929003720067,0.00931040372550568,0.0156243138358037,0.00729843925662915,0.00138707275044142,0.0048480003443479,0.000642218577178125,0.00134859841317896,0.00144255146446806,0.00374962598275631,0.0317359773709296,0.00124027215810395,0.0648106582164265,0.00981281778148672,0.0138841634073332
T>C,ATT,0.00767880312690835,0.00228299708374557,0.00267088912866918,0.000693680111097553,0.0369408012084286,0.118931910444761,0.0143326508679874,0.018991224266586,0.00283130151714974,0.00409205093408021,0.0152613309043541,0.00227940750344704,0.00205566644301606,0.00335801566535116,0.00058758974893881,0.00484131294866052,0.00944416631223889,0.0549015086694342,0.0489025922565247,0.0313832061851215
T>C,CTA,0.00129721020756237,0.000651549314294027,0.00049734194376475,0.000613483815839677,0.013870034345841,0.0088981768089207,0.00768158998350101,0.0104511119044971,0.00538587620107576,0.00207140207098803,0.00903935659197346,0.00710936316851328,0.0013279937026327,0.000350992763407221,0.00470544403891046,0.014322175930799,0.0110684893708792,0.0437435632936311,0.00936622987201271,0.00194536004043029
T>C,CTC,0.00332088891891832,0.000513327717148339,0.000428772860878769,0.00528034888588782,0.0103868171621795,0.00200666527489522,0.0148679502562727,0.00978255157912255,0.00162165888548125,0.0040181112026974,0.00295126309476364,0.00381426880186997,0.000727708224959495,0.00152576806662695,0.00220697562216528,0.00388606667472997,0.163111560779363,0.0394207341225915,0.000442753756358073,0.00396617937920746
T>C,CTG,0.00175130589521144,0.000971561802973644,0.000830398155434659,0.00339641767341805,0.0217318264599423,0.00949726417752063,0.00838893596566667,0.0102110806925849,0.00417270603298764,0.00245940587802341,0.00390535853542253,0.00255458522590642,0.000496940198118243,0.000284486768129897,0.00529468507490521,0.0336773673858993,0.088805139239494,0.038597027178069,0.0020065047695766,0.015141843717484
T>C,CTT,0.000731138643601959,0.00166381613841663,0.000478015756029233,0.0162506296831632,0.014392984036519,0.019450212504848,0.0168109757048728,0.0128821440924772,0.00221972748874078,0.00297521885822716,0.00694631095609943,0.0371591781514506,0.00762352999465801,0.00303959193452833,0.00186174199506894,0.00899959998627024,0.386501051536011,0.0431905049680663,0.0328811060867961,0.00442201912967597
T>C,GTA,0.00163945252194877,0.000446381534237602,0.00044076371471576,0.000116567341852926,0.0144301464072192,0.00536524940302272,0.00981925514918614,0.00553197886054128,0.00280126706420546,0.00110155599223992,0.0043787049381238,0.000123402697003292,0.000152725615713698,0.000695263712947726,0.00256327925712606,0.0253090336653581,0.000791810704160532,0.0660728186999858,0.00119483122516415,0.00530214233172164
T>C,GTC,0.00253622915562666,0.000283905674765546,0.00057648578271863,0.00113113215603896,0.00835843149116393,0.00190711643195132,0.00549949358551919,0.00424306786755766,0.00339093677122777,0.00139241175256013,0.00398512489928095,0.000340846416210385,7.90738294740718e-05,0.00174052626255714,0.000744065884484588,0.00203216854692058,0.0136400178922201,0.0267513190536082,0.00202907020036564,0.00703869436410583
T>C,GTG,0.0023212166584897,0.000418883550512249,0.000583130144978434,0.00128291324513863,0.015948418913308,0.00400556307218377,0.0105872179786909,0.00514224601084507,0.00222748806886396,0.00149346053959878,0.00340208490141755,0.00033454514316997,0.0004518156454581,0.00382868950492188,0.00203294912023851,0.0186063324456537,0.00364492311957668,0.0391283631529001,0.00265187760561866,0.00941153040665493
T>C,GTT,0.000946208925195834,0.000838087310441969,0.00050569140333836,0.00113028479681096,0.0134165510480006,0.00882659324629627,0.0105359320721353,0.00724905326450088,0.0011755431129454,0.00350399798643349,0.00329324900909261,0.00530352056971901,0.00725223831501897,0.00348706048781324,0.000398655230129183,0.0116329890537844,0.00629659847285514,0.0479700491960026,0.275667827068813,0.00560735667891346
T>C,TTA,0.00159008379333344,0.00118678575978576,0.000499378076920681,0.000932339690709446,0.0186868399637969,0.0128032938826923,0.0148359250743229,0.00963305823275466,0.00634563487189466,0.00312723877161547,0.0584334601330419,0.0309644490806941,0.00553367771098708,0.00144461787574314,0.0016567734499253,0.0226020407889753,0.00185665073444074,0.0699544180068618,0.0684699956718776,0.00370637743461841
T>C,TTC,0.00465212145902684,0.000357851635542207,0.00044482284468468,0.00133521208608144,0.00974535531965381,0.00977846339343036,0.00942927125988401,0.00745543560764284,0.000465802785315881,0.0028135451573344,0.02611798826776,0.0231828084698246,0.0017157076441101,0.00596189880530552,0.000208777533299908,0.0118002171480201,0.0141136087201827,0.0420872986715524,0.012279155716756,0.00176845581976988
T>C,TTG,0.00131593583867231,0.000376676747195349,0.000386192718868229,0.00119560254455038,0.013349935800303,0.00999183293406964,0.00581659277168274,0.0054467283109441,0.00296934577570459,0.00218193031076806,0.0248057689040048,0.0131894542213111,0.00412163287566683,0.0031913911899071,0.00133944047969326,0.0178041356001703,0.00207905627529948,0.0357763478639649,0.020979303779474,0.00122082481172096
T>C,TTT,0.00628672124228335,0.000827172972447457,0.00079083937230066,0.000972085956779777,0.0202172383622644,0.00326316692220842,0.0128702986377878,0.00921055208024096,0.00255185344154516,0.00321020032698664,0.0481543402739131,0.08799871886952,0.00314807567900588,0.0026868247898692,0.000287418265535032,0.0327238846774661,0.019219463708527,0.0547873586258148,0.0350602841393884,0.00653079649358048
T>G,ATA,0.000413140375961487,0.000606838473332501,0.00020764091833893,0.00124718624842661,0.00370886687533937,0.00919059046818353,0.00394340051084884,0.00756323463054144,0.00254459679519621,0.00984636204209204,0.00650290498013013,0.0108781087586181,0.000119046021678445,0.000675240016914379,0.000777094527689546,0.000433260947486886,0.000784010017425528,0.00224625764536515,0.00364791632683706,0.00222311193755458
T>G,ATC,0.000557807230931519,0.000361106564270804,0.000130493803512157,0.00442061906620706,0.00234449592526045,0.00269355583261133,0.00224678043444024,0.00695631001421271,0.000197407657159474,0.0163992789078363,0.00107616634753303,0.000972407940459251,0.00108676245710648,0.0004109016126055,8.59235175899117e-05,0.000198631584398916,0.000544680504464195,0.000679170501066851,0.00277376730329243,0.00135301160676725
T>G,ATG,0.00120676366421079,0.000401960482798887,0.000240379312217708,0.000898833457611739,0.00767251906616163,0.0054584473296256,0.00596835510247998,0.00802498807988771,0.00457860789033971,0.00972328169937169,0.00191786313023559,0.000739884989350384,0.00155780364591813,0.00178002204235784,0.00118492180129903,0.000836200592729353,0.000933812828946978,0.00233321406304412,0.00971506203178578,0.00377110802570286
T>G,ATT,0.00024591215763108,0.000581111247685765,0.000604781465414596,0.0599867705614006,0.0040692813140078,0.00878435611122532,0.00300112042746095,0.0191357270990246,0.00305918036985783,0.0959227784167026,0.00800697267542177,0.000352028021900649,0.000757695057437606,0.00135356086518434,8.28168342975026e-05,0.00182209883743508,0.0120496776828455,0.00136286449738343,0.0127490213305228,0.00332581237923417
T>G,CTA,0.000375959545000009,0.000156135713006123,0.000167832544689044,0.00191395133008585,0.00236487556763318,0.00196035552618552,0.00489638336869833,0.00328727791938075,0.00515547767949651,0.0144930372330022,0.00270793939756774,0.00357591601121475,0.000462198432437149,0.000167251229938238,0.00068980848062202,0.000761369302193556,0.000454746442645475,0.00184994202027914,0.0010380098162958,0.00148264653318331
T>G,CTC,0.000774893034382811,0.000359684834457231,0.000293134865470725,0.0293567519235353,0.0043223036524668,0.00154681407403197,0.00772862893567229,0.00569273584348782,0.00193880120739845,0.0193958755663837,0.00222328451284386,0.00577269649494111,0.000890237046241929,0.00185487053274159,0.000225419546695817,0.00269737342821536,0.00178018866229356,0.00157923117334441,0.000268383140737735,0.00326149443073675
T>G,CTG,0.000674294917639282,0.000177642578530587,0.000305238691857012,0.0126807621253537,0.00591930593125377,0.00183504887756112,0.0120579034524535,0.00548472214925471,0.0080895480910048,0.0094940314859478,0.00236097880678308,0.00141202963353921,0.0011384445594376,0.00240323802069961,0.00344603003761966,0.00347698461102226,0.000564358126919839,0.00150105368718714,0.000349324689323536,0.002294195052676
T>G,CTT,0.000760170710448387,0.000450718770797251,0.000183766928677069,0.541909522996639,0.00734497012922201,0.00659958186652841,0.00692628712277995,0.0138445188054222,0.00147850809801418,0.0186612288748489,0.00836349995169814,0.00288041216939033,7.21921873409995e-05,0.00349982783549301,0.000928661784403835,0.000997526754703957,0.00286079671347148,0.000890400975543208,0.00023665666031003,0.00237739682903718
T>G,GTA,0.000381002972400105,0.000168119550454989,0.00011311179453198,0.000365713702783132,0.00249606544640289,0.00101463561587982,0.00497777995713201,0.00254352015275764,0.00227119592488242,0.000409098313365647,0.00224322280495139,0.002259169062744,0.000209640510206509,0.000487538146464471,0.000411227067609534,0.000333569395593388,0.00070305110992755,0.00149934481120391,0.000303170881756029,0.00131710084268132
T>G,GTC,0.000254657257341558,0.000177194285346127,0.000186325888282071,0.00546867163082308,0.00165300005075052,0.000773784786686827,0.00206167838819336,0.00226888500558193,0.000784423312970825,0.00091872240948076,0.000479930921405219,0.00130381904687993,0.000292908616580525,0.000156644221318782,0.000101384381896599,0.000216492695188962,0.000309892795207169,0.00044600227132116,0.000159685657638754,0.000479664430361025
T>G,GTG,0.000950454927090415,0.000290447553164486,0.000770953576355835,0.00134218858227571,0.00516680443797038,0.00118574441209373,0.0119692510885135,0.00430839876172608,0.00181946968966011,0.00409351098772084,0.00135255778795958,0.00620862639896893,0.00261847547700686,0.00559605008183057,0.00215117721052291,0.000969665425923187,0.000794135832556622,0.00228277589431775,0.00413829390203634,0.00163581294607478
T>G,GTT,0.000544776835895753,0.000407511313050753,0.000193138395731527,0.11233504410991,0.00190949288423015,0.002771336850773,0.00610325208082676,0.00524247870230208,0.00057354382624686,0.00658649809947869,0.00225788292575317,0.00653105370936887,0.00215379785551661,0.00170359044184846,0.000152005471732649,0.00306720613934826,0.00658880812434461,0.000714276653618736,0.00655973587443624,0.00189312817612628
T>G,TTA,0.00055193517441917,0.000248714659785443,0.000333374111169092,2.91201538722466e-05,0.00503966444604508,0.00991779399858474,0.00677915374755502,0.00803713735248758,0.00571444102187556,0.0373935209574901,0.0424699081227401,0.0209869974127199,0.000651780694569984,0.000401920408559498,0.000169227902371417,0.000237855886327462,9.94461911842934e-05,0.00143687270908301,0.000482247048927742,0.0011190975550058
T>G,TTC,0.000958155283819755,0.000389874178336431,0.000306759880369637,0.00802956467056149,0.00660738263617812,0.00321940698377689,0.00583827358616788,0.0118881509545663,0.00449992703038949,0.035433497008252,0.018341909196109,0.0169094761638179,0.00131121186375611,0.00112665012162316,7.31906143246668e-05,0.000676552824054797,0.000162557952734129,0.00286035682958031,0.000839126383817655,0.00456954971355003
T>G,TTG,0.00111996447578008,0.000307607575846776,0.000141967085437253,0.00428488235443618,0.00678852973101246,0.00273000867584752,0.00841142684737696,0.00883703681080402,0.00414539282242422,0.00989051232083698,0.0184400567915398,0.00796810915754383,0.00105505107422789,0.000685377386607679,0.00204647429304026,0.00196024814148128,0.0014906294984638,0.00152802233505697,0.000799905876845168,0.000622493060546178
T>G,TTT,0.00217221943631799,0.000936588530397422,0.000318742852400863,0.1101916688471,0.0130198285143293,0.0214245565735319,0.00987937651851371,0.0255139219027765,0.00664057051216066,0.463659755201305,0.0869789189706093,0.0201661653004657,0.00152215820636463,0.00183631211015785,0.000185910544974325,0.00928277249169895,0.00512186636739046,0.00449221851114778,0.00137142958982813,0.00298671790384516
