Mutation type,Trinucleotide,SBS96A (SBS7a 0.921),SBS96B (SBS2 0.999),SBS96C (SBS7b 0.994),SBS96D (SBS4 0.982),SBS96E (False Positive) (SBS5 0.874),SBS96F (SBS3 0.927),SBS96G (SBS40 0.924),SBS96H (SBS44 0.999),SBS96I (SBS17b 0.999),SBS96J (SBS1 1),SBS96K (SBS12 0.995),SBS96L (SBS18 0.989),SBS96M (SBS7c 0.999),SBS96N (SBS16 0.972),SBS96O (SBS17a 1),SBS96P (False Positive) (SBS29 0.883),SBS96Q (SBS7d 0.995),SBS96R (SBS13 1),SBS96S (SBS22 0.992),SBS96T (SBS41 0.973),SBS96U (SBS28 0.985)
C>A,ACA,8.02e-06,1.6e-06,0.00246557,0.04672985,0.00615907,0.02383541,0.04253011,0.00105122,0.00012652,0.00140929,0.00756036,0.06145401,0.00411711,0.00546378,0.00226973,0.05283869,0.00028746,0.00210041,0.00990978,0.00201176,0.00828277
C>A,ACC,9.314e-05,0.0005458,0.00021563,0.03552159,0.01247666,0.02276157,0.00990074,0.00070483,0.000294,0.00214913,0.00156412,0.01234957,0.00090366,0.00562888,0.00026757,0.05818778,0.00075961,0.00036112,0.00288795,0.00238182,0.00402326
C>A,ACG,2.9e-05,0.0001668,7.996e-05,0.01730847,0.00224428,0.00050222,0.00225244,1.73e-05,7.061e-05,4.05e-06,0.00012447,0.00024549,0.00038786,0.0014835,0.00018057,0.01735752,0.00022456,0.00037849,0.00161896,9.055e-05,0.00186532
C>A,ACT,7.487e-05,0.0006115,0.00030321,0.03131346,0.00326299,0.01496481,0.01829332,0.00619621,0.00061774,0.0016406,0.00207673,0.02187873,0.00193932,0.00653266,1.454e-05,0.03259706,0.00445636,0.00011176,0.00551735,0.00115104,0.00668422
C>A,CCA,0.00045303,5.56e-06,0.00115248,0.10190122,0.00032814,0.02602211,0.01760321,6.97e-06,0.0001026,0.00037105,0.00088561,0.08593544,0,0.00562076,0.00073047,0.00985976,0.01668785,0.0012357,0.00440655,0.00259759,0.01007363
C>A,CCC,4.396e-05,0.00070003,0.00120703,0.10284237,0.00104925,0.03091273,0.00405855,0.02948428,0.00011893,0.00210802,0.00157955,0.01174137,0.00271294,0.00749201,0.00055734,0.00819472,0.00307072,0.00147185,0.00675688,0.00034198,0.00292068
C>A,CCG,8e-08,6.85e-06,0.00026992,0.03255353,0.00630459,0.00071006,1.849e-05,0.00398657,3.415e-05,2.48e-06,0.00067794,0.01161659,0.0016763,0.00187625,6.605e-05,0.00386548,0.00028316,4.91e-06,0.00109128,8.812e-05,0.00130127
C>A,CCT,5.195e-05,0.00078375,0.00146621,0.08782253,0,0.00974357,0.00851794,0.08880533,0,7.666e-05,0,0.03051266,0.01448344,0.00167951,0.00052881,0.02635737,8.7e-06,0,0.00276292,0.00083331,0.00580465
C>A,GCA,4.381e-05,4.018e-05,0.00052012,0.02717949,0.00708895,0.00113111,0.01040983,0.00075009,0.00072684,0.00140595,0.00126735,0.13874477,0.00098292,0.00653581,0.00172412,0.08228701,0.00025694,0.00067544,0.00507112,0.00340512,0.00664084
C>A,GCC,0.00014607,6.386e-05,2.549e-05,0.03022945,0.00450856,0.01068101,0.0022958,0.00555792,3.21e-06,0.00014545,0.000356,0.01191621,0.000605,0.00772402,0.00071838,0.10905532,0.00016627,0.00046592,0.00441945,0.00082099,0.00558167
C>A,GCG,1.589e-05,0.00011784,1.66e-06,0.01689493,0.00274103,1.364e-05,0.00156889,0.00079577,0.00011072,0.00038381,0.00088143,0.00728137,1.96e-06,0.00094786,0.00014858,0.02002635,4.03e-06,0.00028191,0.00010967,0.00022552,0.00095115
C>A,GCT,0,2.8e-07,0,0.01442927,0.00032169,0.00832221,0.00426859,0.01169397,0.00020563,8.871e-05,0.00043734,0.07563238,9.937e-05,0.00676133,0.00025043,0.08470607,0.00027054,4.44e-06,0.00362362,0.00289038,0.00263242
C>A,TCA,0.00027577,0.00045484,0.00258038,0.04879825,0.00160146,0.00309139,0.04120469,0.00130496,0,4.375e-05,0.00081252,0.09137636,0.00296347,0.00162762,9.758e-05,0.01172717,0.00972094,0.08170825,0.00062292,0.00334233,0.01524382
C>A,TCC,0.00073933,0.00023304,0.00316867,0.05722661,0.00855307,0.01857045,0.02571605,0.00285501,2.644e-05,0.00223873,0.00102581,0.04719578,0.0144652,0.0037367,3.114e-05,0.02290879,0.00631971,0.02922399,0.00247438,0.0003138,0.00475122
C>A,TCG,2.97e-06,0.00016058,0.00017235,0.01290239,0.00288928,0.00013506,0.0029484,4.412e-05,7.282e-05,0.00019757,0.00054151,0.01448127,4.315e-05,0.00133449,1.139e-05,0.0111652,1.07e-06,0.01127258,0.00037034,0.00026372,0.00141168
C>A,TCT,0.00033899,0.00128461,0.00098662,0.04893546,0.01277253,0.00412455,0.03365395,0.01673088,0.00240195,1.229e-05,0.00111749,0.15845824,0.00350004,0.00547205,0.00087086,0.00114328,2.821e-05,0.03347369,0.00232361,0.00554669,0.00230737
C>G,ACA,8.81e-06,0.00027932,0,0.00752567,0.01689664,0.0315713,0.01284984,0.0032102,2.647e-05,0.00220707,0.00250929,0.00071587,0.00128231,0.00532275,0.00104221,0.00560737,0.00141423,0.00412861,0.00302386,0.00620202,0.00102648
C>G,ACC,1.51e-05,9.412e-05,0.00012577,0.00260057,0.00816862,0.01852174,0.01113972,0.00070271,6.983e-05,0.00147881,0.0017355,0.0021762,7.665e-05,0.00159415,0.00078445,0.00740126,0.00281453,0.00144368,0.00157711,0.00285933,0.00043001
C>G,ACG,7.68e-06,5.322e-05,0.00054649,0.00155439,0.00317343,0,0.004763,9.053e-05,1.533e-05,0.00015097,0.00028496,0.00213773,4.827e-05,0.00085376,0.00030555,0.00090856,0.00086114,0.00019772,0.00024063,0.0008984,5.931e-05
C>G,ACT,1.707e-05,0.00046172,0.00010589,0.00347319,0.01357022,0.02618386,0.0185927,0.00343489,0.00023599,0.00211511,0.00384678,0.00340872,0.00206122,0.01072472,0.00064925,0.00675102,0.00227913,0.00411372,0.00072701,0.00968253,0.0036345
C>G,CCA,0,8.044e-05,0.00033263,0.00921942,0.00910439,0.03090385,0.00235866,0.00028923,0.00011957,8.12e-06,0.0029476,1.39e-05,2.918e-05,0.0066987,0.00092995,0.00339989,0.0015631,0.00550704,0.00448391,0.00267231,0.00016193
C>G,CCC,2.136e-05,0.00045438,0.00098864,0.00729185,0.0147098,0.02263287,0.00903646,0.00058613,2.799e-05,0.00049218,0.00268848,0.00182645,0.00225434,0.00690526,0.00045528,0.01133777,0.00025745,0.00068911,0.00284755,0.00178514,8.305e-05
C>G,CCG,4.752e-05,4.659e-05,0.00093744,0.00428975,0.00428926,0.00174143,0.00185471,0.00022001,0.0001023,0.00063616,0.00083292,0.00446462,0.00034868,0.00175394,0.0001624,0.00145737,0.00116747,0.00071656,0.00038196,0.00034564,0.00040075
C>G,CCT,9.796e-05,0.00012668,0.00094005,0.00656326,0.01090913,0.03595132,0.01374925,0.00079045,6.586e-05,0.0011523,0.00259302,0.00266234,0.0035845,0.01056495,1.31e-06,0.01588516,5.412e-05,0.00575982,0.00324622,0.0061936,0.00182919
C>G,GCA,1.312e-05,2.821e-05,9.82e-06,0.00542774,0.0069505,0.02072242,0.0010589,0.00061055,1.557e-05,8.917e-05,0.00255472,0.00023677,0.00045231,0.00139994,0.00100452,0.0046704,0.00048825,0.00159811,0.00191726,0.00265366,0.00157342
C>G,GCC,1.037e-05,0.00010451,0.00040964,0.00681912,0.00810185,0.01390122,0.00411192,0.0016192,9e-08,0.00014213,0.00119983,0.00066235,0.0003111,0.00561776,0.00120246,0.00326146,0.00014212,0.00031218,0.00106718,0.00341888,0.00139353
C>G,GCG,4.477e-05,2.725e-05,0.00037964,0.00431873,0.00273831,0.00387743,0.00033016,0.00017472,6.8e-07,0.00028578,0.00028344,0.00052615,0.00017925,0.0009825,7.04e-05,0.00011139,0.0007339,0.00038941,0.00083196,0.00017405,2.64e-06
C>G,GCT,3.952e-05,0.0001377,0.00023479,0.00277556,0.01002477,0.02335719,0.00426994,0.00208469,3.04e-06,0.0002445,0.00233184,0.00035316,0.00129596,0.00633233,0.00052227,0.00746401,0.00107319,0.0026502,0.00099073,0.00482153,0.00046411
C>G,TCA,7.42e-06,2.496e-05,1.83e-06,0.00196484,0.00449479,0.0152426,0.00042525,0.00042486,0.00018726,0.00016518,0.00186224,0.00060119,0.00107046,0.0057673,0.00337417,0.00230845,0.00382771,0.31349736,0.00277401,0.02736263,0.00055078
C>G,TCC,4.262e-05,7.91e-06,0.00137743,0.00542186,0.00515489,0.0299236,0.01362906,0.00099724,6.6e-06,8.85e-06,0.00267756,0.0039432,0.00496968,0.0066218,0.0012046,0.0083803,0.00077443,0.06420992,0.00311363,0.02077493,0.00163486
C>G,TCG,6e-08,5.904e-05,0.00042669,0.0018143,0.00219342,1.717e-05,0.00252562,0.00012124,2.103e-05,0.00013733,0.00051566,0.0004001,4.98e-06,0.00208281,0.00062578,0.00241409,0.00070848,0.0143925,0.00069315,0.00241186,0.00039783
C>G,TCT,1.592e-05,0.00100096,0.00067769,0.00027323,0.00027433,0.02999462,0.01575576,0.0030807,0.00134777,0.00207889,0.00336658,0.0002865,0.01106197,0.02671241,0.00056571,0.00728158,4.649e-05,0.36931504,0.00377435,0.04841994,0.00177351
C>T,ACA,0.00011959,7.673e-05,0.0010341,0.01025318,0.06551273,0.011522,0.03097319,0.09185575,0.00207856,0.02732458,0.01054767,0.00379035,0.00222585,0.01793097,0.00142923,0.00038975,0.0034288,0.00672028,0.0028587,0.00895733,0.0051032
C>T,ACC,0.02338543,0.00152954,0.04156206,0.00361188,0.03084693,0.01563357,0.01487383,0.01702809,0.00030706,0.00632908,0.00583662,0.00265426,0.00634968,0.00801723,0.0017006,0.01144888,0.00017739,9.555e-05,0.00146412,0.0025288,0.0043281
C>T,ACG,1.64e-06,8.53e-06,0.00040798,0.00150378,0.00303164,0.00969946,0.00271703,0.01279659,0.01594838,0.37068911,0.00102949,0.00306271,0.00020708,0.00143836,0.0007387,4.724e-05,0.00148234,0.00138953,0.00299652,0.00044708,0.01763762
C>T,ACT,0.00961612,0.00172382,0.01083106,0.00404118,0.0437626,0.01314786,0.02642777,0.03032254,0.0003961,0.01031336,0.00457463,0.00489311,0.00700196,0.00991759,0.00163978,0.0093294,0.03061786,0.00096965,0.00153318,0.00487309,0.00680874
C>T,CCA,0.06544922,0.00305702,0.10734337,0.01360059,0.01716114,0.01825876,0.02600106,0.00358277,0.00031673,0.00128076,0.00790235,0.0088621,0.00297956,0.01615116,0.00089598,0.01373766,0.04107198,4.85e-06,0.00110745,0.00897104,0.00165628
C>T,CCC,0.07240015,0,0.20371849,0.01100388,0.00580961,0.02304575,0.01722974,0.00337353,1.404e-05,7.776e-05,0.00460098,0.00027546,0.00419872,0.01346106,0.00202302,0.01318727,0.01074883,0.00142525,0.00645801,0.00194054,0.00268115
C>T,CCG,0.00780312,0.00211914,0.02335098,0.00191429,0.03216697,0.00225642,0.0023893,0.01791801,0.00931959,0.19147815,0.00036579,0.01622127,0.00864022,0.00687646,0.00306719,0.01804052,0.00529122,0.00270449,0.00459165,0.00770012,0.00108543
C>T,CCT,0.07382721,0.00097912,0.13689879,0.01842242,0.01813477,0.02819411,0.02566171,0.00493385,7.108e-05,8.461e-05,0.00755831,0.00321573,0.02032405,0.02576237,0.0015004,0.00721083,0.00649129,0.00171474,0.00287279,0.00763056,0.00281782
C>T,GCA,4.347e-05,5.99e-05,0.00059566,0.00246797,0.03368219,0.01732066,0.0156423,0.09651101,0.0003184,0.00439984,0.00593394,0.00538958,0.0006166,0.00922552,0.0015013,0.01375397,0.00050494,0.00772611,0.00155149,0.00653853,0.00546582
C>T,GCC,0.01510742,0.00088011,0.02682688,0.00204878,0.03613131,0.01168192,0.0099967,0.08356262,0.00023753,0.00089718,0.00282569,0.00337124,0.00069956,0.01595376,0.00024595,0.02235485,0.00184348,0.00063881,0.00362412,0.0079652,0.00233286
C>T,GCG,2.7e-07,2.35e-06,2.45e-06,0.00016372,0.02059331,1.73e-05,0,0.05018027,0.0090767,0.21386214,0.00356214,0.01476614,0,0.00404448,0.00320527,0.00112954,1.494e-05,0.00130406,0.0017233,0.01281013,0.00284036
C>T,GCT,0.02346189,0.00010497,0.00362006,0.0028536,0.03068589,0.00988032,0.0159797,0.06507016,1.02e-06,1.752e-05,0.00363451,0.00339212,0.00081291,0.01546692,0.000402,0.00891668,0.04027895,0.00104107,0.00183623,0.00971243,0.00348675
C>T,TCA,0.11332499,0.5518793,0,0.00299638,0.00610238,0.0001784,0.04421698,0.00224735,5.046e-05,0.00025287,0.00236272,0.0095061,0.01839917,0.03272684,0.00197245,0.00557449,0.00035012,0.00422285,0.00160591,0.00886857,0.00338074
C>T,TCC,0.4553883,0.08312621,0.1848049,0.00642028,0,0.00573708,0.02482425,0.0002685,0.00046688,0.00026556,0,0.00013934,0.01388882,0.00978197,3.304e-05,0.00173636,0.03306549,0.00241333,0.00078112,0.0071194,0.00080772
C>T,TCG,0.07916871,0.04687903,0.0567003,0,0.02513136,0,0,0.00077171,0.00512981,0.10580696,0.00202495,0.01030726,0,0.017488,0.00016671,0.00830554,0.00167074,6.989e-05,3.23e-05,0.00401007,0.00067709
C>T,TCT,0.03431335,0.28648883,0.11055756,0.00618945,0.00813732,0.00088242,0.02917526,0.00354253,0.00050074,0.00024157,0.00172538,0.00022288,0.00080313,0.03662506,0.00033027,0.01304439,0.05174436,0.00191216,0.00485117,0.03198179,0.0011826
T>A,ATA,0.00275027,0.00011936,0.00210634,0.00459439,0.00839846,0.00045699,0.00993872,0.00516638,0.00014834,0.00061485,0.00524721,0.00209163,0.01147624,0.01272817,0.00088212,0.00201859,0.00075633,7.5e-07,0.05494418,0.00565721,0.00147049
T>A,ATC,0.00031831,0.0012842,0.00041376,0.00284595,0.01054141,0.0098066,0.00370796,0.00308276,0.00040559,0.00244306,0.00359525,0.00091362,0.00424785,0.00957468,0.00140861,0.00462672,0.00132235,0.00013033,0.00751655,0.00313699,0.00039234
T>A,ATG,0.00071007,0.00019244,0.00149399,0.00778289,0.01483975,0.0092162,0.00907473,0.0001872,0.00012207,0.00117395,0.00466337,0.00251327,0.00032341,0.00757341,9.844e-05,0.00665457,0.00244847,0.00063963,0.0508781,0.00362076,0.00015314
T>A,ATT,0.00457132,0.00027651,0.00803528,0.00436153,0.00011171,0.00045048,0.01014364,0.03021962,0.00050173,3.756e-05,0.00012453,0.00525832,0.04987359,0.00146566,0.00143939,0.00058416,0.03998703,0.00029267,0.00017065,0.08338023,0.0054499
T>A,CTA,8.345e-05,0.0001834,0.00095117,0.00057113,0.00168104,0.00014661,1.715e-05,0.00021116,1.485e-05,0,0.00212291,6.03e-06,0.00369125,0.0034898,0.0001477,0.00127864,0.00169647,0.00025015,0.1272878,0.00094929,0.00031792
T>A,CTC,8.179e-05,0.00060075,0.00081395,0.00742307,0.00144221,0.02058813,0.00333431,0.00313358,0.00142127,0.00106222,0.00625462,0.00119917,0.01364819,0.0038116,0.04000131,0.00486911,0.00015654,0.00042499,0.05277708,0.0010234,0.00246871
T>A,CTG,9.055e-05,0.00021487,0.00034893,0.02058674,0.00362969,0.00513972,0.00024706,0.00060095,0.00049362,0.00079925,0.0016515,0.00086027,0.00093037,0.00178234,0.01193341,0.00154184,0.00104276,0.00029482,0.15378855,0.00059771,0.00224783
T>A,CTT,0.00055274,4.76e-06,9.2e-06,0.00344044,3.27e-06,0.0091595,0.0072869,3.644e-05,0.00664596,8.477e-05,0,0.00089405,0.04944942,0.00198325,0.07295688,0.00933126,0.00107154,0.00051895,0.07082448,0.00290682,0.00099198
T>A,GTA,0.00061208,4.786e-05,0.00028107,0.0053077,0.00456389,0.00681557,0.00150907,0.0012175,5.862e-05,0.00026126,0.00236312,0.000831,0.00161986,0.00148056,0.00016208,0.00360798,0.00012165,3e-08,0.04290339,0.00216793,0.00019692
T>A,GTC,0.00024618,0.00012168,0.00030864,0.00317449,0.00308969,0.01113573,0.00165117,0.00259033,0.00028001,5.238e-05,0.00194217,0.00230204,0.00216542,0.00110388,0.00320594,0.00284549,0.00013469,0.00025247,0.0073062,0.00238209,0.00140056
T>A,GTG,0.0003153,0.00011212,0.00054362,0.01170364,0.00408548,0.01497054,0.00138063,0.00207453,0.00012501,0.00025898,0.00293967,0.00149591,1.57e-06,0.00451847,0.00067467,0.00041622,0.00128103,8.93e-06,0.03408892,0.00066436,0.00031848
T>A,GTT,0.00033843,0.0003235,1.808e-05,0.00540858,0.00202612,0.01752161,0.00248047,0.00354517,0.00125821,3.468e-05,0.00027189,0.00316003,0.02003645,0.0012135,0.0046774,0.00173405,0.00813819,0.00011393,0.00839087,0.00353684,0.00074056
T>A,TTA,0.00037021,7.006e-05,0.0025972,0.00288099,0.00228284,0.00024282,0.00513667,0.00670701,0.00144796,0.00608984,0.00160365,0.01225442,0.01585272,0.00088047,6.334e-05,0.00226799,0.01638934,0.00032063,0.05375002,0.09609472,0.00627023
T>A,TTC,0.00045631,0.0002643,0.00213801,0.00164722,0.00021571,0.01207254,0.01377102,4.849e-05,1.054e-05,4.404e-05,0.00629459,0.00266124,0.03347632,0.00107477,0.00570648,0.00411156,0.00150787,0.00034014,0.02264896,0.01259587,0.00327603
T>A,TTG,0,4.927e-05,0.00177909,0.0038037,0.00565972,0.00389848,0.00667883,7.931e-05,0,0.00016462,0.00318345,0.00162454,0.01142048,0.00263145,0.00145526,0.00169172,0.00559706,0.00028123,0.05660607,0.00749068,0.00064399
T>A,TTT,0.00126373,0.00013509,0,0.00188896,0.00465749,0.00204911,0.01775798,0.01375532,0.00125696,0.0023912,0.00396694,0.00296052,0.2772847,0.00112436,0.00120461,0.00432226,0.02224073,0,0.02586285,0.02264659,0.00906356
T>C,ATA,0.00054202,0.00045375,0.00028719,0.00350482,0.03222953,0.0092647,0.02120542,0.02361895,4.46e-06,0.00130235,0.06653695,0.00023639,0.00060472,0.1916232,0.00064607,0.0243839,0.00494496,0.00217672,0.02656994,0.01523596,0.00174292
T>C,ATC,0.00011523,0.00048494,0.00012635,0.00034327,0.01511786,0.00771869,0.00945775,0.00270862,0.00028315,0.00316729,0.04093465,0.00293522,0.00035292,0.01513514,0.01217725,0.00438985,0.00396989,0.00042978,0.00184405,0.00639643,0.00068579
T>C,ATG,7.237e-05,0.00051994,0.00089344,0.00292472,0.05610812,0.0064959,0.01887613,0.02635913,2.439e-05,0.00102891,0.068703,0.0015113,0.00117712,0.05941845,0.00064208,0.02753357,0.01162759,0.00141639,0.00950126,0.00539323,0.00061163
T>C,ATT,0.00028936,0.00104254,0.00254005,0.00057594,0.04062688,0.01568624,0.02555224,0.00092735,0.00077921,0.00503147,0.0577923,0.00565384,0.00210229,0.11371853,0.00822087,0.01005121,0.04641897,0.00112823,0.00364671,0.01838768,0.00069229
T>C,CTA,0.00039928,0.0003441,0.00134654,0.00601503,0.01219609,0.00588915,0.01658589,0.012903,0.00069191,4.576e-05,0.04725985,3.49e-06,0.00703534,0.01244618,0.01035276,0.00186057,0.00924679,3.911e-05,0.00589262,0.00786282,0.00115669
T>C,CTC,0.00015204,0.00016088,0.00051819,0.00229835,0.00266461,0.01165551,0.00665345,0.00111496,0.00456522,0.0012532,0.04626034,0.00348,0.00252853,0.00238153,0.17815871,0.00227899,2.91e-06,0.00038446,0.00143757,0.00616138,0.00677098
T>C,CTG,1.262e-05,0.00010737,0.00041949,0.00492469,0.03270432,0.00459709,0.01074334,0.03122501,0.00373906,0.0007252,0.03854292,0.0001294,0.00218079,0.01320617,0.08516226,0.00952523,0.00134105,5.26e-06,0.00409532,0.00450501,0.00386758
T>C,CTT,0.00126413,0.00121809,0.0054806,0.00209168,0.00721029,0.00063209,0.00348668,0.00540871,0.01374637,0.00013492,0.03808618,0.00115052,0.04164533,0.00384988,0.4189258,0.00263006,0.03817334,0,0.00118582,0.00155966,0.0007607
T>C,GTA,3.336e-05,0.00015251,8.21e-05,0.00303326,0.00699901,0.00707513,0.00414673,0.02464263,2.18e-06,0.00032258,0.07386921,0.00170401,0.00038209,0.01148307,2.314e-05,0.00459769,0.00088384,0.00086007,0.00196096,0.00389012,0.00019989
T>C,GTC,2.96e-06,0.00017863,3.55e-06,0.00067286,0.00592583,0.00516813,0.00503112,0.00054649,0.00134586,0.00239375,0.03230229,0.00369491,0.00023482,0.00663542,0.01350791,0.00512563,0.00219293,3.841e-05,0.00240284,0.00376234,0.00059773
T>C,GTG,3.76e-06,1.427e-05,0.00042406,0.00162397,0.01859957,0.01180909,0.00240478,0.0171055,0.00097215,0.00103753,0.04337166,0.00590104,0.00041651,0.01095462,0.00337828,0.00971247,0.00258223,0.00042461,0.00080459,0.00157162,0.00175229
T>C,GTT,0.00076208,0.00034074,0.00736173,7.37e-06,0.00802689,0.00448166,0.00068392,0.00836329,0.00052902,3.173e-05,0.03688943,0.00031148,0.00778531,0.00210623,0.00497455,0.00297336,0.29051086,0,0.0032839,0.00168157,0.00360391
T>C,TTA,0.00246523,0.00077965,0.00540283,0.00158914,0.00208665,0.01077583,0.000887,0.01588787,0.0008791,0.00052842,0.08344832,0.00047434,0.03090073,0.0114886,0.0016225,0.01221203,0.07957391,0,0.0007426,0.0746889,0.00228804
T>C,TTC,0.0007361,2.791e-05,0.00167457,5.13e-06,0.0037861,0.00681439,0.00581899,0.00887029,0.00071104,0.00278486,0.04374335,0.00824109,0.02111311,0.00472206,0.01451072,0.00357362,0.01331985,0.00031839,0.00033556,0.02980056,0.00282881
T>C,TTG,1.878e-05,0.00057083,0.00389974,0.0007664,0.01362045,0.00356798,0.0038603,0.01836114,0.00097297,2.725e-05,0.04071312,0.00265474,0.01429776,0.00487478,0.00248863,0.00877908,0.02261198,9.26e-06,0.00253023,0.02155842,0.00263409
T>C,TTT,0.00072997,0.00036937,0.00295758,6.89e-06,0.01735454,0.00646029,2.96e-05,0.03508056,0.00075962,0.00392417,0.05843224,0.00275778,0.09878602,0.00786959,0.02130138,0.00027673,0.0376173,0.00093783,4.358e-05,0.04408824,0.00504065
T>G,ATA,0.00061001,0.00030744,2.183e-05,0.00063209,0.00364253,0.00463896,0.01217271,0.00027918,0.00131,1.789e-05,0.00192676,4.41e-06,0.01143761,0.00580946,0.00102655,0.0037741,0.00311021,9.2e-07,0.00121093,0.00728396,0.01099421
T>G,ATC,0.00036107,1.404e-05,0.0009173,0,0.00228939,0.00266542,0.01431451,0.0003031,0.00422073,0.00019417,0.00090151,0.0005351,0.00070702,0.00215476,0.00081435,0.00130393,0.00220508,9.273e-05,0.00104445,0.00174501,0.01656079
T>G,ATG,0.00024132,2.108e-05,0.00165732,0.0006321,0.01501082,0.00803462,0.01360194,0.00047976,0.00083347,0.00031414,0.00080162,0.00257952,0.00041248,0.00566824,0.00092291,0.00330557,0.0105007,9.512e-05,0.00617147,0.00211329,0.00801051
T>G,ATT,0.00033199,0.00023398,0.00042804,3.126e-05,6.586e-05,0.0008767,0.03020944,0.00130799,0.06591082,0.00023397,0.00066448,0.00064786,1.12e-06,0.00395162,0.01223876,0.00122917,0.01295262,0.00027383,0.00043167,0.00354652,0.10247141
T>G,CTA,1.557e-05,0.00044155,0.000215,0.00014531,0.00231266,0.00578228,0.00313197,0.0004744,0.00173257,4.669e-05,0.00082303,0.0002371,0.00292042,0.00371013,0.00038154,0.00125464,0.00155643,2e-08,0.00518788,0.00408326,0.0156182
T>G,CTC,0.00013956,0.00018462,0.00077655,0.0001512,0.00638144,0.00986556,0.00495978,0.00274781,0.03059243,0.00050964,0.00103806,0.00178059,0.00535692,0.00304346,0.00104719,0.00277505,0.000148,3.791e-05,0.00035919,0.00183689,0.02204275
T>G,CTG,1.2e-07,1.719e-05,0.00126803,0.00275825,0.00921928,0.01563402,0.00278354,0.00386935,0.01285721,0.00030307,0.00116698,0.00303038,0.00122241,0.0052761,1.991e-05,0.00286344,2.042e-05,0.00029964,0.0111743,0.00319572,0.01839879
T>G,CTT,0,2.18e-06,6.6e-07,0.00080749,0.00489591,0.00324061,0.01127398,4.784e-05,0.5357157,0.00067067,0.00079499,0.00136714,0.00286583,0.0041036,0.00479687,0.00254521,3.692e-05,0.00017989,0.00115465,0.00512206,0.0178563
T>G,GTA,3.634e-05,0.00020859,0.00033514,0.00031794,0.00413875,0.00681533,0.00196764,0.00020581,0.00027608,0.00014657,0.00080921,0.00125897,0.00253312,0.00135633,0.00056831,0.00153674,9.37e-05,0.00043754,0.00151786,0.00192516,0.00153151
T>G,GTC,0.00017146,3.862e-05,0.00029508,0.00011639,0.00241121,0.00368358,0.00297623,0.00027597,0.00615965,3.003e-05,0.00117928,2.481e-05,0.00167966,0.00136242,0.00040271,0.00121196,1.065e-05,1.081e-05,0.00052898,0.00077494,0.00066392
T>G,GTG,0.00030734,0.00012421,0.00267048,0.00241621,0.0084329,0.01621956,0.00130501,0.00012448,0.00134282,0.00058509,0.00186507,0.00692117,0.0061965,0.0023421,0.00105063,0.00263364,0.00350313,0.00039633,0.00211424,0.0004312,0.00378867
T>G,GTT,0.0010386,3.815e-05,0.00192918,5.428e-05,0.00017241,0.00625775,0.00479778,0.00248564,0.11176196,9.176e-05,0.00050405,0.00112969,0.00669573,0.00682638,0.00715276,0.00065333,0.00639535,1.023e-05,0.00044629,0.00392148,0.00564399
T>G,TTA,6.532e-05,0.00021237,0.00070519,0,0.00456156,0.00838936,0.00677478,7.5e-07,0,0.00024403,0.00121289,2.84e-06,0.02055647,0.00230034,4.36e-06,0.00138732,0.00021325,3.83e-06,0.00224219,0.04355806,0.0450833
T>G,TTC,0.00013353,0.00015221,0.00154393,4.29e-06,0.00819488,0.0074819,0.01741307,0.00048172,0.008366,0.00018093,0.00178308,0.00195507,0.01616745,0.00504485,0.00023717,0.0011893,0.00047318,7.438e-05,2.689e-05,0.01590737,0.03390508
T>G,TTG,0,5.839e-05,0.00126921,0.00227912,0.01084802,0.01074775,0.01170572,0.00107918,0.00466025,0.00017974,0.00224666,0.00083548,0.00765612,0.00343845,0.0009826,0.00097826,1.384e-05,3.78e-06,0.00460117,0.02327467,0.01474222
T>G,TTT,7.068e-05,0.00010099,0.00034631,0.00043537,0.00499114,0.0003836,0.00327148,0.00766968,0.11867324,8.4e-06,0.0015478,0.00051915,0.02149,0.00454183,0.00402308,0.00042723,0.00032143,8.4e-07,0.0002202,0.08684914,0.45386754
