Mutation type,Trinucleotide,W.1,W.2,W.3,W.4,W.5,W.6,W.7,W.8,W.9,W.10,W.11,W.12,W.13,W.14,W.15,W.16,W.17,W.18,W.19,W.20,W.21,W.22,W.23,W.24,W.25,W.26,W.27,W.28,W.29,W.30,W.31,W.32,W.33,W.34,W.35,W.36,W.37,W.38,W.39,W.40,W.41,W.42,W.43,W.44,W.45,W.46,W.47,W.48,W.49,W.50,W.51,W.52,W.53,W.54,W.55,W.56,W.57,W.58,W.59,W.60
C>A,ACA,1.25875150116217e-303,0.00290160944344545,0,0,0,0,0,0,0.00141508396745144,1.70420383589464e-06,0,0.0306851011780663,0,0,0,0,9.07377215786707e-53,1.12938423711947e-52,5.83705286258603e-255,0,0.0452629875666232,6.0066924014775e-238,0.0918189409751513,0.00897010678486195,0.00145189271681121,0,0,4.04526389453696e-259,0,0.00245351834207763,0.949226896586809,0,0.0634415186105235,0,0,1.08981090709508e-200,0,0,0,0.0034023605436034,0,5.31521986735358e-266,0,0,7.33384590735851e-88,0,0,0,1.13316280528079e-308,1.00539625926407e-73,8.18078144078273e-109,0,0,0.000124508937911894,7.20114433567116e-264,0,0.000518870857701199,0,4.90454378330255e-05,9.50347063442639e-251
C>A,ACC,0,0.000515715066379553,1.51224152909182e-264,0,0,0,4.66627221992187e-235,0,0.00216541226639331,5.26303674926009e-19,0,0.0267329336357156,0,0,3.67989405079908e-154,0,7.55933150218753e-73,0.00120774329995275,7.98518602973932e-87,0,0.036624730459733,0.00111106404065222,0.00798863970436332,0.00573223751229448,1.5977738675915e-15,1.11253692990486e-308,0,1.72686920352012e-15,0,0.00108140559874587,0,0,0.0263946515157621,0,0,4.0034266770737e-175,7.04624353856935e-93,0,1.47026022607136e-292,0.000702981849244655,0,5.13513673355267e-239,0,0,0.000531810535053617,0,0.951029132370588,0,0,2.23688799370684e-11,1.78630478237333e-68,0,0,0.00014091621675361,3.68754025536336e-191,0,0.000145412690344694,0,0.000157568825332269,0
C>A,ACG,1.11254007803642e-308,0.000186275206894485,0.00191510901648947,0,0,0,0,0,3.11505779164869e-05,0.000181515449003216,0,0.00172968111195865,0,3.64814286641667e-272,0.00116209942257341,0,4.75028799942171e-05,0.000112698847441042,0,1.12737843456294e-236,0.021116825301396,2.595364805788e-13,0.00122526548799,0.00343500733595503,9.32577519623067e-60,0.00340429296632295,0,0.000141338183952792,6.16542620397554e-235,0.000476029804723652,0.00194342293863745,0,0.00830404528017166,0,0,0,0.000294353358994554,5.33954959045822e-250,0,0.000132582137245951,0,0,0,0.0184611128723126,9.67303478374171e-06,0,4.93642409456657e-274,2.29896553973075e-272,0,0,0.000419446375982502,0,0.00287755559982909,0.000130716629612168,0.000940594414104732,0,4.7655588948326e-05,0,4.86580048441197e-05,0
C>A,ACT,3.19161696917928e-185,0.000481359560913212,0,0,0,0,0,0,0.0074009451776628,9.14362781831135e-286,0,0.0161852011469151,0,0,0,0,1.72789610954151e-248,0,0,0,0.031351217590489,7.54430710688942e-293,0.0305718055429193,0.00288181021014279,9.65490665329742e-25,0,0,0,0,0.00208783068920417,1.11263830158938e-308,0,0.0340287251618204,0,0,1.7598917708772e-194,1.82236518946518e-296,0,1.11253869598711e-308,0.000608861123636283,0,0,0,0,0.00458371243329659,0,0,0,3.01011272611853e-39,8.93243926148113e-263,6.51353131769211e-248,0,0.990921738950094,1.73936675090858e-92,1.11253692925376e-308,0,3.15718536583126e-110,0,0.000275090926692978,0.0185959466462493
C>A,CCA,0,7.52302193651351e-66,0,0,0,0,0,0,0,1.21300963284567e-217,0,0.0134306883406232,0,0,0,0,3.08217328305396e-229,0.00170818143676082,0,0,0.077021504706207,0,1.52617897773532e-56,1.85781141995718e-98,2.04986665223362e-164,0,0,6.69305291284205e-271,0,6.76555886548069e-39,0,0,0.0476426607756016,0,0,0.876441108163755,1.28241340037855e-196,0,0,6.33450419411117e-05,0,0,0,0,0.0138572654026502,0,0,0,0,1.67590946390803e-214,2.02993087823199e-307,0,0,0.000639929556447945,1.19198013364646e-51,0,0.000219265681133884,0,0.000509910484860019,4.62514759550664e-262
C>A,CCC,0.91923381930937,1.28870826714783e-33,2.22843951322313e-248,0,0,0,0,0,0.0258057750575132,4.55575036621237e-136,0,0.0118256985949549,0,0,0,0,5.81366971905803e-133,0.000905538750933357,0,0,0.0857578993974863,5.58951826705542e-83,3.68413512254367e-164,3.0272474805327e-199,8.52215864524488e-62,1.14664552326607e-276,0,3.29876062440455e-51,0,0.00398688982623549,0,0,1.17881973210779e-09,0,0,1.59149654119432e-31,1.03949133130436e-200,0,0,5.34908059743421e-25,0,0,0,0,3.30713770417217e-85,0,0,0,4.34940657186273e-249,7.43610333264291e-66,8.93831209705909e-171,0,0,7.00010136899392e-30,2.61125302912274e-195,0,0.000163480699601453,0,0.000304183792189998,6.5801945836958e-196
C>A,CCG,0,0.000871955475136887,0,0,0,0,0.00279113426903575,0,0.00404588091805862,0.000575013672717516,0,0,0,0,0,0.00758517150281881,0.000194566870310739,0,0.0024545278442255,0,0.0301325635664313,8.015100875841e-05,0.011540524973082,0.00626638186696571,0,0,0.00203091014143715,0,0,0.00161914271405776,0,0,0,0,0,0.0474170806916284,0,0,0,0,0,0,0,0,0,0,0,0,0.00723740992926134,5.9740560341449e-243,0.000156047032699891,0,0,0,0,0.0163367692702524,0,0,0,0.00543029057597765
C>A,CCT,0,1.62935531161571e-144,0,0,0,0,0,0,0.066994095234538,5.63004106546328e-275,0,2.60330406427822e-234,0,0,0,0,0,0,0,0,0.067035906546554,0,2.63767753342769e-154,0,6.30834748840233e-209,0,0,6.51568089323715e-290,0,0.0052600726029873,0,0,3.34234054870687e-125,0,0,0,0,0,0,0,0,0,0,0,4.84813582883399e-297,0,0,0,0.892855729336061,5.13787314695337e-269,0,0,0,1.96355933532146e-45,0,0,0,0,0.000460114770041706,0
C>A,GCA,4.38167894928988e-152,0.00111751946890025,0.000567473915370882,0,0,1.1125369292536e-308,0.0245304257927182,1.13367524372418e-263,6.51963344699265e-05,0.00272748974089069,1.34960123736558e-181,0.00524605775176302,0,0,0,9.55759061917001e-271,0.000686591010458862,0.00229305242567286,2.60097482500115e-250,8.51288255771845e-202,0.0335136558942625,0.0022435508406244,0.277624956315506,0.0145559047849143,0.000661444989668647,4.92586096457238e-239,2.63148706073205e-213,0,1.1125369292536e-308,6.4678314590136e-23,0,0,0.0136214645136163,0,0,5.300671379099e-158,4.59490075863528e-130,1.705972978628e-244,4.92447270228727e-164,0.00148235135299282,0,0,1.1125369292536e-308,0,1.04181534896183e-115,0,0,0,0.0270873324627971,0,0.000228834817611473,0,0,8.33876641495598e-227,0.00392025864987877,0,0.00111049363044839,0,0,1.9306163066749e-271
C>A,GCC,0,3.91479750602168e-51,0.0044956114098591,0,0,0,0.00166653040826795,0,0.00521455842865267,3.81153185646426e-291,0,0.016203915778092,0,0,0,0,0.00062676110894939,0.000189439076137542,0,0,0.0440268983976828,5.79290928676666e-288,0.0181388634956207,0.0106105593937641,0.000935963530588082,0.0031335564810215,0,0,0,0.00104226681831123,0,0,0.0158108275773469,0,0,0,0,5.18874930997217e-163,0.00643161497726683,0.000653178440258947,0,0,2.65616153667292e-120,0.407552523517891,0,0,0,0,2.03550023909255e-124,8.46956634854979e-66,4.77760602544208e-305,0,0,0,0.000498648271489915,0,0,0,8.90110609452124e-05,0
C>A,GCG,0,0,0,1.9387590530409e-133,0,0,0,0.0032262673311051,0.000831688391883562,0,0.00185335183118361,0.00110748486007136,0,0,0.00504801848642597,5.94360116556288e-158,0.000182543797278597,0.000254576168898929,0,2.60936175338369e-228,0.0193846166771633,0.000159640565364274,0.0143522912943003,0.00473350949827594,0,5.25681907693091e-193,0,0.000161151420329869,0,0,0,0,0.00448176768656526,0,0,0,0,0,0.00120907490575174,2.43523807373844e-290,0,0,0,0.0205029991062705,8.51654357931176e-271,0,0,0.000389354988486509,0,0,0,0,0,0.000144027401785159,0.000461459809922607,0,0.000130850778916754,0,1.70044308585688e-05,0.00133646835367898
C>A,GCT,0,0,0,0,0,0,0,0,0.0127680616250568,0,0,0.0113820833930798,0,0,0,0,5.85281910015196e-31,0,0,0,0.021337993387567,0,0.11782092852087,1.40319847877181e-123,0,0,0,0,0,0,0,0,0.00737404280519619,0,0,0.0074225765134539,0.000643280312432525,0,0,1.73635853209115e-17,1.24317641854825e-195,0,0,0.510687567997057,0.000327676421614458,0,0,0,0,0,0,0,0,0,0,0,0.000548235887122025,0,0,0.0626088579418348
C>A,TCA,0,0.00452255359188387,2.06912512574943e-186,0,0,0,0,0,0.00156777875704048,2.20617448374888e-98,0,3.84342988711038e-91,0,0,0,0,1.55823566446325e-116,0.0700532929671126,0,0,0.0424890887590159,0,0.108970152696089,8.74100133912436e-84,2.75518261235364e-15,0,0,1.17767460819501e-272,0,0.00236595150672223,0,0,0.0525354087098256,0,0,9.8814670510689e-127,9.29679858590005e-268,0,0,6.02955972178684e-205,0,0.977833739140107,0,0,1.90491302568072e-41,0,0,0,9.82772572878377e-201,2.27979117074704e-167,0,0,0,0.000643242342769925,3.44534603892697e-273,0,9.08502976031996e-184,0,0.000362640713099007,7.64286373854619e-184
C>A,TCC,0,0.0036596705354765,5.31127629110353e-264,0,0,0,7.91444257769886e-228,0,0.00274072227658854,3.91014509003167e-109,0,0.0221687960677031,0,0,8.69771051447757e-250,0,6.52949682864675e-58,0.0209841685731128,5.49182587450851e-213,0,0.0494850063014095,5.20450531138804e-49,0.0757736673346911,0.00164347687903591,0.00724282580524961,0,0,0.00124566025645604,0,0.0146056220024336,0,0,0.0337957237758425,0,0,0,5.22647316458272e-284,0.943167356522923,0,5.34249455796627e-137,0,9.25851463570618e-259,0,0,0.00718197032413324,0,0,0,0,0.00160514820184286,3.74286334551593e-53,0,0,0.000292153516509906,1.83352877555777e-38,0,3.14842884843764e-06,0,0.000547948213198677,7.69510855285212e-142
C>A,TCG,0,0.000401672468576365,0.0126919524675499,0,0,0,0,0,2.74715496291016e-149,0,0,1.20674003231274e-201,0,0,5.13977425079032e-186,0,0.000197240587054865,0.0118223200273554,0,0,0.0133460518866234,0,0.0237534664980808,0.00415267200000421,1.03345672658009e-17,0.00376532331854724,0,0,0,0,0,0,0.00462244827521331,0,0,0.00680395827097152,0,1.10521385940198e-241,0,0,0,2.32164076328419e-28,0,1.0918568499375e-191,0,0,0.01779849442954,0,0,0,0,0.000669590216164451,1.1125369292536e-308,0,0,0,5.25293607670593e-266,0,3.09139215866533e-05,0.0235476351399021
C>A,TCT,1.29812201418502e-255,0.00169350734090764,2.38690618311479e-244,0,0,0,6.48077693133909e-268,0,0.0156257398758462,7.68621440500495e-79,0,0.0102414394780944,0,0,0,0,1.49889213327905e-24,0.0308720445796152,0,0,0.0386434902974358,0,0.103633824921732,0.00545012184166432,2.36519624855659e-28,0,0,2.48938649736616e-115,0,0.00339076361117828,0,0,0.0438430997331867,0,0,1.164891643876e-121,1.99641080396704e-158,0,0,6.78185886041907e-66,0,8.04732110268617e-282,0,0,9.24076620144843e-84,0,0,0,2.7825185415043e-194,0.000211841473025172,2.22844662337441e-167,0,0,1.39119987138396e-18,8.52647476164201e-60,0,0.00254605484090858,0,0.000707105671150677,0.859565805098205
C>G,ACA,0,0,0.00691096273220942,0,0,0,0,0,0.00648970032089689,0,3.70007687803335e-214,0.0403382835289778,0,0,0.00260332853557103,0,0,0.00309902183863111,0,0.425819790223878,0.00789265415674602,0.000196205779389539,2.63288862984221e-286,0.014862195694987,0,0,0,1.55119160456332e-82,0,0.000948467185504005,0,0,0.0174341641061012,0,1.02593315702103e-206,0,0.00377350636210437,0,0.00282736028760546,0.00190495505400648,0,1.80127562298307e-165,0,0,0.00223613679557124,0,0,0,0,3.40864080833565e-21,0.000923105192778018,0,0,0,8.30940341949351e-182,1.11264079516853e-308,6.49433631888747e-224,0,2.32023645081238e-06,0.000907465487921615
C>G,ACC,0,0.000225615698814622,8.37276901888867e-05,0,0,0.00633432101488885,0.000784787942587346,0,0.00152108885169564,0,0,0.0273359870450377,0,0,0.00195611526674133,0,1.40002747512101e-119,0.00125769262321365,0.00448648822609595,0.0326784875967457,0.00324017559289952,0.000551880602240555,0.00371053595010568,0.0106588781048282,0,0,0,0.000209284687569344,3.38838069202186e-119,0.000281204093150546,0,0,0.0208962144871913,1.1125369292536e-308,0,0.0073993168680638,0.000926190254540407,1.49445955411996e-179,6.67498583326066e-160,0.000495282213331495,0,0.00579684752236906,3.64439987124171e-265,0,0.00351758415781176,0,4.61005111782255e-117,0,8.35508629742963e-156,1.0576131258131e-97,1.73331897443737e-43,0,0,2.27364491583077e-05,0.000121787663396834,8.63953233708877e-93,0,0,0,2.10377488760949e-37
C>G,ACG,0,0.00086939566882463,0,0,0,1.99158018602912e-114,0.00163884294495456,0,0.00012250017251072,0.000930991795551102,3.58371101618626e-81,0,0,0,0,2.32202842443112e-44,0,0.000309925509083662,0,0.00943813778667023,0.00156173091442042,7.28883338162149e-05,0.00385034121210028,0.00428889409033249,1.90048502316746e-13,0.00150720199517272,0,0.000148889067341381,0,0,0,0,0.00797107303304541,9.55256324920159e-298,0,1.49949224115656e-126,0,0,0.000726953070604837,0.000326782479422089,0,0,0.00697893939091902,0,0.000603464983319212,1.1125369292536e-308,0,0.00390048826278527,0.00211546694189043,2.51596759109722e-169,0,0,1.19307576016139e-61,0.000149134925834323,0,3.40839241114238e-256,0,0,3.73698052632291e-05,0
C>G,ACT,0,0.000222215166072897,4.38559454794336e-17,0.00544157855202739,0,0,0.0165781825282445,0,0.00558548778107294,3.29765780428671e-47,0,0.0391124893437247,0,0,0.00693363949642039,2.22289769178362e-99,0.0003468273189756,0.00529648310158412,0,0.0640548818796271,0.00343798750090463,0.00103274994127944,0.00465614023323067,0.0189768373680292,0,6.30796925047503e-73,1.39712355292312e-41,0.000726885491027718,0,0.00209589638837293,0,0,0.0352472214594507,0,0,0.011393786977999,0,0,0,1.37347710080455e-193,0,0.000790084617041096,0.00885187660339773,4.17800901812131e-90,0.00284901500938884,0,1.36696216131247e-255,0.013330506523109,0,0.000585837506145595,0,0,0,0.00019404545703496,0.000661725098469212,5.40138798453724e-199,0.000427333727876342,0,0,1.83111984659551e-116
C>G,CCA,0,0.000821321118153791,0.0038812106160417,0,0,0,0.0027146804942173,0,0.00159935652835354,0,5.58233774747488e-91,0.0457672263377797,0,0,1.37707974754051e-80,0.00933014513420152,0.000348813157384041,0.00578759739324603,0,0,0.0103357017835495,0,0,0.0119324309164065,0,0,0,0,0.00232563224823591,0,0,0,0,0,0,0.000262095583036993,0.00525799628235076,0.0311975837108914,0,0.000670693048441983,2.6648380900563e-86,0,0,0,0.00293407690539684,0,0,9.67305178750639e-96,1.1125369292536e-308,0,0,0,0,1.06774613864261e-05,0.00206590177580344,0,0,0,0,0
C>G,CCC,0.0039862178345565,0.000991805303998055,0,0,0,0,0.00171322959950729,0,0.00188091876380351,0.00255785090256709,3.88834533593312e-290,0.0321919234186998,0,0,0,0,0.000290599365713839,0.001547784154744,0.00349356719337975,0,0.00824473649412605,1.11253754387673e-308,2.16391322991097e-204,0.0217146163357852,0.00216905647162788,0.00422448643242333,7.97703319448088e-39,1.50015891042615e-167,0,0.00220618377825434,0,0,0.0137335727001002,0,0.005161138466869,0.0106824526864001,0,0,0,0.00023001265682353,0,0.00409625524798716,1.11258847578667e-308,0.0135150013640214,0.000323196044949238,0,2.25648648561243e-221,0,0.00275059224621492,0,0,0.00176569368604529,0,0.000205202620389929,0,0,1.09617033429238e-06,0,7.37405485324303e-05,0.000957101259693831
C>G,CCG,0,0.00133518500725105,0.000831307758819919,0,0,0.00157674493422143,0,0,0.000265405835620621,0.000988172715790071,0,0.0024131274583748,0,0,0,1.5727424426903e-61,0,0.000401977063357614,2.7379227345206e-56,0,0.00399720067254144,0.000632716512558994,0.00776067211852526,0.007029297549401,0.00160289912156676,0,0,0.000254650434936908,0,0.000168991016944781,0.00837101069495005,0,0.000340870775683415,0,0,0,6.21641878147395e-180,0,0,0.000484327510575628,0,0,0,0,0.00209151479544901,0,0,0,0,0,0.000398458035997697,0,0,0,6.04385874228398e-05,0.000347059954252596,0,0,2.83748648231227e-05,0
C>G,CCT,5.15762268825618e-36,0.00164949749948721,0.00185115450127844,0,0,0.0114105516768614,0.00919193828982853,9.02285952273523e-19,0.00154118046519082,0.00150271567442858,3.49541114805553e-285,0.0548485316816019,0,0,0,0.0309674188817515,0.000518968830544268,0.00727835160847578,0,0,0.00779178246078849,0.000153213679046084,0.00355644395584092,0.0141437697105673,0.000195390739046734,0.00155898009001873,1.76206011338965e-286,1.59137616378823e-37,0,0.00505698340392207,4.06934872997692e-304,0,0.0250354877442035,0,0,2.1535736510767e-110,4.96667326048767e-51,0,0,0,0,0,0,1.37512376081488e-242,1.58214538860744e-69,1.1125369292536e-308,0,7.45266303297689e-19,0,2.75359646263427e-256,6.59592826195048e-288,0.00234085870363734,0,0,0,0.0453632030338037,0,0,5.99301330882541e-05,0.0106245273829294
C>G,GCA,8.0781716895711e-153,0,0.0022109092757542,0,0,0,0.00467793419112409,0.000744915386237703,0.00135620770709097,0,0,0.0302781995480772,0,0,1.12463709060594e-308,0.00113870831120939,0.000155648448246365,0.00201799479297497,0,0.00832879821028351,0.00653866786287067,0.000163923860792813,0,0.00844084689963331,0,0,2.26663935660997e-101,0,0,0,0,0,0.0011653868759596,1.1125369292536e-308,0,8.28832100805472e-69,0,0,0,0.000777333643230647,0.00294624469424612,3.36435729497909e-171,0,1.1125369292536e-308,0.00101081019055326,0,2.03426785042107e-278,0,5.43182892526736e-289,0,0,4.55677361710291e-213,0,8.12690012394402e-05,0.00344525290459902,0,4.79162222709703e-05,0,1.3926365664764e-05,0.00336023200350616
C>G,GCC,0.00825703002036573,0.000977128914130619,0,1.11253848369186e-308,0.0102401784262377,0,0.00635944643746726,5.56752383764892e-167,0.00204458614408083,0.000376726354154812,0,0.0204278737248748,0,0,0.00367154696687464,4.60503875933413e-261,0.000374663307422832,0.000928637623216453,2.02846752268536e-144,0,0.0069777376658595,0.000172861448803444,1.18376025644079e-07,0.0103734716273325,0.000197941449567792,0,0,0.000224694203052929,4.81439866410228e-206,0.000314745279776707,1.1125369292536e-308,0,0.00570325404874891,0,2.40748826777815e-188,0.00304166452206706,0.00178762222516459,0,0,0.000313830815593482,1.03383976350871e-115,0.000605007102824921,1.1487570344933e-174,0.0013947494901964,0.000443795417750009,1.1125369292536e-308,8.15605920002607e-105,0.0024561362775422,0,0.000139401070299502,0,2.38554946585495e-207,0,3.63566395120778e-05,0.00107765280532312,0.0157323793078063,0.000114019497079729,0,0,0.00349952728103694
C>G,GCG,0.000490067822783567,0.0005375219662202,0.00140937416870376,0,0,0.000821776328028385,0.000488357478822717,2.47378885930996e-218,0.000142228120147996,3.58741110021775e-288,0,0.00526887713929418,0,0,0,3.41976314856262e-05,0,8.25182109162348e-05,3.22980039169184e-17,0.00243261860214123,0.00389117390886291,0.00032844897865968,0.000794036428148884,0.00327590134250875,0.00054512704338608,0.000404884884191064,0.000793706591243135,7.14102415944527e-05,0,2.94139073285225e-05,0,0,0.000248282293669693,0,0,0,0,0.006066578359288,0,0.000127826313555015,1.1125369292536e-308,0,0,0,0.000911609062655835,1.1125369292536e-308,0,0.00158995555859292,0,3.24714967855308e-05,0.000132443326158031,0,0,3.93746953636006e-05,4.88505279852528e-13,0,0,0.000653638776563217,4.18778976081019e-05,0
C>G,GCT,0,0.000367862388097143,0.0051986548790286,0,0,0,0.0314237031401533,0.00415996527598025,0.00275061143416474,0.000975012200476,0,0.0360485111302232,0,0,0.000108806973794385,0,0.000270481640923504,0.00294387192901532,0,2.49747596008708e-73,0.00316736829445267,8.42137720431564e-55,1.29371068752677e-171,0.0140510407620016,4.84724070192319e-44,9.07737480582198e-101,0,2.16001640439699e-222,0.00547031108941006,0.000970966952255288,1.19342016922511e-70,0,0.00148975079324152,1.1125369292536e-308,0,0,0,0,2.00985931725469e-11,0.00124534528783378,0,0.00125235418684011,0.0101206133578855,0.0143584415741404,0.00102278016686012,0,0,0,0.00946483481722499,0.000343612942897554,0,0,0,6.736017271623e-05,0.000489810531754025,0,0,0,2.36918224401567e-05,0.0017139229486924
C>G,TCA,0,1.11253693352342e-308,0.925919109316984,0,0,0,0,0,2.25582390014404e-78,0,0,1.74323381763084e-97,0,0,0,0,2.88903325439458e-131,0.284565455867539,0,0,9.85449850174052e-33,0,0,3.62492090813597e-169,0,0,0,0,0,0,0,0,6.30241932370838e-223,0,0,0,0,0,0,4.19737339318161e-181,0,0,0,0,2.7675072633252e-207,0,0,0,0,0,0,0,0,0,1.62219289282546e-215,0,0,0,0,0
C>G,TCC,0,0.00223898954404266,0.0159112896884237,0,0,0,0,0,0,3.12441288386271e-159,0,0.0366897797609507,0,0,0,0,1.97773988459381e-64,0.0544777682986313,0,0,0.00648275143678499,0,0.00145643084310533,0.00840655333585105,0.00304718444736647,0,0,1.02491331115478e-27,0,0.00382098168624811,0,0,0.0196685324142821,0,0,1.27641716602784e-45,2.36454014600178e-173,1.13674621593908e-266,0,0.00137994133109564,0,0.00600834904575676,0,0,9.26284465604291e-43,0,0,0,0,2.0767385377541e-82,1.22987293245042e-31,0,0,6.31191808813643e-05,3.00835539868025e-06,0,0,0.994632557200817,1.24607401123135e-101,2.39395265057973e-80
C>G,TCG,0,0.000724632403128307,0.011237521835119,1.1125369292536e-308,0,0,0,0.000377257243855165,0.000204546080733582,4.59771112495705e-221,0.00247729565584087,0,0,0,0,0.00312901804048319,0,0.0162599794358909,0,0,0.00211088492735583,0.000235074710192238,0.00136225504541891,0.00392111696640409,0.000446071900696641,0.00106479470500909,0,0,0,0,0,0,0.00387321705520937,0,1.06906811192112e-160,0,0.000876194647949732,0,0,0.00023805797307528,0,0,0,0,0.00086108802875902,0,0,0,0,0,0,0,0,3.71829059138803e-05,0,4.28574727335655e-49,0,0,0,0
C>G,TCT,0,2.58036648205045e-97,0,0,0,0,0.00776273487912828,0,0.00337920963553552,0.00048983742169064,0,0.041866768949122,0,0,2.15851462467639e-290,3.26044612292796e-285,0.00280687620269684,0.448214714162424,3.98552319862251e-138,0,0.000346214898370246,0.00283101955610606,2.92216005103695e-55,0.0120592240208962,1.41922039766265e-131,0,9.81415158627192e-117,0.000675920087846587,0,0.0120638623395812,0,0,0.0232039286210629,0,0,1.53476415270546e-282,3.89914956361563e-125,0,9.29839794292857e-301,3.00133357733252e-270,0,1.2490448694106e-308,0,0,1.5622274326389e-241,0,0,0,5.13097922165968e-181,0.00125875984785621,6.95338017214414e-56,1.11253692925362e-308,0,0.00073912110197449,9.11167573307739e-176,0,0.00168243319422749,0,0.000233665105284044,2.57635923371117e-114
C>T,ACA,0,0.00154292411542137,0,0,0,0,0,0,0.107647741919644,5.32089075251014e-109,0,0.0107324718838083,0,1.1125394714969e-308,9.17836378988504e-11,0,3.10845079344426e-214,0.00935174485771715,6.82258210868035e-233,0,0.0100881222293937,0.0474794747510685,4.69413003831063e-98,0.09051305870034,0.000451283082971211,1.11253693560494e-308,0,0.00150770521478929,0,0.00168675996234602,1.1125369292536e-308,0,0.00567277171573082,0,0,2.99979683457296e-57,2.11416228679318e-155,3.64594812582028e-155,1.12123590310904e-280,5.40644715660669e-181,2.72034800836277e-265,2.62841785000524e-182,0,0,0.00574210586448969,0,0,0,1.11253857929488e-308,0,5.63681205154815e-281,0,0,0.000576588044972934,0.000120488272951609,0,0.000421288350802522,0,1.81477257699666e-184,2.07990072965773e-143
C>T,ACC,1.11931965463179e-308,0.0632701938861934,0,0,0,0,1.11255253722742e-308,0,0.0185820268274788,0.0560741390263861,0,0.00625307711282177,0,0,4.60181507969147e-229,0,0.000242815130747637,0,3.41105934655646e-165,0,0.00222503411437321,0.00452005860769328,9.86623344424951e-71,0.0144979995076918,0.0175553502655932,6.91717210376225e-241,0,0,0,2.0428092650509e-48,0,0,0.0085717936837661,0,0.984942140624809,1.1459224029594e-159,4.22154485408948e-182,0,0,2.04660338568186e-05,0,0,0,0,0.0046847702025578,0,0,0,4.69317449018137e-189,0.00443299566825552,1.11106663854572e-32,0,0,0.0112217772518183,1.0261606500157e-163,0,2.22307166142761e-185,0,0.0152678326386169,5.9482259827685e-209
C>T,ACG,1.11253692958747e-308,0.000212562635515281,0,0,0,0,2.59348206897272e-264,0,2.52916768850392e-07,0,0,0.0220382294124442,0,0,0,0,3.31495342156142e-105,1.8333149546807e-143,0,0,0.00187925212086952,0.465722723533628,1.19869157352531e-92,1.23098456430305e-39,1.36703498698402e-246,0,5.00838553428367e-238,0,0,0.000420214822907977,0,0,1.83193269317983e-22,0,0,1.43707395009354e-130,2.25888106424684e-168,0,0,1.2303744447746e-44,0,0,0,0,0.00189114676005154,0,0,0,7.42420527787115e-249,0,0,0,0,0,1.06180591792674e-189,0,1.88242531195321e-28,0,0,3.72496962576576e-206
C>T,ACT,1.62524047516737e-271,0.0204890554584173,1.11548819088325e-308,0,0,0,6.33667742904964e-308,6.26605655827343e-294,0.0335019155694463,6.35757717131648e-132,0.978033555143719,0.0104250862082357,0,0,6.23345327414562e-77,0,0.000637386775418757,1.88506980026231e-46,4.08062331960338e-131,0,0.00312856281422939,0.00979340298537044,0.00500561514978387,0.0370561282624865,2.81902924999613e-15,1.80668278290441e-189,5.60803939101648e-307,1.18204404531986e-210,0,0.00891342340843101,0,0,0.0153286897573092,0,2.10700428141295e-288,1.01575079398376e-235,3.50187553387811e-121,0,1.34691627111794e-198,2.81299778931854e-05,0,0,0,0,0.0423707306056145,0,0,0,1.0526635667766e-301,2.4207623269261e-05,0.00753672433410537,0,0,0.00633828857207003,3.68211971869765e-167,0,2.11554956912466e-05,0,0.00629496765555275,3.74317730479393e-245
C>T,CCA,0,1.37615258488286e-06,0,0,0,0,0,0,7.94432963725331e-24,3.1050895917986e-185,0,1.39627696736046e-30,0,0,1.74455882739577e-196,0,2.39527480648315e-44,7.33948916861095e-108,2.37582225799442e-217,0,2.4977142430896e-05,0.00278824085831395,1.31693619570129e-58,2.84545071392855e-19,0.877601266095826,1.11253692925361e-308,0,1.76971869335487e-219,0,1.04800951960351e-58,0,0,6.83877063144313e-37,0,0,7.59894855355516e-218,1.07495983052295e-261,0,0,3.54836224889762e-61,0,0,0,0,4.96184727116011e-78,0,0,0,1.59716643671791e-279,1.16041204356614e-125,1.53291373178247e-160,0,0,0.0554550619697182,5.53274089816036e-199,0,1.67242334729231e-268,0,0.0427730739235605,7.79828860075497e-210
C>T,CCC,0,0.457734511599744,1.18712644452212e-242,0,0,0,0,0,2.33681744844156e-41,1.94115189224427e-191,0,6.2656854392977e-19,0,0,0.00333320615463202,0,3.56359864201212e-59,0.00162373296839952,5.63496247201222e-263,0,0.0123271296073451,3.95576170206571e-09,5.05233046210407e-99,1.389619307786e-41,7.4793326184352e-77,0,0,1.52615360132246e-100,0,5.19310269055969e-60,0,0,2.76936460084724e-56,0,0,3.58835075213114e-245,2.00176785868292e-260,0,1.11253692925544e-308,2.97830673037671e-96,0,0,0,0,3.44236334232002e-228,0,0,0,1.40818854461605e-244,2.63943439601835e-44,1.86567454511477e-82,0,0,4.10707375999761e-21,5.01592512438907e-210,0,1.60745997692837e-09,0,0.0659620392105328,3.99944602020742e-200
C>T,CCG,0,0.0278089037432721,0,0,0,0,0,0,0.0189001314097892,1.05880590097754e-30,0,4.42663375222972e-68,0,0,9.1744581061868e-92,0,4.67238638413439e-91,5.50432681983292e-49,0.952158249714671,0,0.00302817724368601,0.18468379577352,1.09784755476855e-71,0.0156013584712116,0.0119715123587973,7.3556006762256e-308,0,2.24561214478539e-165,0,2.45597124083168e-77,0,0,5.42543127729082e-132,0,0,3.58233284938542e-234,1.84581413125212e-231,0,0,3.51255111133941e-89,0,0,0,0,7.31482502714258e-119,0,0,0,0,5.77188481444069e-35,1.64978495843099e-95,0,0,0.00151840748351525,3.56636082658523e-182,0,3.77979742356775e-16,0,0.00668001902872483,1.32040281265334e-225
C>T,CCT,0,0.154406154394456,0,0,0,0,0,0,0.0079014883436275,0.896049618026739,0,1.13672412884998e-34,0,0,0,0,1.22654832563595e-46,1.52342218066999e-277,0,0,0.0120103438916573,2.44919227272054e-271,3.73144174609697e-124,1.31297956978948e-25,6.91199070061048e-16,5.8645252756032e-283,0,0,0,2.31198437071223e-50,0,0,7.54549929341622e-52,0,0,7.07716774078267e-250,4.02476073300399e-261,0,0,1.11791363216899e-107,0,0,0,0,4.60063775257737e-100,0,0,0,1.39671411291289e-284,1.31614603880498e-214,1.42143158228931e-238,0,0,0.029683885833931,1.10241364610196e-189,0,1.42271543740314e-259,0,0.0569193055770813,8.61830665829985e-273
C>T,GCA,0,0.000593460413010803,1.63027813239597e-271,0,0,0,0,0.946190604866443,0.096303353712474,4.04648974680532e-116,0,0.00527177564785733,0,0,9.31095869513663e-176,0,1.32185010781014e-13,0.00648250980713869,5.14565827727644e-238,0,0.00368278095371983,0.0101924066806711,3.45907756779093e-122,0.0142377241460459,1.31721808107106e-33,2.35140628116577e-189,0,9.14092162899434e-132,0,3.39688695935192e-206,0,0,1.20933665751579e-46,0,0,1.03772508249547e-219,0,0,2.39981738795988e-234,1.66361955519459e-49,0,0,0,0,7.73219392580378e-143,0,0,0,1.1972530491635e-298,3.28614949948069e-74,5.21268182614487e-159,0,0,1.40457232460853e-41,2.08234599341123e-191,0,0,0,4.97962197706154e-05,0
C>T,GCC,0,0.0401497276076796,2.48311271264391e-255,0,0,0,0,0,0.0802369492974355,2.53598273158498e-57,0,7.95843968782126e-27,0,0,0,0,0.00605716142171364,0.00108113270099582,0,0,0.00144505224683428,0,1.07325565735948e-147,0.00878287339199891,0.0166919857971482,0.960442256682469,0,6.66228051995164e-208,0,0.000220758207445407,0,0,9.19223329347738e-96,0,0,2.00551933164913e-221,3.05383622050644e-257,0,0,3.04683745820679e-16,0,0,0,0,9.23778275058269e-124,0,0,0,1.1254714923555e-308,2.61880176022887e-20,0,0,0,0.00128026138096727,6.48994608448936e-139,0,1.54735404205551e-65,0,0.0110950325470952,0
C>T,GCG,0,0,0,0,0,0,0,0,0.0454615900936516,0,0,0,0,0,0.9644294532213,0,3.23545487822882e-65,3.65623634122868e-299,4.00418160424534e-260,0,0,0.180557042330356,5.74841068384533e-260,1.07238621588985e-182,0,0,0,0,0,0,0,0,0,0,0,0,0,0,0,1.31069188170186e-231,0,0,0,0,0,0,0,0,0,0,0,0,0,0,0,0,2.68457440892316e-74,0,0,0
C>T,GCT,0,0.00416050110559156,0,0,0,0,0,0,0.0599870971327042,5.30696070170593e-200,0,4.78700457035585e-10,0,0,0,0,0.00842130313587277,0.00202034695945404,0,0,0.00303072921723555,9.00164507942813e-300,2.25497356431873e-137,0.0206079716646986,9.38696702788274e-38,2.07845627537876e-308,0,5.31567200357271e-204,0,0.00495827211385958,0,0,4.4255665259279e-44,0,0,8.10893539271756e-216,0,0,0.971344204098962,5.14292155469553e-185,0,0,0,0,6.79493277674891e-146,0,0,0,1.09034130711118e-231,0.00313044103833608,3.9901053468092e-185,0,0,6.528227949857e-202,1.99374733487058e-180,0,0,0,0.016542126841215,5.41060974580474e-267
C>T,TCA,0,2.67391008427644e-137,0,0,0,0,0,0,3.21984173296301e-45,9.54153778889628e-178,0,3.70088925395895e-45,0,0,3.38882134263546e-303,0,5.85416073449835e-55,4.13440635134901e-53,1.49877883728977e-247,0,2.48931216084273e-19,0.000305525668123943,1.04901075534452e-89,2.41008694418847e-35,4.38333643864157e-108,0,0,0.988503728021472,0,2.36857346702515e-94,0,0,5.92626068784141e-55,0,0,6.81646978161826e-247,2.72676102610462e-199,0,0,2.03356346107018e-79,0,0,0,0,1.90857508387015e-109,0,0,0,1.11482706785328e-308,3.84984862534263e-124,3.52427882797712e-203,0,0,1.15987727957355e-144,1.27818155929078e-210,0,0.000262351588929977,0,0.248216717974314,2.02358828064027e-247
C>T,TCC,0,7.80286607844368e-37,0,0,0,0,0,0,8.69418923141968e-72,2.02158211347807e-153,0,1.91611344096565e-73,0,0,0,0,1.16103768348573e-81,1.57297038315319e-59,0,0,1.81549357785475e-41,4.6191172441705e-307,9.19940407383504e-126,1.83849033595429e-61,3.35761396289017e-52,0,0,9.4695842221832e-83,0,7.83162807801272e-60,0,0,3.06009129202408e-95,0,0,3.10491742312732e-269,9.90304537600822e-249,0,0,1.37632001100545e-112,0,0,0,0,3.92494936793009e-104,0,0,0,0,8.07859491582774e-64,6.89872858073882e-229,0,0,0.867133027305118,5.45556121629651e-229,0,8.44102268642333e-48,0,0.323684239281352,4.61745468868371e-288
C>T,TCG,0,0.0810140065029356,0,0,0,0,0,0,8.69368300636774e-15,7.26551655492186e-180,0,1.67872739827252e-174,0,0,2.56175237763784e-230,0,1.17211799946938e-52,1.23503142325571e-219,2.64464212474226e-202,0,0,0.0613709919319131,2.25053497452254e-149,4.54393642859908e-52,1.7228613525065e-64,0,0,9.82013772567014e-134,0,1.09895167357853e-99,0,0,1.21240440882854e-127,0,0,0,8.49939308507017e-256,0,0,6.7941527769449e-111,0,0,0,0,8.64514049423766e-71,0,0,0,0,1.67694834256095e-69,0.975375181311779,0,0,3.65139304353239e-06,0,0,2.85994316944778e-41,0,0.0680968506324171,0
C>T,TCT,0,0.00029122011554681,0,0,0,0,0,0,6.68318473728182e-25,4.0886617601659e-151,0,1.27893887901235e-41,0,0,0,0,9.50469838626637e-47,6.85709763555351e-53,0,0,4.08957324524086e-17,0,1.1729306296488e-91,3.91495161633236e-27,6.02528872937013e-46,0,0,4.00105853428113e-80,0,9.40829674125736e-38,0,0,3.10542931259701e-53,0,0,2.00699783297186e-238,2.17489539353371e-259,0,0,4.24987904990341e-83,0,0,0,0,2.7991245200919e-97,0,0,0,1.52248732816357e-299,0.977383726070681,2.71149108283941e-220,0,0,7.69194601749056e-35,1.14149342338574e-202,0,2.05268571977143e-127,0,0.115147883976128,2.20704542482945e-245
T>A,ATA,0.00614695313428569,0.0042550783166796,0,0,0,2.52092569635095e-105,0.0181796280479958,0,0.00699635010029831,0,0,2.17705250992571e-190,0,0,0,0,0.00121939835524147,0,3.17626493302847e-67,0,0.00822743070899461,1.12093959840794e-52,0.000266904799485197,0.0120666471164804,9.97659440001126e-140,1.27182902293391e-261,4.1086269012082e-267,0,0,0.0128797823277474,0,1,0.0081063157320439,0,0,0,0.00287444527689319,0,0,0.000216428311914799,0,6.88341208972592e-278,1.1125369292536e-308,0,0,0,0,0,0.00200287998726116,3.52209503608219e-308,0.00113921801161764,0,0,0.00268667356441497,0.0586535730520883,0,9.73874149618329e-05,0,0.00186536501985127,0.000112308342680637
T>A,ATC,0,0.000337030425770758,0.000693482399432439,8.76713806656705e-05,0,0.0538523791895041,0,0,0.00378220046763069,9.13620608501106e-228,0.0158873809846737,0.0143279963852187,1.1125369292536e-308,0.0222852522409313,0.00237594530322229,3.7804407485996e-90,0.00484200573334581,1.1219769321463e-308,0.00152691452819118,2.20111788455606e-96,0.00387250544460343,0.00179911778545841,0,0.0161504196914891,0,0,0,0.00045471734520895,0,0.00363126840243419,0,1.00859314968236e-300,1.51636512997952e-188,0,0,0,0.00286133872844732,0,0,0.00129932092436025,0,0,2.23939053496793e-37,0.00704757835516838,0,0,9.11037409325284e-176,0,0,0.00127149984653981,0.00375988697479906,0,0,0.000457398196181823,0.00825489366866315,8.07225648770316e-70,3.13953900762391e-05,0,0.000605606934000427,0.00473478652179525
T>A,ATG,0.0115893556017821,0.00198394424980113,0.000184632772760146,0,0,0.0613506487794193,0,4.21666838430673e-59,0,0,0,0.0125197465164631,0,0,0,0,0.000291541602287165,0.000524770040011166,0,0,0.0121137169447208,0.000880413250527942,7.97308943900549e-293,0.0245120090920441,0.00130550540136373,0,0,0,0,0,0,0,0.00715777087750926,0,1.11253696332667e-308,0.00921693510138291,0.00299325668281325,0.00631587320129808,0.0121125380693315,0,0,0,7.85241401307602e-203,0,0.00241850071823573,0,0,0,0.0292216132702681,0.00142863734330525,0.0017433887531172,0,1.1125369292536e-308,1.63925729259249e-308,0.0673924732784109,0,0,4.4860299088077e-285,0.000578567696657768,0
T>A,ATT,0,0.0131318302431189,1.73268281431676e-306,0,0,0,0,0,0.0237806337972237,2.63234124826259e-37,0,2.96344033910293e-282,0,0,0,0,0.00115389570611653,0.000237388387622902,0,0,0.00369767249371588,0,4.03474460911851e-74,9.07874463849922e-287,5.69049789658291e-12,0,0,0,0,0.0660056981202175,0,0,1.96076958602867e-22,0,0,0,3.53320237296961e-112,0,0,1.16783192733787e-105,0,0,0.931142268731688,0,0.0377280073822559,0,0,0,6.92731400542519e-218,0.000370396852496379,0,0,0,0.00225763560968778,0,0,0.000598304746052673,0,0.00363534192730726,1.73852728308116e-225
T>A,CTA,0,0.000916877390176332,0,0,0,0.022984921212395,0.00486573935326569,0,0.000876145623893951,0.000996594353507777,0,8.24931899565303e-243,0,0,0,0.00360296013043945,0.000147163656267429,4.15808386160201e-05,0.00302468424910194,0.00736738008064715,0.0136218212419861,0,0,0.00147428936464193,0,4.34507396381219e-123,0,6.92051832418276e-05,0,0.00384117873203786,0,0,0,0,0,0,0,0,0,1.02484293613267e-246,0,0,0,0,0.00195631253267035,0,0,0,0,0.00107613094994528,0,0,0,0.000124370002768377,0.149333659285228,0,0.000188448342894572,0,0.000143842740739586,0
T>A,CTC,1.95503658946411e-43,0.000841330566340339,0.00010854046884721,0,0.030148015398216,0,0,0,0.00411741532214524,0.00453508758020592,6.80320049758266e-220,0.0315323496770046,0,0.152409674651629,0,0,0.000874881045206285,0.000467661820284294,0.00112382633140721,0,0.013180654840693,6.5883257839125e-06,6.1662359142928e-63,0.00203875257666115,0.000319735113238165,2.05297142599427e-09,0,0.000633255618256706,0,0.0139365513523159,0,0,0.00213933897377651,0,0,0.0136340321818447,0,0.00496086787847096,0,0.0415453280352966,0.00674175400458467,0,0,0,0,0,7.22688024299735e-89,2.51550149356844e-44,1.11254816086867e-308,0,0,0,1.1125369292536e-308,0,0.0531566189497002,0,0.00141519612195895,0,0.000215753479345971,4.88378384508911e-112
T>A,CTG,0,0,0,1.1125369292536e-308,1.1125369292536e-308,0,1.1125369300651e-308,0,0.00177406794889725,0,0,0,0,0,0.00296746690854349,0,5.86409940061392e-109,0,1.75803238473286e-165,0,0.0371060983949338,0.000592398480338003,0.000945629129521181,0,2.00379934363906e-93,0,0,0,0,0.000138783338142281,0,0,0.00907895993980071,0,2.10126593359936e-131,2.21606981568493e-184,0.001182158938793,0,0,0.0134181470741003,1.50460884390219e-299,0,0,0,0.0011238274504575,0,0,0,0,0.000244397539315506,1.54360331219978e-53,1.98258411536804e-205,0,0.000202859457157659,0.248041528997131,0,0.000464280691092734,0,0.000102349846893515,0
T>A,CTT,0,1.40390771097112e-180,0,0,0,0,0,0,0,2.4497219976177e-266,0,0.00916118161052925,0,0.768355226760192,0,0,0,4.18761076632148e-195,0,0,0.0126607815182747,0,1.19091892391317e-268,0,6.16934842428735e-285,0,0,0,0,0.0491142608027208,0,0,1.9902842059925e-29,0,0,1.11253695514686e-308,6.38754054444885e-166,0,0,0.0611217254373617,0,0,0,0,0,0,0,0,0,0,0,0,0,0.000693484925967185,0.0216988108533121,0,0.00609425962479987,0,0.000212514470073794,0
T>A,GTA,6.61685315288572e-76,0.000311814652987294,0,0,0,0.0300674784115599,0.00353410878727124,2.03436770582655e-240,0.00192767071054171,0,9.62025571741815e-188,0.00623733073919813,0,0,0,0.0035179435155177,0.00036788504588505,8.26937001432596e-05,0,4.02519368243611e-137,0.00925681790629589,0,0.00100796765277839,0.00447999587985834,0,0.00889529324377464,0,0,0,0.001817071682873,4.03629651690681e-105,0,0.00250402106264402,0,0,0,0,0,1.1125369292536e-308,0,0,0,4.03820618753803e-181,0.000768404565688109,2.39243508725827e-13,0,0.0297994673390298,8.17763556120191e-213,1.82909799988092e-126,1.1125370081362e-308,0.000275744321971185,5.1678911639185e-254,0,0.000322498562982473,0.0814105238367995,0.00327158504769607,4.8777542172968e-05,0,0.000392074967940065,7.04375351511305e-64
T>A,GTC,0,0.000217072892452882,0,0,0,1.04080521314929e-156,0.0072125121981098,2.44374561815234e-99,0.00275066421435818,0,0,0.015983074818396,0,0.0120134863090902,0,0,0.00111932303483163,0.000245722009177919,0,0,0.00344649160250725,0.000355975160610614,0.00234997045355112,0.00386785325531091,0,0,0,1.43095895490088e-116,0.00381637656881552,0.00218851630614555,0,0,0.00160874919007703,0,0,0,4.27157870482389e-165,0.00218881244412284,0,0.00286249461966959,1.01111542513443e-302,0,0.00356620885736024,0,0.000128504322550497,0,5.05385745927844e-65,0,0.0113438869413577,0.000104312491873099,0.00110699498718962,0,0.00620070545007708,0.000142971156707711,0.0129351544150074,0,0.000385622471290965,0,0.000220606356063903,0
T>A,GTG,0.0326224283157585,0.000263792145149775,0,0,0,0,0,1.20284208627158e-278,0.00243192830784992,0.000211178723099996,3.65195521434306e-152,0.0190357433881679,0,0,0,0.00403175116803687,0.000469662546042,0,0,0.0103384117455976,0.0136391627376368,0.000423045099794529,0.0005889087099096,0.00500512326314964,0.00115197911211466,0.00283471621535487,0,0.000226691660329548,0,0,1.75996715744254e-162,1.1125369292536e-308,0.0022455102326084,0,0,0,0.00291396478649637,0,0.00170047660043097,0.000237351594578723,5.68728938682075e-65,0,0.00493637664776506,1.11253987052846e-308,0.000960531356030249,0,1.1125369292536e-308,4.72130401933538e-143,1.19388623815217e-34,0,0,0.00105144428821351,0,0.000791173079911163,0.0552562205973933,0,0.000134913124072214,0,0.000206104725298409,0.000348050426209534
T>A,GTT,0,9.38645164030177e-265,0,0,0,0,3.00642912432403e-11,0,0.00445724092002464,0,0,0.018755982910734,1,1.76425385596051e-149,0,0,0,0,0,0,0.00631638006787286,0,0.00334418972782441,1.11253692925364e-308,0,0,0,0,0,0.0210169725396751,0,0,0.000724469818373171,0,0,1.44698455164253e-11,2.21849658036731e-102,0,0,0.00523697078502145,0,0,0,0,0.0120145925286117,0,0,0,0,0,0,9.86955115679382e-307,0,0.000201977318875799,0.011425115167799,0,0.00138323371000927,0,0.000224631739825033,0
T>A,TTA,4.25238683684523e-283,0.00599240045162635,0,0,0,0.795687026800974,0.0229289627841587,0,0.00715190513246542,1.38184207837165e-221,0,2.05093606690099e-62,0,0,7.74919655018917e-14,0,1.5235390316713e-126,1.58041754953717e-121,1.19052019239397e-56,0,0.00623960281787691,0.00426300965741928,0.0136535494028635,0.00495506781675989,0.00299765778899895,8.69459286168036e-301,1.45710582681956e-249,1.9555284188502e-261,0,0.0146270162352209,1.1125369292536e-308,0,0.0115915293910043,0,0,6.64378584839516e-189,1.11253769871003e-308,0,0,3.5462932070889e-05,0,0,0,0,0.0180627464701049,0,0,0,4.02338639939202e-265,7.02554443658453e-216,3.56756656602126e-160,0,0,0,0.0619141346246506,0,0.00105498887311185,0,0.000318027875483345,0
T>A,TTC,0,0.00380282817491997,0.000911125942434064,0,0.0358460679236292,0,0,0,0,0.00541742163507406,0,0.0175624670104023,0,0.0449363600381582,0,0,0.000707182835682579,0.000133699803348415,1.2764218511008e-139,0,0.00452613592459068,0,0.00141889986335943,0.00301100916873386,3.09326328297386e-149,0,0,0.000356843357195418,0.0169660565823577,0.0434341068880139,0.00114898060336407,0,0.0250276440098599,0,0,0.000956301568638175,0,0,0,0.00447123544755322,0.00254456232096321,0,0,0,2.7088764315321e-150,0,2.28625340513759e-67,0,0,0,0,0,1.1125369292536e-308,0.00147448404099915,0.0242950285418253,0,3.43531814736592e-05,1.89083220178685e-239,0.000312366873340157,0
T>A,TTG,3.18146502381567e-200,0.00376211500383289,1.64903412651702e-42,0,0,0,0.0580956347823309,0,0.000150345734253071,0,0,0.00229218095254499,0,0,0,0,8.73270416587276e-126,6.23851061171406e-05,0,0,0.00923778872133519,0,0,0.00766935468127196,2.74145576040538e-156,0,0.00276218931879492,0.000348774813035867,0,0.0137927219194929,0.0239445121734152,0,0.00972036770181859,0,0,1.00655884839128e-166,0,0,0,0.00148362181838347,8.39568328574441e-203,0.00146242217753454,0.0300332465702224,0,0.00607369959449088,0,5.37803173933271e-78,0,0.00274053768628262,0,0,0,2.09041965001197e-103,0,0.0785370846557703,0,0,0.00471380402261928,0,0
T>A,TTT,0,0,0,0,0,0,5.25341901806988e-153,0,0.0145084269369267,0,0,0.000166919486663921,0,0,4.82391667738554e-164,0,0,9.78762441500185e-141,0,0,0.00633693173743108,0.00184497718369568,3.43235821029466e-113,0.0064970395279083,6.48923594226109e-246,1.02409054572712e-279,0,0.000823527072827154,0,0.338293768533488,0,0,2.20586269923883e-51,0,0,4.05108405807302e-254,6.49191334076787e-286,0,2.84607718850242e-197,5.70649728440753e-191,0,0,0,1.1125369292536e-308,0.0354757070165812,0,0,0,2.28922569442837e-159,7.23896589980909e-67,3.54974674869032e-146,0,0,0.00104550192711912,0.0252646361367141,0,0.00142105528037925,0,0.000643862864889307,1.835310391397e-308
T>C,ATA,0,2.50811234075512e-18,1.1705746287032e-271,0,0,0,8.46385453846995e-228,0,0.0251774843925778,6.40243215721329e-173,0,0.00688954844454708,0,0,2.80177925144205e-299,0.936662685684056,0.0898914915680697,1.13350064496017e-48,6.56855107007467e-298,0,0.00852394565757132,4.03930790518856e-52,1.2217926248496e-71,0.0967680805339154,6.31390122371981e-61,1.3257436755354e-299,0,8.63180149096525e-194,0,0.00228633484753753,0,0,8.67481346135478e-36,0,0,5.29294265303001e-231,3.56651703140465e-164,0,0,0.000767846140932858,0,0,0,0,0.00186105132784812,0,0,0,0,1.94605645982281e-69,1.51560978834706e-197,0,0,0.0019735540516448,0.00574698431316767,0,0.000264951633312886,0,0.00029768685281034,1.5275749926517e-245
T>C,ATC,0.0041549633340244,0.000821011114226605,0,0,0.234514018513587,0,0.0148093951014247,0.0167689007857406,0.00303786691772683,4.51913453594722e-285,1.1125369292536e-308,0.00712948308648473,0,0,9.35417552589392e-61,1.1125369292536e-308,0.0330243125445954,0,0.0168744955825061,0.0577769741298821,0.000285196152923522,0.000586210539797938,0.00314845458826407,0.0302806652643251,3.12538358545996e-149,0,2.43732003023652e-225,5.96009893569242e-172,2.69513945828532e-75,0,0,0,0.00424265529926942,0,0,0.00180070152346763,0,0,0,0.0107571009330777,0.0350078522644341,0,0,0.00109921126585861,0.00357044451534451,0,0,1.1201524616936e-308,0,1.79816823783374e-28,3.84158973910915e-76,0,0,0.000196909236569326,0,0,6.65840842210271e-86,0,0.000118929415090615,0
T>C,ATG,0,0.00245365182412611,0,0,0,0,0,0,0.0313332977279846,1.73449428509803e-85,0,7.79406628624781e-93,0,0,0,0,0.104050651808029,1.21159845355547e-45,0,0,0.00457712708318984,0,1.29930008026166e-216,0.0654774954925845,3.34869118643536e-44,3.67894674005552e-307,0,5.80748910035136e-81,0,4.83536999775771e-31,0,0,0.00536366056173237,0,0,9.19565807767716e-259,0,0,0,0.00240386034201455,0,0,0,0,0.00846533260453056,0,0,0,0,4.16451846556241e-171,1.51164668034158e-266,0,0,0.00115661026011955,8.65483411457024e-76,0.91753448085909,0,0,5.28236071883492e-05,9.57373807713278e-281
T>C,ATT,1.41472199273809e-291,0.00638760963977451,1.11273810431679e-308,0,0,0,3.07185943774448e-169,0,0.00563771454473784,4.25340651551476e-105,0,0.021605316741794,0,0,2.06311580950676e-60,0,0.041579295073029,5.20177324332845e-33,6.32041143473265e-93,0,0.00100302481198481,0.00321187693473806,1.30264800421028e-06,0.0855613073663526,5.15105417497609e-29,0,2.8977297189377e-274,1.11253692927976e-308,1.11253692925758e-308,0.00528286711784154,0,0,0.0118621734102858,0,0,1.55503458464842e-204,3.39551181539625e-154,0,3.36393583494406e-290,0.00670616980941723,0,0,0,0,0.0421645893754517,0,0,0.978333558389484,1.15648852296099e-274,2.33287174851749e-82,3.43451184722388e-101,0,0,0.000754723195008982,3.05629082469396e-156,0,1.30902608894795e-100,0,0.000492330138310494,3.73681897597198e-161
T>C,CTA,0,0.00267005038038092,6.74061253104753e-264,0,0,0,7.68103433772645e-32,1.02176528416152e-218,0.0134967112971488,0.000757700122390215,0,0.00148615114007982,0,0,0,0,0.0587584740796435,3.40361638910427e-92,0,0,0.00512078791912528,0,0,0.00670682327342815,4.07959446468531e-36,0,3.61412384991036e-109,0,0,0.00810177862731646,0,0,0.025816902214496,0.994309361478527,0,0,5.39032989097675e-239,0,0,0.0119006332798238,0,0,0,0,0.0138861975705612,0,0,0,0,0,0,0,0,3.91767782426946e-05,4.78466061698167e-05,0,0.000193544612963875,0,0.000421218711674581,0
T>C,CTC,0,0,3.11754286032486e-231,0,0,0,0,0,0.00170797083881835,0,0,0.0138268414332829,0,0,2.38692720052476e-303,0,0.0373774428938713,4.94604509892968e-55,0,0,0.00210452358234785,2.7683685055555e-189,2.29232717128994e-20,1.02922973843112e-21,3.92051600315213e-307,0,0,0,0,0,0,0,0.00547256182962174,0,0,3.79826922197199e-169,6.22527601164504e-151,0,0,0.157583094994169,0.868066950282933,0,0,0,0,0,0,0,0,0,0,0,0,0,5.55604661676598e-194,0,0.00497840316944229,0,0,4.78107117085589e-149
T>C,CTG,0,0.00016039777846208,0,0.993463106494402,0,0,0,0,0.0329904807823549,6.39735482379831e-93,0,1.8918132294461e-100,0,0,1.1125369292536e-308,0,0.0761327406296483,1.47039676546549e-249,1.1125369292536e-308,0,0.00534583883628628,5.70221503402189e-123,0,0.01377259875096,1.11253695941841e-308,0,0,0.000132275404446758,0,8.48837304796658e-173,0,0,0.00447138447866953,0,0,0,2.92758526305639e-172,0,0,0.0725641729708291,0,0,0,0,1.17146047359866e-50,0,0,0,0,0,9.79862399394751e-177,0,0,2.09688803151467e-104,0,0,0.00491936342409771,0,0,0
T>C,CTT,0,0.00845013189214403,0,0,0,0,7.9412732019901e-235,0,0.00500753528962459,5.62074774513268e-43,0,4.64223636671107e-47,0,0,0,0,0.0512336373973212,0,2.7824287358016e-307,0,0.00182520671050208,6.33148017503614e-14,1.76626548509159e-43,1.23884043334389e-14,0.0169291318365711,5.51073652631433e-242,1.37228608415259e-280,0,1.1125369292536e-308,0.037921000689528,0,0,8.58032536246939e-129,0,0,3.13391447393553e-204,9.18995352742057e-247,0,3.37823475342954e-245,0.516870786554342,0,0,0,0,0.057067209139781,0,0,0,3.94913333659134e-171,0.0024276463614273,8.60782256686265e-246,0,0,0.00187187160846256,4.29869589669937e-203,0,0.0176216836939366,0,0.00150687106421182,3.2697295763746e-204
T>C,GTA,0,0,0.000990842486721974,0,0,4.87504310361319e-296,0.00513772822485681,0,0.0216326651977938,6.76694216232125e-100,3.01705964566974e-102,0.00395658226597345,0,0,2.06560034108878e-89,1.27426851696809e-196,0.115574966968606,0.000225425675613184,0,0.0808323265452575,0.00316856294853534,0.0028139709150237,1.61700290163745e-282,4.30533185467771e-135,0.000492767413105421,0.00134695465194688,0,0,0.0142051994734361,0.000205827748236086,1.85852149319537e-152,0,0.00764797601167767,0,0,0,3.25852117363872e-258,0.00481747240480075,0,0,0,1.76759939955568e-122,1.04224618699243e-23,0,0,0,1.86482616236697e-231,3.59188636579393e-123,8.35283099264897e-78,0.000852650774444864,0,0,0,5.73879046667883e-05,3.29811689096616e-61,0,0,0,3.5880399069722e-05,2.43856062672736e-11
T>C,GTC,0.00213453569025189,0,0,8.6732721338483e-188,0.136932250088642,0,0.01428274300452,0.00654763664074776,3.26620191710388e-59,0,0,0.00671089274522005,0,0,7.56496002598784e-05,0,0.0320539074356692,0.000104994835784168,0,0,0.000965082147562333,0.00156294675698435,0.00368485013672948,0.010554579380378,0,0,0,0.000257527192284099,0,0,0.00693066708741588,0,0.00444230631464756,2.73399544618139e-175,0,1.296442317131e-194,2.36446266739538e-206,0,8.79509245549839e-129,0.0143132990043671,0.0465715043703633,7.65927910280389e-175,0,1.40311579929184e-13,0.00211968452874674,0,6.2940431367012e-293,1.11253720573286e-308,0.00477191609503888,0.000254850926397722,0,0.00293038115203696,0,0,5.54010261577225e-65,0,0.00152470597393026,0,1.79037469695241e-86,3.46100280088723e-147
T>C,GTG,0,0.0010665679031063,2.53310698571948e-16,1.1125369292536e-308,0,0,0,0,0.0148599721870592,2.55822866199246e-169,0,0.0111583986690221,0,0,0,0,0.0857554133941646,0.000461581485858237,2.2938727525919e-47,0,0.00225884236371002,0.00302530209101801,0.00841718601702872,0.0145470535278074,0.000637022968374258,0,0,0.000255865157455514,0,0.000347933486128301,0,0,0,0,1.11325758550958e-308,0.00259685105533108,0,0,8.20023166154852e-18,0.00481903489027367,0,0,0,1.1125369292536e-308,0.0027644277109106,0,0,0,0.00167683304515101,4.79688117494114e-85,0.000562037996701581,0.00667341841017483,0,0.000231488582782423,7.28900777151773e-05,0,0.00059789887851317,0,0,0
T>C,GTT,0,0.0163433566964173,1.77902505719419e-282,0,0,0,0,1.41752244324898e-288,0.0031044402067349,8.0775770687191e-105,0,4.15956427563137e-09,0,0,7.75095482036543e-184,0,0.0426977032128034,1.67954572059057e-216,1.11253692925371e-308,0,0.000445012911107793,3.63838166876636e-123,6.93610199934271e-52,0.00347825808764378,0.0146472768517121,3.8442747138078e-181,0,0.00181646601720575,0,0.0130297123549983,0,0,9.59727361801209e-37,0,0,2.65752838739916e-141,2.30165740734362e-260,0,0,7.75594777094758e-141,0,3.22566930941632e-298,0,0,0.441974079692242,0,0,0,3.85236488321192e-218,7.79921532195799e-142,1.11253694218672e-308,0,0,5.21941713888313e-252,1.06450658828462e-133,0,0.00142598074850589,0,0.000240015935705056,8.91022467960982e-160
T>C,TTA,0,0.0127100932319672,0,0,0,0,1.77081150149918e-126,0,0.0202367002606733,0.00274924096806906,0,0.00498377414089322,0,0,0,0,0.0478907742401137,1.82912933703351e-236,0,0,0.00120746685835394,0,1.68172005274644e-184,0.0159357025276695,2.46157610699094e-32,0,2.40113306011031e-244,1.55297494860907e-223,0.957216424037745,0.0382344868171965,0,0,1.83225597090705e-23,0,0,0,1.30730582408763e-229,0,0,0.000868502071321106,0,0,0,0,0.0651003460542155,0,0,0,0,0,0,0,0,0.00250389879324019,7.35509096237395e-109,0,0.000309032407161857,0,0.00213725685647251,1.19328501974524e-308
T>C,TTC,0,0.00306187371912203,1.1125369292536e-308,0,0.552319469649688,0,9.52114272873787e-28,0,0.0113050545857016,0.00381566355155654,0,0.00545471961017376,0,0,1.10501884000484e-78,0,0.0278983572096237,0,0.00350180377361029,0,0,7.26695514634688e-10,0.00560977562606399,0.00871573092343357,9.10873174404015e-25,0,0.0297401540707947,1.11253692926449e-308,2.91188130710368e-145,0.0248168147768891,0,0,0.0052876155076349,0,0,0,0.00739683933759151,1.1125369433936e-308,0,0.0146842716678613,0,0,0,0,0.0168225499711094,0,0,0,0,0,6.26485546922364e-261,0,0,0.000563129060027293,0,0,0.000956173345450237,0,0.000456680112894721,2.56441699996599e-120
T>C,TTG,0,0.00655244680669843,0,0,0,0,4.72127037559883e-203,0,0.018517181844721,0,0,1.47463068521648e-197,0,0,0,0,0.0435439316098023,3.20456294844174e-133,0,0,0.00110124690046217,0,0.00316417260821011,0.0116664597588749,0.00873925548320612,0,3.15176382914669e-73,1.26262334652647e-196,3.42101495694602e-173,0.0139504350584226,0,0,7.3346318798806e-68,0,0,3.6229172656616e-133,4.69051393427787e-10,0,0,0.000737426959875849,0,0,0,0,0.0276684740012931,1,0,5.83928635203687e-270,0,0,0,0,0,0,9.36810993303832e-233,0,0.00135124340749077,0,0.000130116919059435,0
T>C,TTT,0,0.00624511745598872,0,0,0,0,0,0,0.0430016899932964,3.47296904624061e-159,0,9.8866617095031e-234,0,0,0,0,0.0487937737270409,9.47850452345068e-285,1.44362398039321e-239,0,0,1.10910640460105e-40,0,4.28141648582814e-84,4.98841109268633e-60,0,0.904500269554051,1.14652639442214e-167,0,0.0752477056644157,0,0,4.53878268989388e-307,0,0,0,2.73643776364876e-299,0,0,0.0170899304011016,0,0,0,0,0.0454765693375111,0,0,0,0,2.62302884335464e-129,7.4755016958578e-215,0,0,1.1974724269357e-134,0,0,0.0014330391472585,0,0.00084158252893109,0
T>G,ATA,0,0,0,0,0,0,0.171733813500642,0,0.000352190408141741,0,4.67474315726028e-171,0.00423241414856917,0,0,0.00242665205120473,0,0.00340399676290283,4.66251712438289e-05,0,1.54678000122011e-114,0.0010825118863112,4.97329642897108e-41,0,0.00334970426602261,0,0,0,5.79869145521128e-239,0,0.0126113177692044,0,0,0.0224864020290403,0,0,0,0,4.10239403867062e-281,2.68042115078865e-132,0.000936788840312701,0,0.000535837043505875,0,0,0.00506116668624263,0,0,0,0,0.000683868286506481,0,0.00131307241360529,0,0.000246805535590825,0,0,0.0012806010835899,0,0.000395013199545077,0.00155221122618416
T>G,ATC,0,0.00136716596511949,0,0,1.1125369292536e-308,0,0.0153949076184535,0.00532897642687736,0.000219644636153337,0.00139768973499521,0,0.00374470091143163,0,0,0,0,0.00265258729071609,0,0,1.54435521455067e-06,6.36153773474986e-171,0.000284245252828864,0.00105119901356458,0.00262036605349825,0.0013099975261457,1.47138105844175e-36,6.77412637784716e-05,2.04586036551572e-72,0,0.00108869290796227,0,0,0.0305933152632634,0,0,0.000931138277490252,0.0155149116356729,0,0,0.000383913760677891,0,0,0,0,0.00379870070881822,0,0,0,0,0,2.88521336597657e-103,2.91276501407889e-113,0,0,4.17444092978638e-44,0,0.00425586415806419,1.68305305452018e-229,0.000270420759405953,1.25675935535043e-242
T>G,ATG,0.00954621624674851,0.00298161909458845,4.24111300859923e-81,0,0,0,0.00834536674513538,0,0.000330515135729725,0,0.00174841638458259,0.0102704162796961,0,0,0,0,0.00229005657719406,0.000454122101660627,0,0.0359884228143331,0.00086451706103756,0.000374994041877125,0.00402064802637305,0.0194941715224827,1.244496544969e-109,4.06467439341711e-11,0.0151600505445089,0,0,0.000197315584543492,0,0,0.021249073914382,0,0,0,0.00912835005329972,0,2.00853539607301e-149,0.000518899180847928,0,0,0.00437046984076171,4.66691643854953e-222,0.0143467921092846,0,0,0,0.00673096724119043,0.000290989017236365,0.00179678286991623,0.00376341348058454,0,0.000285268288936854,0.00243231573484031,0,0.000552913247750429,0,0.000297966496634202,7.00315861755834e-130
T>G,ATT,0.00145194497808548,1.56674219454659e-33,0,4.62378618499619e-255,0,0,0.0124197182058888,0,0.00157152594093906,0,0,0,0,0,0,4.1567441946378e-254,0.00251852204616352,4.80328732274015e-288,0,0,1.88501411684495e-05,0,0,1.45480213277994e-107,7.1617656543257e-67,0,0,0,0,0,0,0,0.0733295481896577,0,0,0,0.123896097832821,0,0.00269101286243197,0.00960423330271929,0.038121132062476,0,0,1.1125369292536e-308,0.0163972801329693,0,0,0,2.85646086633709e-16,0.000200825557909132,1.89084163014376e-91,0.0952082082059531,0,0.000621259122681318,8.52529567449743e-57,2.75347193550121e-99,0.0686461641096855,0,0.000263997410547396,0
T>G,CTA,3.02255999258704e-278,0.000471957950613971,0.000385093245126186,0.00100764357290485,0,0,0.0949097479781176,0,0.000530288805345939,0.000758862160731269,0,0.00668433209933528,0,1.12033254607045e-150,0,0,0.00163850867909875,0,0,0,0.000766944543702642,0,0,0.00258561832914629,3.90322173416104e-165,0.00333990581978864,0,4.26533552553458e-05,0,0.00294435127133135,0.00843450991540823,0,0.00506742084130282,0,0.000212664586380737,1.9186854825543e-239,0.00729326606969455,0.00128545547820454,0.000956765107515761,1.73253931248974e-05,0,6.75271519851471e-264,0,1.11253779955578e-308,0.00202196902772372,0,0,9.80233510466363e-270,4.49598521610332e-264,0,0.000792967726496367,0,6.92127151687509e-254,8.65224473012838e-05,0.0048164074203218,1.36049070166121e-304,0.00217737980141288,1.1125369292536e-308,4.93189464448004e-05,1.5124359494248e-116
T>G,CTC,0,0.00107736139301084,0,8.81727934644625e-157,0,0,0,6.43505355014366e-166,0.00319781704204144,0.00126755124919199,0,0.0127032209782271,0,0,3.35112314589037e-80,0,0.00381314095592362,7.78257276481315e-05,0.00138296535243702,0,0.00016398682802944,0.00026200583378548,0.00223321454517385,0.00736301164210455,6.07512275786939e-60,0,3.04427949279408e-11,0,0,0.00592701739052822,0,0,0.00719407984349039,0,0,0,0.032566143230358,0,0,0.000334581312133966,0,0.000839121008420766,0,0.0046124098912561,0,0,0,0,7.90348718313337e-74,0.000859832710963465,0.000717557642329497,0.106890222121566,0,0,0.00118565911163054,0,0.0256624963865104,0,0.000154687914896885,0.00110486333911627
T>G,CTG,0,0.00206628531953234,0,1.1125369292536e-308,0,0,0.0412824410657692,9.78022499820511e-54,0.005029060390458,0.00170758302292406,0,0.0221369533631434,0,0,0,0,0.00417382738579484,0.000252714762557203,0.00042434645028365,4.60402662879581e-300,0.00430071917122076,2.30179761969587e-131,0.0056755185073284,0.0104305398663813,0.000425662982718182,0,0,5.22676428828197e-293,0,0.000476872587116434,0,0,0.000980471782160358,0,0,0,0.0211378124236386,0,0,0,0,0,0,0,0,0,0,0,0,0,0.000979918472788306,0.0446454028809324,0,0,0.0104665613583392,0,0.0111151602125924,0,0,0
T>G,CTT,0,3.49751664151964e-107,7.66468100857548e-147,0,0,0,0,0,7.7242233229612e-50,6.88063403843168e-247,0,1.11500119746779e-19,0,0,0,0,8.86682545496472e-39,0.000403037446245554,0,0,0.000565346555743501,0,2.01331513201386e-33,0.00955948808143591,2.25243213393628e-267,0,0,1.62614341413538e-230,0,0.00365167540649015,0,0,3.87099012254331e-54,0,0,2.5552412925874e-131,5.36473957314419e-294,0,0,2.7562224074693e-88,0,0,0,0,1.33769120733927e-55,0,0,0,4.07674494837366e-301,1.41669138400597e-293,4.51365842827935e-243,0,0,9.49179834756926e-274,3.59176962671796e-225,0,0.626657957612229,0,1.00225736844477e-294,9.5126334346566e-175
T>G,GTA,0,0.000374968286943101,6.46913478355072e-05,0,0,0,0.0350677243862629,0,0.000341095792482618,0,0,0.00855741642633083,0,0,0,0,0.00123076458617291,3.35545193516005e-05,0,0.0477333597361191,0.000369610779411076,0,0.00176829145603247,0.00426632668623304,0.00144111305104964,0.000295800087940505,0,0.000146836374062621,0,0.00252621379846262,0,0,0.00186636601419169,0,0,0,0,0,0,0.000344082411406718,0,0,0,0,0,0,0,0,0,0.000404059674281999,0,0.00177849020785817,0,9.22729327054848e-05,0.000903320641332947,0,0.000357581771952685,0,4.80334820734223e-05,0
T>G,GTC,0,0.000529957080616384,0,0,0,0,0.0183090273393506,0,0.000175784377036043,0,0,0.00400691597031478,0,0,0,1.41842959573081e-287,0.000892356830582975,0,0.000182674880000933,0.0188561454549693,0.000157246065421158,0,0,0.00233369614146472,1.10368686881375e-57,0.00305440033922861,0,0,0,0.00188175519433058,0,0,0.00528551353266091,0.00569063852147344,0,0,1.81430400234589e-195,0,0,0,0,0.000779982907612311,0,2.11235180102998e-213,0,0,0.00137290586084242,0,0,0.000143161116207188,0,0.0146499354232323,0,0,0,0.00141452252709904,0.00742946630048682,0,0.000127542187407892,0
T>G,GTG,0.000386467711987408,0.003573915781084,1.11941977652592e-33,0,0,0,0.00895636539481937,0,0.00100235266951434,0.00253330358916379,0,0.0228345572875368,0,0,0.000539454497058186,0,0.00220103546211566,0.00049696225519298,0.00346710184762218,0.0130402198215075,0.00228116339169976,2.50006964206268e-225,0.0127800962878654,0.00792173284064089,0.00494189915961868,0.000727149993171676,0.0213541850293897,0.000564044138823726,4.87531052032345e-301,0.00586799876165069,0,0,0,0,0.00968405632194149,1.11253692925477e-308,0.0031280111417872,0,0,0.000587728698917511,2.73052337935739e-201,0,0,0,0.00477542341616724,0,0,9.02902071276455e-302,0,0,0.00195526181596175,0.00288360466111728,0,0,0.00118064588439508,1.1125369292536e-308,0.00142634807469073,0,0.000229052973454647,0
T>G,GTT,0,5.14363501866543e-52,0,0,0,0,0,0,0.00130998636173076,7.07723844995921e-168,0,9.50878585064884e-204,0,0,0,0,1.35856643200992e-264,0,0,0,5.60904627971032e-278,0,7.32614926782561e-226,0,1.81135374716164e-139,0,0,0,0,0.0078431067008257,0,0,9.23232234035064e-222,0,0,2.39334983220663e-57,1.77631689235042e-170,0,0,0.00208334645152941,0,0,0,0,0.00816445562741001,0,0,0,0,0,0,0.713436264148879,0,0.00145498009987442,0,0,0.0866043146530683,0,0.000709220673956583,0
T>G,TTA,0,0.000985837028680243,0.00154622206502064,0,9.27629343803871e-168,2.58651976855755e-12,0.293659006509484,0.010671632723781,0.000399738330518018,0.00285392795464155,0,0.00899571079109759,0,0,2.62224075249514e-166,0,0.00152404147937191,0.000105735490416871,6.07173658696789e-98,0,0,0,0.000484070458741582,0.00380056807228133,0.00189379948998282,0,3.79475275867494e-292,0,1.89225086863417e-175,0.0203173334200761,0,0,0.0173430595042935,0,1.20642158700441e-99,0,0.011896400546704,0,0,0,0,0,0,0,0.000564893946900847,0,0,1.1125369292536e-308,0,7.31095572256875e-226,1.11253692925498e-308,0,0,0.000145877327606638,9.74378469672134e-213,0,0,0,9.27825823749875e-05,0
T>G,TTC,0,0.0023673922294838,5.48598846187425e-110,0,2.69501738394446e-232,0,0.00711087609093832,0.00598384331923235,0.000583630968630944,0.00454494351001353,0,0.00929167153387186,0,0,0.00105024203609767,0,0.000958890395454513,8.23968122512145e-05,0,0.0324324011692082,0,0.000271266326927059,0.00170933783384931,0.011961163006261,5.55132939409964e-260,0,0.0235907934555589,1.59798584260933e-216,0,0.0201206000792096,0,0,0.0380429398038083,0,0,0,0.0332766450620771,0,0,1.98548377033321e-05,2.31809025612409e-267,0,0,0,0,0,0,7.10603181453914e-275,0,0.000238297589387339,0,0,0,0,0,0,0.00796001973195376,0,9.33133633038741e-05,1.1125369292536e-308
T>G,TTG,0,0.00247751034795341,0,0,0,0.0159141516495616,0.0314426244550834,0,0.00224209470135844,0.00302246466020477,0,0.0133774375779437,0,0,0.00131837498741949,2.3648987893585e-289,0.00284570720573286,2.68249512119895e-05,0.00589835402646761,0.152880099847918,0.00257348030230644,6.25987016684368e-05,0.000361350918214557,0.0127228898053047,8.94513886468136e-50,0,1.8774248326407e-164,0,0,0.00762131039993456,0,0,0.0218006438811152,1.1125369292536e-308,0,0,0.0129914894790666,0,0,0.00157942463620399,2.9929116661242e-213,3.43379805508452e-221,0,0,0,0,0,0,7.9252601935386e-235,0,0,1.57179173030846e-68,0,0,0.00171088565059085,0,0.00414673676439184,1.1125369292536e-308,0,0
T>G,TTT,0,1.25628870305775e-40,1.8243335480042e-161,0,0,0,0,0,0.0128848492034575,1.35595805739884e-46,0,0.00814026555249993,0,0,0,0,4.18571047775154e-23,2.85732814769845e-33,0,0,2.63983984286288e-05,2.81416229981997e-211,0.00694859451658257,0.012534430387731,7.38053367910868e-21,4.08689199554443e-210,1.98537368603251e-277,9.13055842133303e-62,0,0.0202552262962928,0,0,0.0387686556788348,0,0,1.70482951546565e-60,0.695389724861258,0,1.1125369292536e-308,0.00430695934704613,0,5.18155445743896e-260,0,0,1.18199751404423e-48,0,0,0,0,5.30524826085182e-25,1.86729626293623e-287,8.96212764524005e-303,0,0.000345212483415142,2.760112634748e-282,0,0.0943876941965632,0,5.62614126768941e-05,4.77346135463364e-142
