Mutation type,Trinucleotide,SBS1,SBS2,SBS3,SBS4,SBS5,SBS7a,SBS7b,SBS7c,SBS7d,SBS12,SBS13,SBS16,SBS17a,SBS17b,SBS18,SBS22,SBS28,SBS29,SBS35,SBS38,SBS40,SBS41,SBS44
C>A,ACA,0.000886157230877471,5.80016751463797e-07,0.0208083233293317,0.0421964976906917,0.011997600479904,6.70435065427006e-05,0.00232938611358363,0.00483040594731581,4.03937995517688e-05,0.00452059219757788,0.00181991985072977,0.0159950367400995,0.00207026139120325,0.000607958306219358,0.0515338577445382,0.00601276346608901,0.000783905147477154,0.0632092620531686,0.00882694852389529,0.0127948692574278,0.0282037510988962,0.0021101932937057,7.68194564478318e-18
C>A,ACC,0.00228040461219034,0.000148004274511452,0.0165066026410564,0.0332972363293847,0.00943811237752451,0.000179116233897663,0.00046087854006955,0.00115009665412281,0.000764882590522354,0.00113014804939447,0.000720968248558332,0.00289910040914304,0.000918115921316224,0.000128991153786673,0.0158103874245379,9.54438660008139e-05,0.00252969390703724,0.0512075034354784,0.0461840341793842,0.0100959515234391,0.0134017824370641,0.00122011176223742,0.000150038000874672
C>A,ACG,0.000177031410683197,5.23015105199252e-05,0.00175070028011204,0.0155987053074595,0.0018496300739852,7.12462338185117e-05,0.000185950994474916,0.000377031685742869,0.000249961630889658,0.000540070749268154,0.000263988373952011,0.00101968359218135,4.76060107349154e-05,5.81960089177082e-05,0.00243159755959666,0.000765351755666904,0.000352957292167647,0.0192028137883044,0.00138951964305939,0.00189923840539943,0.00292038841165875,6.14056247552276e-05,9.16232058674661e-07
C>A,ACT,0.00128022715070335,9.78028246433782e-05,0.0122048819527811,0.0294975517032086,0.00660867826434713,0.000248161039143131,0.000709812935898873,0.0019601647322441,0.00404937842041246,0.00122015984093916,0.000347984674754923,0.0105967118403159,6.18078038533145e-05,0.000455968729664519,0.0214140690433615,0.00172079087548637,0.00396951968811773,0.0356052172324811,0.0215925354604913,0.00884645257251842,0.014801968661832,0.00133012183916047,0.00578146430037068
C>A,CCA,0.000312055367983941,0.0002080060074215,0.0225090036014406,0.0806933024558961,0.00742851429714057,0.000455295454879534,0.00113969964355594,0.000109009161129901,0.0144977745916002,0.00542071011302481,0.00139993834671521,0.0103967738810647,0.000295037251403362,0.000270981416094484,0.0740486499630257,0.00183084145473259,0.00202975439971763,0.0542079430899009,0.029889667142069,0.380847280240624,0.0208027667679801,0.00238021802797136,2.84071948322711e-05
C>A,CCC,0.00179031765606171,9.53027524387929e-05,0.0253101240496198,0.0796933854490077,0.00613877224555089,0.000240155844332062,0.0015495916206243,0.00309025970542564,0.0032195058058588,0.0042805607534587,0.000967957371157372,0.00902719886019368,0.00116014648009458,4.10971815552889e-05,0.0196128856658825,0.00443203696418874,0.000108986812595676,0.0369054077493975,0.0329885958424173,0.0694721416711899,0.0147019553600629,0.000919084188111631,0.0303076761766836
C>A,CCG,9.32165394105873e-05,2.23006440649012e-16,0.0025110044017607,0.0244979666687665,0.00345930813837233,2.23144805358541e-16,0.000407892504009493,0.00191016052989093,8.50869391548397e-05,0.001170153290081,4.32980931519775e-06,0.00173946024548583,2.22028033259479e-16,2.22984707708745e-16,0.0120078891831934,0.000136062534340783,2.21973141249908e-16,0.014802168961818,0.00219923972282782,0.0509795571975638,0.00254033786493604,0.000261023909790137,0.00374094748847514
C>A,CCT,2.23039573911599e-16,0.00042101215925217,0.015406162464986,0.0689942734753015,0.00648870225954809,0.000372241558714696,0.0014896074288582,0.0135011346353547,0.00011698204325636,0.00110014411887957,2.21990223550554e-16,0.00248922759267799,0.000137017299804273,0.000181987519295926,0.0363238647791599,0.000110050579246221,0.000202975439971763,0.0519076060215103,0.0824714896060432,0.183926245575524,0.0147019553600629,0.00265024276223702,0.0867219645055601
C>A,GCA,0.00158028038914944,8.62024896141022e-05,0.0071328531412565,0.0315973774176743,0.0101979604079184,4.06263636661738e-05,0.000745803450958534,0.00105008824941648,0.00016797421595785,0.00198025941398323,0.000948958207880523,0.00860732914576607,0.00178022477117961,0.000997931561853485,0.109071660080673,0.00223102537926431,0.000155981126283719,0.0971142301481436,0.00986658912014116,0.0119951899288385,0.0142018888512172,0.00309028306992921,7.68194564478318e-18
C>A,GCC,0.000339060159444089,2.23006440649012e-16,0.0109043617446979,0.0347971118397173,0.00764847030593882,0.000138089610490936,0.000214943353828532,0.000742062362920978,2.21965928230017e-16,0.000417054634157075,0.000450980138834685,0.00424868163408894,0.00128016163320781,2.77980936067404e-06,0.0173113735724371,0.00173079547359966,0.00101987659493201,0.0903132335981191,0.050182651857253,0.0062774827294255,0.0102013567804518,0.000723066232866931,0.00467118309389811
C>A,GCG,0.000587104169892862,1.39004014574944e-05,0.00143057222889156,0.0152987302053929,0.00233953209358128,4.25275974338026e-05,7.28807929958139e-05,2.22018658448056e-16,1.81972067287671e-05,0.000447058564671972,0.000163992777758067,0.00135957812290846,0.000106013385250022,9.23936636425471e-05,0.00756497018541182,0.000515236802834582,3.94952210782495e-05,0.0230033706839063,0.000506824790669866,0.00136945085020907,0.00255033919511295,0.000220020153846092,0.000605153270194508
C>A,GCT,2.23039573911599e-16,5.12014787499076e-05,0.0100040016006403,0.0211982405460347,0.00681863627274545,2.23144805358541e-16,0.00014696126982695,0.000363030509083983,7.39886427433388e-05,2.75036029719893e-05,6.14972916592752e-05,0.00579820081828609,4.70059349693492e-05,0.000533963380791344,0.0623409580094122,0.000551253356042436,0.000157980884312998,0.0846123982547162,0.0228920862057987,0.00908635637109519,0.0108014365910666,0.00195017863636309,0.0113028627325586
C>A,TCA,6.58116769658438e-05,0.000639018455492011,0.00841336534613846,0.0397966968741594,0.00785842831433714,0.000390253247039601,0.00289923593536159,0.00252021179859955,0.0113982503685684,0.0034804559397281,0.0789965209932153,0.0107966497995672,0.000190023992429284,1.23991496663159e-05,0.0738485184766392,0.00078436049208216,0.0142982699093409,0.0452066241266333,0.00526817879059209,0.0176929051450368,0.0260034584599752,0.0033103032237753,0.000853216098307299
C>A,TCC,0.00253044897756208,0.000170004909911803,0.0168067226890756,0.0468961076230673,0.00916816636672666,0.000636412987479964,0.00351907258361132,0.0142011934682991,0.00775880902281499,0.00288037732943016,0.0293987052810194,0.00586817910402402,2.59032705469392e-05,2.22984707708745e-16,0.0436286640322692,0.00174080007171296,0.000451945314616931,0.0411060232655891,0.0230920170896921,0.0114953903484703,0.0210027933715184,0.00172015756643308,0.00222056241294514
C>A,TCG,2.23039573911599e-16,8.53024636204515e-05,0.00141056422569028,0.0108990953750839,0.0022995400919816,3.44223376875956e-05,0.00029992095883051,2.22018658448056e-16,2.21965928230017e-16,0.000505066163667441,0.0120994671394672,0.00148953779642177,2.22028033259479e-16,9.50934784892449e-05,0.0127083493855463,2.22102078115101e-16,0.00012898439288846,0.0174025499956509,9.46672735235429e-05,0.00237904600255298,0.00317042166608159,0.000207018962937005,3.1507980183681e-07
C>A,TCT,5.88104347354349e-06,0.000440012708007018,0.00997398959583833,0.0412965723844921,0.0126974605078984,0.000613398052398142,0.0014096285065034,0.00373031349554616,0.000190970685999699,0.00235030789033363,0.0354984366488499,0.00924713061537005,0.000288036367471757,0.00256982376148643,0.122080206695799,0.000396182085286397,0.00055693261115405,0.0411060232655891,0.015294712617848,0.0277888566684759,0.0241032057263616,0.00590054048950884,0.0166042054301303
C>G,ACA,0.0018603300783658,2.23006440649012e-16,0.0197078831532613,0.00688942817746127,0.0100979804039192,6.49421429047951e-05,8.55774469196388e-06,0.00112009413271091,0.00117981889779919,0.00122015984093916,0.00386982957270561,0.00173946024548583,0.00101012753870304,0.000145989988006622,0.00173113735724371,0.00166076328680661,0.000153981368254441,0.00314046017162895,0.00357876282169254,0.00268892174238131,0.0122016228158345,0.00533048827272578,0.00318080561854304
C>G,ACC,0.00122021650301413,0.00013300384128394,0.0117046818727491,0.00283976429956314,0.00569886022795441,2.16140259898856e-05,0.000188950204063221,0.000319026811013197,0.00254960863507451,0.000642084113018806,0.000950958119804402,0.00200937649047501,0.000569071851011908,4.33970238321055e-05,0.0025917027487059,0.000195089663209211,0.000223972899279187,0.00263038543037711,0.00454842760857572,0.00157936667396374,0.00868115459356094,0.0031602894825166,0.000233059028025323
C>G,ACG,0.000115020408071004,1.52004390038788e-05,0.000253101240496198,0.00127989376881719,0.00171965606878624,5.08329870502865e-05,0.000504866947364691,2.22018658448056e-16,0.000905860950344122,7.510983938896e-05,0.000263988373952011,0.00084673725742902,0.000152019193943427,2.22984707708745e-16,0.00192126226931094,0.000231106216417065,2.21973141249908e-16,0.000896131310120872,0.000345880429135648,0.000635745066228442,0.00225029928980554,0.00121011084615351,3.14079548497646e-05
C>G,ACT,0.00114020230609517,9.12026340232729e-05,0.017406962785114,0.00354970537445392,0.0100979804039192,9.56620779922714e-05,0.000284924910888984,0.0019301622108322,0.00290955338355562,0.00144018866471508,0.00399982384775774,0.0114964326569465,1.96024750084946e-05,0.000318978124480222,0.00408268232228574,6.20285083024157e-05,8.32899219194476e-05,0.00249036491317073,0.00947672389654897,0.00243902195219717,0.0146019420582938,0.00827075760139629,0.00329083348585113
C>G,CCA,2.41042768218364e-05,2.23006440649012e-16,0.0193077230892357,0.00782935016393639,0.00695860827834433,2.23144805358541e-16,0.000457879330481245,0.000206017313695043,0.0013197974110974,0.00134017556299875,0.00560975294648023,0.00354889877670959,0.000553069830596811,0.000193986696392361,0.000613403005774794,0.00105048280189575,1.43982578108049e-05,0.00329048215435008,0.00385866605914336,0.00168932258164476,0.00756100561374663,0.00208019054545396,5.3613578979216e-05
C>G,CCC,7.68136290422007e-05,0.000351010137523781,0.0141056422569028,0.0068694298373235,0.00906818636272747,0.000131085065031251,0.000959747068257631,0.00226018994636309,0.000285956105737769,0.000891116736292455,0.000647971463336753,0.00453859167500325,0.000235029674846746,4.65968043911548e-05,0.00226148579616808,0.000785360951893489,7.54908656052617e-05,0.00634092913634635,0.0062978228426433,0.00125949494252805,0.00935124371541415,0.00120010993006959,2.49063081451955e-05
C>G,CCG,0.00035206246644342,4.87014065453223e-05,0.00150060024009604,0.00339971782342066,0.00248950209958008,7.75503247322284e-05,0.000790791594783111,0.000262022020330588,0.0013197974110974,0.000173022665969242,0.000487978509426444,0.00145954710253408,0.000232029296018915,2.22984707708745e-16,0.00358235360631935,0.000239109894907699,2.21973141249908e-16,0.00130019051691644,0.000869699344936456,0.000956616396824873,0.00168022346972147,0.000411037651048836,7.68194564478318e-18
C>G,CCT,2.23039573911599e-16,6.36018368846509e-05,0.0223089235694278,0.00681943398697908,0.00952809438112379,9.56620779922714e-05,0.000889765511197179,0.00424035635954845,2.21965928230017e-16,0.00156020438677467,0.00639971815641238,0.00961701583998485,3.90049247618004e-05,0.000192986764967658,0.00379249166702524,0.000320147139625372,2.21973141249908e-16,0.00669098042936231,0.0161944015953685,0.00126949093413541,0.0139018489459098,0.00503046079020838,8.64218885038108e-05
C>G,GCA,9.59170185566022e-06,6.54018888719523e-05,0.0127050820328131,0.00528956096643978,0.00467906418716257,1.96127272871184e-05,5.10865366541302e-05,0.000182015296565523,0.000195969918617492,0.000564073893680072,0.00149993394290915,0.00104967428606903,0.000878110870278479,5.98958923397031e-05,0.000635417469277315,0.001400643735861,0.000182977859678979,0.0022703326718464,0.0033788319377991,0.00119951899288385,0.00506067306951825,0.00204018688111831,0.00021905548127702
C>G,GCC,0.000164029103683866,0.000261007538158709,0.00863345338135254,0.00574952278960846,0.00507898420315937,3.32215584659352e-05,0.000451880911304635,0.000473039754260947,2.21965928230017e-16,0.000289037863960179,0.000478978905768989,0.00308904147043172,0.000835105440412905,5.54961940710105e-05,0.00134088095878993,0.000930427624536236,2.21973141249908e-16,0.00164024034441767,0.0213926045765979,0.00107956709359547,0.00537071430500257,0.00269024642657267,0.00119030147360573
C>G,GCG,0.00016602945860684,2.23006440649012e-16,0.00242096838735494,0.00329972612273181,0.00150969806038792,4.51292857474e-05,0.000336911210419606,0.000180015128471397,0.000544916355339455,9.54124990373739e-05,0.000240989386827404,8.12747804356308e-05,2.37029927398633e-05,2.22984707708745e-16,0.000639420099005047,0.000211097020190479,2.21973141249908e-16,6.88100827414241e-06,0.00059079576190511,0.00101959114395128,0.00119015829105271,0.000156014290909047,7.68194564478318e-18
C>G,GCT,2.23039573911599e-16,0.000134003870165774,0.0147058823529412,0.00303974770094082,0.00671865626874625,4.20272727581108e-05,0.000276927018653504,0.00128010758024104,0.000881864633778714,0.000504066032650277,0.00269988109723647,0.0032289980419076,0.000787099379167612,2.22984707708745e-16,0.00123080864127732,0.000455209214154825,2.21973141249908e-16,0.00321047043023214,0.00873697962614324,0.000916632430395411,0.00698092846348564,0.00356032612587313,0.00185046867745428
C>G,TCA,2.23039573911599e-16,2.23006440649012e-16,0.0133053221288515,0.00357970288466057,0.00780843831233754,2.23144805358541e-16,0.000253933078476498,0.00194016305130283,0.00373942599810929,0.000969126955631188,0.316986039934801,0.00250922138860312,0.0037504735347885,0.000159989027952463,0.00214140690433615,0.00356163692833226,0.000114986086683511,0.000107015681007738,0.00662770880106747,0.00265893376755921,0.0125016627211419,0.0199018230069874,0.000673170497257693
C>G,TCC,0.000203036024681859,9.87028506370289e-05,0.0203081232492997,0.00594950619098615,0.00759848030393922,5.09330519854248e-05,0.00161957317768475,0.00461038745696188,0.000587909755852476,0.00155020307660304,0.0634972035831541,0.00522837763442004,0.000723091297507223,6.17957620466386e-05,0.0046430504841681,0.00152069891322051,0.000135983545990935,0.0068310009465687,0.00562805438160028,0.00217912617040567,0.0141018755494481,0.0142013008391569,9.40238138814608e-06
C>G,TCG,6.9412315827197e-05,4.12011899315663e-05,0.000520208083233293,0.00182984812260582,0.00170965806838632,6.35412338128581e-06,0.000363904096714352,8.75073541180399e-06,0.000872866015066687,0.000214028037672935,0.0137993922747642,0.000438863820556481,0.000380047984858568,1.54989370828948e-05,0.000899591031307569,0.000381175188116458,2.4597023760125e-05,0.000897131456672346,0.000154946435017415,0.0010995590768102,0.00174023145078295,0.00193017680419526,7.68194564478318e-18
C>G,TCT,0.0015602768399197,0.00118003408056428,0.0235094037615046,0.00337971948328289,0.0124975004999,0.000281182467738789,0.000713811882016613,0.0123010337788788,8.52869084595514e-05,0.00305039960234791,0.368983749955651,0.0284911591933023,0.000283035736092039,0.00149989713705434,0.00318209063354624,0.000388178406795763,0.000142982699093409,0.000336049241295327,0.0211926736927044,0.00394841668490935,0.0237031525192851,0.0446040857342533,0.00259065614843599
C>T,ACA,0.0250044365371747,6.11017646800655e-05,0.0142056822729092,0.00869927795992932,0.0325934813037393,0.000122079220868798,0.0014096285065034,0.00133011178259421,0.00332948892345025,0.0055107219045695,0.00717968380672514,0.00175945404141095,0.00122015405665119,0.00057096084350535,0.00920604837378158,0.00176080926793954,0.000776905994374679,0.00509074594700361,0.00220923626702249,0.00344861710454108,0.0197026204485197,0.00988090509090633,0.0899227751908864
C>T,ACC,0.00632112155659776,0.0013800398569311,0.0124049619847939,0.00417965308879363,0.0178964207158568,0.0177114935194896,0.0380899617714747,0.00768064548144624,0.00139978513298209,0.00212027775638609,2.21990223550554e-16,0.00372884294003571,0.00171021593186356,7.02951791566132e-05,0.00465305705848743,0.000220101158492443,0.00337959106948059,0.00431063163685375,0.00398862113367409,0.00214913819558357,0.0121016095140654,0.00336030780419486,0.0169042814318797
C>T,ACG,0.365064773442751,3.27009444359762e-05,0.00257102841136455,0.000782935016393639,0.00617876424715057,2.23144805358541e-16,0.000542856935483223,0.000927077911627691,0.00120981429350595,0.000118015460025263,0.000302986656467649,0.00326898563375784,3.95049878997722e-05,0.00028698031888973,0.0122080206695799,0.00136062534340783,0.00704914705320655,0.0201029456846312,0.000579799563290971,0.0051779236526153,0.000267035515723591,0.00343031421678226,0.014303622750052
C>T,ACT,0.00958170008104535,0.00186005372021149,0.0121048419367747,0.00424964727927582,0.021995600879824,0.00742481818726625,0.0107971545178984,0.00748062867203358,0.032894950625079,0.00238031182084853,0.00031798599589674,0.00599813877753733,0.000737093065370432,0.000146989919431325,0.00797523973250426,0.00061628324377884,0.00505938781407449,0.00183026818919776,0.000899688977520471,0.00243902195219717,0.0169022479989839,0.00635058171328494,0.0303076761766836
C>T,CCA,0.00200035492297398,0.00432012476952345,0.0161064425770308,0.012698945987483,0.0193961207758448,0.0500324675691796,0.106971808649548,0.00271022776754158,0.0355945362386873,0.00659086340310581,1.92991500654311e-05,0.00716777583915711,0.000821103672549694,0.000456968661089222,0.0117076919536135,0.00121055637170844,0.000291964672274654,0.00761111525671856,0.00509823753928267,0.00423830044152295,0.0196026071467505,0.00691063301398408,0.00357090442081718
C>T,CCC,0.000270047914601487,0.000170004909911803,0.0202080832332933,0.0114990455792169,0.018996200759848,0.0553359091315126,0.181952048357176,0.00597050176096798,0.00259960096125245,0.000254033278359465,0.00134994054861824,0.00283911902136767,0.00172021719462299,5.88959609150002e-05,0.00676444423986559,0.00319146679814042,0.000209974593074238,0.00164024034441767,0.0831712476996702,0.00472810403028386,0.0173023012060604,0.00185016947552396,0.0028607245500104
C>T,CCG,0.19603478245145,0.00277008000268055,0.00224089635854342,0.0033097252928007,0.01749650069986,0.0067143571477839,0.0220941773005142,0.00894075138074603,0.00263959482219479,4.09053586019769e-05,0.00198991236425947,0.000690785649213049,0.00190023992429284,0.00054296276361367,0.0168110448564707,0.000426195879626276,0.00254969148733003,0.0153022422375551,0.0026690772999774,0.00349859706257791,0.00236031392175159,0.0101009252447524,0.0155039267570494
C>T,CCT,0.00019603478245145,0.00145004187865949,0.0230092036814726,0.0159986721102149,0.0230953809238152,0.0566367532883113,0.125966802708814,0.0206017313695043,0.000137978820251091,0.00338044283801178,0.00144993614481218,0.0192940130677451,0.00174021972014186,0.000135990673759593,0.00665437192235299,0.00160073569812686,0.00331959832860223,0.000673098629142128,0.046983757714958,0.00409835655901983,0.0216028731821332,0.00773070813286497,0.00504127682938896
C>T,GCA,0.00444078792900222,2.23006440649012e-16,0.01640656262505,0.00408966055817367,0.0193961207758448,8.49551299324669e-05,0.000854774732666953,0.00015701319538894,0.000364943981098901,0.00448058695689135,0.00717968380672514,0.00649798367566544,0.0016402070925475,6.10958100493466e-05,0.00968636394110931,0.0023810943509637,0.00324960679757749,0.0104015241353315,0.00728748071791582,0.00236905001094561,0.0143019021529863,0.00601055056643188,0.0955241938902075
C>T,GCC,9.28164684259925e-05,1.29003725756603e-07,0.0134053621448579,0.00445962985072239,0.0215956808638272,0.011707597411188,0.0262930707241414,9.51079928757211e-06,0.000180972220764113,0.00182023845123711,0.000920959440946219,0.00528835902219541,2.22028033259479e-16,0.000156989233678354,0.00817537121889081,0.00187085984718576,0.000187977254752175,0.00796116654973453,0.017793848666516,0.00295881351578017,0.0116015430052197,0.00864079149650108,0.0814206218079884
C>T,GCG,0.218038686604164,2.23006440649012e-16,0.000528211284513806,0.000481959997320222,0.0122975404919016,5.52358441963743e-06,0.000175953629180566,3.43028828142717e-05,0.000156975904198705,7.46097738803783e-05,0.000177992161225219,0.00116963706161978,0.0016102033042692,0.000854941368120971,0.0148097299926051,2.22102078115101e-16,0.000214973988147434,0.0183026818919776,0.00252912568125199,0.00447820424009972,3.93052275952702e-18,0.0171015665034917,0.049612565622558
C>T,GCT,3.84068145211004e-05,5.04014556444403e-05,0.0113045218087235,0.00380968379624491,0.0185962807438512,0.0161104545572758,0.00538857989365483,0.000758063707673991,0.0420935386418184,0.00267034981582587,0.00126994407166308,0.00671791543084181,6.60083342122776e-05,2.22984707708745e-16,0.0066943982196303,0.00176080926793954,0.000101987659493201,0.00512075034354784,0.00602791614938716,0.00319871731435694,0.0127016893246802,0.00841077042657107,0.0666168723883542
C>T,TCA,0.00111019698225056,0.536015480663095,0.00576230492196879,0.00373968960576272,0.0202959408118376,0.238154545629295,0.00660825845956557,0.0173014540141953,0.000206968230376637,0.00552072321474113,0.00692969481624028,0.00635802710418957,0.000532067178801995,0.000107992593867912,0.0114074947240337,0.00159073110001356,0.00483941443085386,0.00639093646392006,0.00295897708162288,0.00644741458675071,0.0300039905307406,0.0117010718181785,0.00140035467483027
C>T,TCC,3.73066193134647e-05,0.0973028102024611,0.0133053221288515,0.00698941987815011,0.022995400919816,0.331214935307969,0.210944407710792,0.0137011514447674,0.00564913285810628,0.00264034588531098,0.00447980270948867,0.00367885845022289,9.061144060049e-05,0.000603958580520546,0.0114074947240337,0.00132060695095466,0.00412950033046001,3.61052905082182e-18,0.0125956456852866,0.00722710193212522,0.0231030727086703,0.0064705927062919,0.00225057001312007
C>T,TCG,0.110019520763569,0.0442012765770687,0.000989395758303321,0.000280976678935648,0.0158968206358728,0.0741481169375241,0.0573848767895709,4.64038997837378e-05,0.00174973141622761,8.85115950189475e-05,0.00118994759470793,0.00301906318469379,0.000177022350842017,6.23957209014603e-05,0.0118077576968068,3.77173348871141e-05,0.00173978948547226,0.0144021103412283,0.000764735630892401,0.00346860908775581,0.00212028199750567,0.00492045071328534,7.68194564478318e-18
C>T,TCT,2.23039573911599e-16,0.30000866455024,0.00817326930772309,0.00721940078973445,0.020995800839832,0.107069480598044,0.101973126002373,0.00232019498918689,0.0499923261779316,0.00612080182503908,0.001419937465954,0.0220931444972625,0.000348043944028373,0.000894938625109087,0.00375246536974793,2.22102078115101e-16,0.00198975923913206,0.00428062724030952,0.00803722153251621,0.00657736247764646,0.0224029795962863,0.0115010534965003,0.00302076508427672
T>A,ATA,0.00080014196918959,9.59027697678933e-05,0.0054921968787515,0.00941921820488899,0.00737852429514098,0.00194125974168417,0.00248934395829323,0.0124010421835851,8.88863559443625e-05,0.005170677358734,2.21990223550554e-16,0.0230928342935187,0.00101012753870304,6.25957071864009e-05,0.00249163700551262,0.0639293819439414,0.000171979190517947,0.000619090715362522,0.00488831011119456,0.00198920232986572,0.00610081140791725,0.00746068339859931,0.0047812109612062
T>A,ATC,0.00223039573911599,0.000878025358250369,0.00721288515406162,0.00352970703431615,0.00692861427714457,0.000670435065427006,0.00046687695924616,0.00342028744095653,0.00107983424544332,0.0027103550565124,6.51971287184511e-05,0.00773759902302315,0.000997125897115768,0.000288980181739136,0.000878577225236981,0.00701322327741829,0.000477942168997551,0.00200029310294837,0.00735745652727852,0.0019392223718289,0.00444059059854961,0.00430039391608271,0.00260065868182764
T>A,ATG,0.00114020230609517,2.55007364867704e-05,0.00964385754301721,0.0123989708854165,0.00911817636472707,0.000587381169262168,0.00155958898591865,0.000211017733930359,0.00369943213716694,0.00312040877354934,0.000589974017544266,0.00880726710501731,0.00020002525518872,6.569549460298e-05,0.00260170932302523,0.0606278645665547,0.000151981610225163,0.00248036344765598,0.00132954037789136,0.00107956709359547,0.00693092181260108,0.00303027757342573,1.08027360629764e-06
T>A,ATT,0.000183032475452119,2.23006440649012e-16,0.0061124449779912,0.00420965059900028,0.00619876024795041,0.00371240909363312,0.00828781582901642,0.05070426118611,0.0410936921182598,0.00282036946840036,0.000605973312935297,0.0109965877588184,0.00146018436287766,0.000632956591836929,0.007845154266353,0.00251115412643651,0.00169979432488669,0.00196028724088941,0.00736745307147319,0.0027189097172034,0.0107014232892975,0.0696063759440365,0.0308078028462659
T>A,CTA,4.30076308439405e-05,0.000243007018285694,0.00794317727090836,0.0143988048991934,0.00353929214157169,0.000177114935194896,0.00111970491296724,0.0034702916433097,0.0016097529029294,0.000546071535371134,0.000208990796045342,0.00320900424598247,0.000434054803759522,9.35935813521906e-05,0.000542356328107567,0.128058855850149,0.000139983062049492,0.00195028577537466,0.0525818224639742,0.000896640447180681,0.00109014498928357,0.00362033162237661,1.24031414056395e-05
T>A,CTC,0.000393069742364387,0.000244007047167528,0.0178071228491397,0.0121989874840388,0.00518896220755849,0.000261169480711117,0.000957747595198761,0.0134011262306484,8.12875223653169e-05,0.00560073369611419,0.000341984938983287,0.00569823183866046,0.0405051141757158,0.00223984639133448,0.00306201174171431,0.0551253356042437,0.00134983666976296,0.0014102066375786,0.0329885958424173,0.00201919030468782,0.00762101359480811,0.00319029223076834,0.00325082335228455
T>A,CTG,0.000324057497521784,0.000149004303393286,0.0132052821128451,0.0324973027238739,0.00500899820035993,0.000112072727354962,0.000882767355491134,0.000961080769227844,0.00119981582827036,0.00141018473420018,0.000225990047398312,0.00102968049014391,0.0124015658217006,0.000716950831511972,0.00321211035650422,0.16807724830332,0.000805902485799217,0.00198029017191889,0.0581798872129905,0.00177928650611105,0.00346046024121208,0.00312028581818095,0.000582147443393726
T>A,CTT,0.000260046139986617,2.23006440649012e-16,0.0127050820328131,0.0117990206812834,0.00429914017196561,0.000371240909363312,0.000111970491296724,0.0487040930919834,0.00114982350209243,0.00150019652574487,0.000522976968094324,0.00652797436955313,0.0723091297507223,0.00778946579843552,0.00226148579616808,0.0603277266231559,0.0010298753850784,0.00198029017191889,0.0663770534526215,0.00235905401933824,0.00928123440417576,0.00901082539160587,1.38034960804698e-05
T>A,GTA,8.12144098727434e-05,2.23006440649012e-16,0.00706282513005202,0.00921923480351131,0.00366926614677065,0.00040126038990482,0.000525861414482827,0.00173014540141953,2.36963626083396e-05,0.000826108220176843,6.69970494499421e-06,0.000939708408480848,6.46081574259565e-05,9.72933276235913e-05,0.00160105189109245,0.0537246918683827,0.00011598596569815,0.00343050267155646,0.000716752218757976,0.000892642050537734,0.00265035249688209,0.0023302134475518,0.00116029387343079
T>A,GTC,0.000129022892531822,0.000131003783520271,0.00748299319727891,0.00359970122479834,0.00290941811637672,0.000224145454709925,0.000255932551535368,0.00227019078683372,0.000111982810638567,0.00181023714106548,0.000129994275052126,0.000607811396123783,0.00340042933820824,0.000346976204371903,0.00195128199226892,0.0102046900755587,0.000117985723727429,0.000789115629113134,0.00555807857223758,0.00111955106002493,0.00343045625068134,0.00229020978321614,0.00236059788042817
T>A,GTG,0.000246043655525799,6.38018426610177e-05,0.0116046418567427,0.0130989127902384,0.00410917816436713,0.000290188311901242,0.000655827163309381,2.22018658448056e-16,0.00134979280680415,0.00251032885307975,4.69979302111534e-05,0.00554827836922203,0.000695087761780802,0.000240983473353397,0.00183120310043699,0.0375172429248482,7.16913253496326e-05,0.00366053637839553,0.00111961294980325,0.00120951498449122,0.00441058660801887,0.0014301309999996,0.00221055987955349
T>A,GTT,0.000258045785063643,6.28018137791835e-05,0.0123049219687875,0.00551954187802412,0.00321935612877425,0.000306198701523379,5.58852719954183e-05,0.0203017061553853,0.00875865554637362,0.000915119880704372,0.000357984234374317,0.00096570034318351,0.00480060612452928,0.00157989165103057,0.00346227471448742,0.00932428544158894,0.00032396080074311,0.00107015681007738,0.00285901163967616,0.00183926245575524,0.00577076751207911,0.0045204140699288,0.00318080561854304
T>A,TTA,0.00672119254119256,0.000422012188134004,0.00651260504201681,0.00887926302116924,0.00630873825234953,0.000356231169092559,0.00323914635536951,0.015401294324775,0.0166974369434292,0.00375049131436218,0.000295986964734073,0.0122961844939515,0.000119015026837288,0.00118991839539644,0.010807100264874,0.0718330144534427,0.000187977254752175,0.000764111965326279,0.00429851400370892,0.00243902195219717,0.00713094841613935,0.0806073836363411,0.00696176324058476
T>A,TTC,2.23039573911599e-16,0.000192005545312153,0.0105042016806723,0.00430964229968912,0.00413917216556689,0.000389252597688217,0.00223940982593447,0.0342028744095653,0.00122981122397712,0.00645084506070295,0.000231989783169949,0.00466855134851655,0.00570071977287852,0.0002419834047781,0.00273179478917649,0.0236108515473711,0.00124984876829903,0.00193028284434518,0.00529816842317611,0.000927628021163513,0.0103013700822209,0.014301309999996,2.07052441207047e-05
T>A,TTG,2.80049689216357e-05,5.010144697989e-05,0.00671268507402961,0.0095392082457156,0.00478904219156169,2.23144805358541e-16,0.00169955210003956,0.0122010253741724,0.00559914053192835,0.0027703629175422,0.000187991720844614,0.00517839314460723,0.00183023108497679,2.22984707708745e-16,0.00179117680315968,0.0732336581893037,0.000320961163699192,0.000924135413562149,0.00137952309886472,0.000803677725232182,0.00502066774881059,0.00929085104195544,5.02127176260567e-06
T>A,TTT,0.00225039928834573,0.000205005920775997,0.0130052020808323,0.00561953357871297,0.00874825034993003,0.000798518182404106,2.21941509534577e-16,0.279023449130665,0.0272958100931507,0.00525068784010706,6.19972696402449e-05,0.00715777894119455,0.00198025002636833,0.00130991016636079,0.00710466776672274,0.0301138403210115,0.00571930796373638,0.00120017586176902,0.0054081304093175,0.00249899790184136,0.0210027933715184,0.0535049010489361,0.0139035214143862
T>C,ATA,0.00109019343302082,6.1701782009166e-05,0.0165066026410564,0.007949340204763,0.0461907618476305,0.00049031818217796,0.00101973126002373,0.000288024205554234,0.00435933084271564,0.0736096428632151,0.00190991588730432,0.241924930694006,9.65121856285573e-05,9.72933276235913e-05,0.00202132801250422,0.0250114952832321,0.000548933579036936,0.00196028724088941,0.00203929501571307,0.00278888165845496,0.0187024874308283,0.0144013191608351,0.0193048894458744
T>C,ATC,0.00304053948292045,2.15006209594339e-05,0.00776310524209684,0.000714940659925226,0.0133973205358928,0.000227147402764075,0.000455879857422375,0.000533044797084746,0.00392939683758543,0.0403052799916789,0.0001419937465954,0.0128959983717053,0.0127016037044837,0.000251982719025129,0.00209137403273951,0.000899413370385028,0.000440946645455899,0.00229033560287589,0.000820716278382563,0.00163934262360793,0.00734097634985453,0.00579053041258579,0.0032408208188929
T>C,ATG,0.000106018810917621,1.32003812402106e-05,0.0123049219687875,0.00499958503444214,0.0381923615276945,0.000187121428708732,0.00149960479415255,0.00107008993035775,0.00918858955150384,0.070509236710009,0.000427981151710078,0.0638801779807726,0.000376047479754793,2.22984707708745e-16,0.00208136745842018,0.00775356353780197,0.000404951000928887,0.00275040301655402,0.000919682065909815,0.0021691301787983,0.015502061774216,0.00804073653146628,0.0272068908252738
T>C,ATT,0.00574101862893531,0.000155004476684291,0.0173069227691076,0.00155987053074595,0.0382923415316937,0.000615399351100909,0.00214943353828532,0.00265022272471778,0.0509921727014903,0.0638083588950153,0.000958957767499917,0.135957812290846,0.00779098368960063,0.000543962695038373,0.00424278751139499,0.000755347157553611,0.00059492801371034,0.00115016853419532,0.0020292984715184,0.00348860107097054,0.0194025805432123,0.0177016214685265,0.000267067641556915
T>C,CTA,2.23039573911599e-16,0.000302008722313908,0.00883353341336535,0.00517957009568206,0.0132973405318936,0.000451292857474,0.0015295968900356,0.00757063623626928,0.0101984345402981,0.0454059481792115,4.73979125959292e-05,0.0106966808199416,0.011101401662974,0.00064695563178277,0.000386253768726053,0.00674309912835939,0.00131984029932378,0.00118017293073954,0.00132954037789136,0.00194921836343626,0.0109014498928357,0.0103009435664307,0.0146036987518014
T>C,CTC,0.00250044365371747,2.85008231322728e-05,0.0145058023209284,0.00235980413625669,0.0103979204159168,0.00025916818200835,0.000839778684725427,0.00358030088848666,8.88863559443625e-05,0.0497065115530135,0.000121994627356611,0.00316901665413222,0.173021845738243,0.00645955700358067,0.00246161728255464,0.00134061614718124,0.00261968301835478,0.0018402696547125,0.00201930192732372,0.00231907005290878,0.00987131288461365,0.00525048094405448,0.00320081068532633
T>C,CTG,0.000360063886135316,2.23006440649012e-16,0.0101040416166467,0.00549954353788635,0.0207958408318336,0.000104067532543894,0.000729807666487574,0.00217018238212739,0.000934856499527322,0.0374049000419055,2.21990223550554e-16,0.00960701894202229,0.0873110238898761,0.00391973118483534,0.0016210650397311,0.00203093341699845,0.00248969874645168,0.00391057301626407,0.00155946089436882,0.00253898186827082,0.0105013966857592,0.0055705102587397,0.0338085628637593
T>C,CTT,4.26075598593457e-05,0.000186005372021149,0.0158063225290116,0.00255978753763438,0.0148970205958808,0.00182118181951814,0.00572849031366274,0.0431036224284288,0.0396939069852777,0.0459060136877931,0.000111995067737217,0.0154951918419714,0.426053793551974,0.0182987450720629,0.00256168302574792,0.000536246458872497,0.000366955598372596,0.00178026086162405,0.00317890105390567,0.00426828841634505,0.0136018090406024,0.00787072095803976,0.00771195324495812
T>C,GTA,0.00105018633456134,2.23006440649012e-16,0.00998399359743897,0.00289975931997644,0.0140971805638872,0.000101065584489743,0.000265929916829719,2.22018658448056e-16,0.000799877218846906,0.071109315320307,0.000286987361076618,0.00205936098028782,0.000123015531941063,5.9495919769822e-05,0.000708465461808408,0.000721331523968415,0.000490940596187861,0.00108015827559212,0.000564804746998963,0.00169931857325213,0.00601079943632503,0.00606055514685145,0.0270068401574409
T>C,GTC,0.00190033717682528,2.74007913622552e-05,0.0056422569027611,0.00117990206812835,0.0079384123175365,7.41481169375241e-05,2.21941509534577e-16,0.000423035551907782,0.00231964393465603,0.0304039829217628,0.000181991985072977,0.0011896308575449,0.0149018815115596,0.00149989713705434,0.00226148579616808,0.00124057016604831,0.000586928981593226,0.00359052611979233,0.0020292984715184,0.00215913418719094,0.0045806092210264,0.00374034261538357,0.00116029387343079
T>C,GTG,0.00117020762993978,0.000107003090356252,0.0109043617446979,0.00236980330632557,0.01499700059988,7.25470779753104e-05,0.000528860624071132,0.000232019498918689,0.00256960556554569,0.0415054372122748,0.00019499141257819,0.00427867232797663,0.00357045080511865,0.00100993073894992,0.00398261657909246,0.000581267150382315,0.000730911559701275,0.00299043818890782,0.000190933994118233,0.00186925043057734,0.00565075154995614,0.00351032154545356,0.0173043827675454
T>C,GTT,7.13126530040222e-05,1.25003610229267e-05,0.0102040816326531,0.000754937340200763,0.0136972605478904,0.000811526623972093,0.00684819522662997,0.00707059421273763,0.317951194491645,0.0463060660946584,2.21990223550554e-16,0.00239925551101493,0.00524066168594446,0.00146989919431325,0.00315207091058826,0.000834383482648624,0.000850897041457982,0.00155022715478499,0.000420854510595687,0.00304877744024646,0.00731097235932379,0.00389035635664227,0.0111028120647257
T>C,TTA,0.000255045252679182,2.23006440649012e-16,0.0152060824329732,0.00240979998660111,0.017996400719856,0.00215139610547472,0.0059984191766102,0.0302025382213121,0.081187537712961,0.0861112805777557,2.20990267588615e-05,0.0129959673513309,0.00209026391672212,0.00105992731018507,0.001801183377479,0.00463212892645459,0.00130984150917739,0.00259037956831814,0.000367872826363926,0.00210915422915411,0.0102013567804518,0.0636058262936885,0.0199050414493731
T>C,TTC,0.00339060159444089,4.35012563597848e-05,0.00899359743897559,0.000502958254464879,0.00970805838832235,0.000596387013424621,0.00172954419592261,0.0209017565836233,0.0142978052868885,0.0463060660946584,2.48989034522919e-05,0.00366886155226033,0.0153019320219371,0.00109992456717318,0.00618406292934458,2.22102078115101e-16,0.00204975198001042,0.00150021982721128,0.000821715932802031,0.00218912216201303,0.00755100428356972,0.0268024551048876,0.010502660061227
T>C,TTG,0.000416073823978587,0.000117003379174594,0.0069327731092437,0.00173985559198586,0.0126974605078984,0.000319207143091366,0.00380899617714747,0.0129010842071168,0.0227965007371368,0.0400052406865299,9.97956050015555e-05,0.00722775722693248,0.00235029674846746,0.0012099170238905,0.00326214322810086,0.00122056096982173,0.00140982941064131,0.000379055543008717,0.000437848635726629,0.00191923038861417,0.00601079943632503,0.0205018779720222,0.0191048387780415
T>C,TTT,0.00433076840823866,3.5801033969662e-05,0.01390556222489,0.00063594721638104,0.018496300739852,0.000812527273323476,0.00296921749242205,0.0881074045462779,0.0430933851653771,0.0597078217246459,0.00053097661578984,0.0083873973905897,0.0210026517948156,0.000999931424702891,0.00337221554561347,2.22102078115101e-16,0.00205975077015681,0.000822120465311782,0.00105963368463522,0.00305877343185383,0.0102013567804518,0.0461042231468403,0.0371093988830021
T>G,ATA,0.000172030523375762,0.000238006873876524,0.0039515806322529,0.00104991285723285,0.00385922815436913,0.000473307143204439,8.43777630843168e-05,0.0119010001600534,0.00369943213716694,0.00201026334449813,6.13972960630813e-05,0.0111965257180697,0.000851107460828002,0.00140990330883108,0.000721474008423534,0.00233107136039724,0.00986880587448917,0.000407059646449994,0.00304894597937493,0.00114953903484703,0.00723096171790848,0.0075306898111867,2.40060801399474e-08
T>G,ATC,0.000207036734527807,7.46021545848263e-05,0.00260104041616647,0.00015898680409526,0.0025994801039792,0.000247160389791747,0.00093175444543345,0.00105008824941648,0.00265959175266596,0.000664086995396397,2.21990223550554e-16,0.00440863200148994,0.00070008839316052,0.00447969278266895,0.000858564076598325,5.09234043966607e-05,0.0172979069532586,0.000817119732554411,0.000965666169205306,0.0010695711019881,0.00705093777472404,0.00164015023776178,3.26082588567619e-05
T>G,ATG,0.000268047559678513,2.05005920775997e-06,0.00630252100840336,0.00141988214978157,0.0079384123175365,0.000276179220981871,0.0014696126982695,0.000604050764426242,0.0105983731497215,0.000808105861867905,8.24963668600033e-05,0.00461856685870374,0.000719090792403448,0.000989932110455862,0.00199130828954623,0.00295135644342139,0.00767907083242926,0.000420061551619159,0.00447845179921301,0.00206917026272465,0.00806107212259231,0.00270024734265659,7.47189244355864e-06
T>G,ATT,0.000112019875686543,3.76010859569634e-06,0.00397158863545418,0.0002159820734879,0.00482903419316137,0.00030920064957753,0.000732806876075879,2.22018658448056e-16,0.0142978052868885,0.00128016770196896,0.000319985907820619,0.00795753077819952,0.012501578449295,0.0690952614469697,0.00184120967475632,4.18192201135641e-05,0.114986086683511,0.000810118706694092,0.00262909112319871,0.00285885359970652,0.0180023943184444,0.00761069713985801,0.00142035974161356
T>G,CTA,3.55062998827881e-05,0.000153004418920622,0.00437174869947979,0.000869927795992932,0.00258948210357928,8.42546753864984e-05,0.000358905414067177,0.00328027567436767,0.00147977285486678,0.000893116998326781,4.13981768242926e-05,0.00395877159317464,0.000310039145542516,0.00204985942064093,0.000111072974944539,0.00491225767362679,0.0145982336137327,0.00078111445670134,0.00370871789622328,0.000982605975004023,0.00335044560926603,0.00347031788111791,0.000234059281364488
T>G,CTC,0.000212037621835242,0.000155004476684291,0.00704281712685074,0.000440963400037797,0.00460907818436313,0.000172111688437978,0.000791791331312546,0.00558046898261329,4.97923568732199e-05,0.0011401493595661,2.8198758126692e-06,0.00107966497995672,0.00104013132698134,0.0313978467356708,0.00199130828954623,0.000880404633969772,0.0220973262235269,5.69083387788813e-06,0.000517820989284005,0.00140943481663853,0.00567075421030997,0.0024102207762231,0.00253064094808613
T>G,CTG,0.000128022715070335,0.00012100349470193,0.0107042817126851,0.00378968545610714,0.00612877424515097,2.23144805358541e-16,0.00128966012297119,0.00119010001600534,2.57960403078127e-05,0.000593077693177806,2.21990223550554e-16,0.00223930514361394,1.94024497533058e-06,0.0136990605184296,0.00293192627556305,0.00803369228497417,0.015498124726908,0.00033204865508943,0.00635780210781133,0.00158936266557111,0.00559074356889466,0.00304027848950964,0.00347087908690073
T>G,CTT,0.000171030345914275,0.000203005863012329,0.0070328131252501,0.00119990040826611,0.00729854029194162,2.65172078116652e-05,3.67903042832092e-06,0.00340028576001527,0.000155976057675147,0.000344045069904158,5.54975558876386e-05,0.0025392120824908,0.00531067052526051,0.549962283586591,0.00414272176820171,0.00119054717548185,0.100987780478562,0.000767112404980702,0.00270906347675609,0.00687724222586743,0.0131017425317567,0.0105009618881089,0.000384097282239159
T>G,GTA,2.23039573911599e-16,0.000209006036303334,0.00442176870748299,0.00059795037011928,0.00251949610077984,9.06588312353534e-05,0.000322914899007516,0.00248020843671702,7.47885199621857e-05,0.000412053979071258,8.76961378620884e-05,0.000901720196223112,0.000495062506592082,0.000280980730341513,0.000870571965781519,0.00159073110001356,0.0011598596569815,4.4906580161191e-05,0.00175939177826226,0.000503797977011218,0.00249033121405147,0.00180016489510439,7.68194564478318e-18
T>G,GTC,2.23039573911599e-16,0.00013300384128394,0.00234093637454982,0.000252979002742772,0.00170965806838632,0.000121078571517415,0.000320915425948645,0.0016601395181251,2.22965774753575e-05,0.000213027906655772,2.21990223550554e-16,0.000900720506426856,0.000204025760292494,0.00624957140439306,3.70243249815129e-05,0.000236108515473711,0.00192976649825371,9.1713438770183e-05,0.00506824790669866,0.000938623611931615,0.00224029795962863,0.000950087027971762,1.83046361067099e-05
T>G,GTG,0.000348061756597472,3.71010715160463e-05,0.0109043617446979,0.00242979832673888,0.00529894021195761,0.000325211039199667,0.00240936503593843,0.00603050680379178,0.00379941678952281,0.000496064984512971,0.000425981239786199,0.00067479061247295,0.000835105440412905,0.00147989850856028,0.00583383282816811,0.000450206915098179,0.00312962131582078,0.000770112844635124,0.00403860385464745,0.00215913418719094,0.00445059192872652,0.00120010993006959,0.000103026093933941
T>G,GTT,1.460259093771e-05,2.23006440649012e-16,0.00583233293317327,0.000251979085735884,0.0023495300939812,0.000835542208405299,0.00182951784886611,0.00675056731767737,0.00683895022114105,0.000165021617831936,2.88987273000496e-06,0.00238925861305237,0.00724091423783165,0.11399218241613,0.00214140690433615,1.9609012302054e-05,0.0205975077015681,0.00115016853419532,0.00334884230521509,0.00333866119686006,0.00548072893694861,0.00347031788111791,0.00280070934966054
T>G,TTA,2.23039573911599e-16,1.670048232663e-05,0.00725290116046418,0.000376968711596937,0.00521895620875825,0.0001280831169771,0.000954748385610456,0.019301622108322,0.000210967616470872,0.0016302135579761,0.000183991896996856,0.00977696620738585,2.22028033259479e-16,1.21991633813753e-05,0.000696457572625215,0.00506232664532619,0.0422948823192393,0.000467068439538445,0.00428851745951425,0.00116953101806176,0.00846112532966885,0.0419038383915967,7.68194564478318e-18
T>G,TTC,5.5109778127933e-05,7.0402033281123e-05,0.00628251300520208,0.000173985559198586,0.00655868826234753,0.000116075324760497,0.0015495916206243,0.0174014624189017,0.000114982350209243,0.00113014804939447,2.21990223550554e-16,0.00550829077737178,0.000116014648009458,0.00874939996615029,0.00210138060705884,0.000752345778119623,0.0356956808226204,9.93145525613868e-05,0.00193932957376635,0.0009026380421451,0.0114015164016814,0.0155014199300656,7.68194564478318e-18
T>G,TTG,0.000583103460046914,9.54027553269763e-05,0.00805322128851541,0.00231980745598115,0.00693861227754449,2.23144805358541e-16,0.00134964431473729,0.00764064211956371,0.000124980815444829,0.000875114640017842,3.66983838031772e-05,0.0052383745323826,0.000920116173868111,0.00477967221007982,0.00145095327630253,0.00557256114910412,0.0139983062049492,0.000180026379265354,0.00481833430183186,0.00189923840539943,0.00866115193320712,0.0194017772027918,0.000917232312013825
T>G,TTT,2.23039573911599e-16,2.23006440649012e-16,0.0105042016806723,0.000567952859912627,0.013497300539892,8.29538312296997e-05,0.00176953365710001,0.0217018238212739,0.000165974522910733,0.00221028954793078,1.88991676806553e-05,0.0157950987808483,0.00458057834382169,0.121991633813753,0.00516339234877314,0.000595273587740925,0.47894204801219,0.000928135999768046,0.00361874899847123,0.00528787956029632,0.0250033254422838,0.0879080523775978,0.00900228005248029
