Mutation type,Trinucleotide,SBS96A,SBS96B,SBS96C,SBS96D,SBS96E,SBS96F,SBS96G,SBS96H,SBS96I,SBS96J,SBS96K,SBS96L,SBS96M,SBS96N,SBS96O,SBS96P,SBS96Q,SBS96R,SBS96S,SBS96T,SBS96U,SBS96V
C>A,ACA,2.928e-05,0.00201023,0.04290931,0.00832763,0.00045727,0.03981622,0.02475682,0.00059641,0.00102873,0.00074552,0.00435208,0.0048133,0.058146,0.05934118,0.01030284,0.00230043,0.00015335,0.00184669,0.00761071,0.00807883,0.00149897,0.00509975
C>A,ACC,0.0001643,0.00023,0.03217698,0.01122243,0.00039084,0.01244458,0.0170277,0.00019327,0.0023213,0.00059272,0.00233128,0.00099848,0.01488233,0.05528121,0.00320884,0.00103546,0.0008369,0.00070135,0.00168138,0.03794807,0.00111655,0.0046824
C>A,ACG,7.045e-05,0.00010422,0.01603353,0.00157276,0.00015326,0.002936,0.00084562,8.101e-05,0.00018031,3.576e-05,0.00057065,0.00037891,0.00112652,0.02157078,0.00074789,8.869e-05,0.00018754,0.00023186,0.00122952,0.00067906,4.659e-05,0.0008952
C>A,ACT,0.00024403,0.00050168,0.03197057,0.00397435,0.00032696,0.01913784,0.01284673,0.00048541,0.0013492,0.00589355,0.00103598,0.00197491,0.02246441,0.03376549,0.00683574,0.00017014,0.00388054,0.00032203,0.00264457,0.01628351,0.00094026,0.00633917
C>A,CCA,0.00032811,0.00171353,0.10791288,0.00050069,0.00043017,0.0180424,0.02311992,0.00019434,0.00034473,0.00025779,0.0025484,7.74e-06,0.08303296,0.01628273,0.00538164,0.00029274,0.0157227,0.00132016,0.00225749,0.02633611,0.00253084,0.0084664
C>A,CCC,0.00021549,0.00135654,0.10275406,0.00052687,0.00027016,0.00623537,0.02945662,5.361e-05,0.0017074,0.02931188,0.00167621,0.00313715,0.01512853,0.02284122,0.0058911,0.00117389,0.00289214,0.00093038,0.0057434,0.01985037,0.00022112,0.00368124
C>A,CCG,0,0.00039992,0.03204342,0.00572139,8.787e-05,0.00012551,0.00089184,5.76e-06,9.213e-05,0.00381321,0.00138005,0.00192409,0.01223296,0.00760641,0.00297872,9.894e-05,0.00010954,1.866e-05,0.00051067,0.00205701,4.898e-05,0.00123918
C>A,CCT,0.00029907,0.00151793,0.08749353,5.546e-05,0.0002798,0.01006266,0.00698497,0.00011712,1.696e-05,0.08362927,4.774e-05,0.01355856,0.03441666,0.02525767,0.00093897,6.274e-05,3.41e-05,0,0.00092915,0.05104116,0.00043453,0.00516261
C>A,GCA,1.901e-05,0.00048033,0.02463172,0.00796782,0.00023659,0.01266785,0.00266117,0.0010121,0.00161887,0.00049053,0.0024743,0.00110589,0.13049564,0.07590119,0.00656669,0.00202623,0.00025317,0.00096301,0.00382469,0.00780585,0.0031727,0.00730212
C>A,GCC,0.00012023,2.184e-05,0.02311663,0.00399871,0.00028407,0.00672829,0.00713186,6.53e-06,0.00025243,0.00456816,0.00186671,0.00046581,0.01605267,0.10148836,0.00290381,0.00139985,6.132e-05,0.00046253,0.00265638,0.0361579,0.00048863,0.00351872
C>A,GCG,3.526e-05,1.93e-06,0.01500799,0.00250081,0.00012829,0.00178761,0.00019031,9.8e-05,0.00057151,0.0006447,0.00068962,1.932e-05,0.00751835,0.02406954,0.00132148,0.00016845,3.955e-05,0.00018304,0.00101711,0.00036432,0.00025663,0.00091531
C>A,GCT,0,1.77e-06,0.01062147,0.00220971,6.473e-05,0.00724473,0.00867652,0.00052776,3.834e-05,0.01102063,0.00089583,0.00022877,0.07342296,0.07637467,0.00354313,0.00019527,5.64e-05,1.498e-05,0.00160367,0.01556669,0.00197919,0.00475928
C>A,TCA,0.00033872,0.00263863,0.04850541,0.00093197,0.00076166,0.03812146,0.00380181,5.3e-07,0.00015039,0.001204,0.00193127,0.00255871,0.08615157,0.02428324,0.00380276,0.00036373,0.01083384,0.07872398,0.00256904,0.00448523,0.00253509,0.0199906
C>A,TCC,0.00068127,0.00321995,0.05700606,0.00748658,0.00044996,0.02515127,0.01694258,0.00010065,0.00249455,0.00265051,0.00216035,0.01421635,0.04802083,0.02952732,0.00327487,0.00017583,0.00729753,0.02929736,0.00336403,0.01904839,8.391e-05,0.00431156
C>A,TCG,2.737e-05,0.00022358,0.01106781,0.00234898,0.00015683,0.00293903,0.00032557,0.0001116,6.334e-05,9.688e-05,0.00059041,2.582e-05,0.01425198,0.01585375,0.00124989,6.934e-05,4.275e-05,0.01207712,0.00045072,0.00048971,0.00016309,0.00112871
C>A,TCT,0.00060226,0.0010312,0.05576558,0.01481063,0.00062678,0.03197177,0.00459778,0.00247264,0.00030837,0.01699668,0.00197264,0.0039043,0.14536651,0.00104036,0.00680761,0.00054019,0.00025752,0.03544114,0.00282134,0.01327568,0.00593168,0.00853343
C>G,ACA,3.871e-05,0,0.00736432,0.01761315,0.0003348,0.01248222,0.02965147,0.00016952,0.00205211,0.00377326,0.00289821,0.00105329,0.00110466,0.00809525,0.00538873,0.00117938,0.00126457,0.00391131,0.00269694,0.0077009,0.00659448,0.00064246
C>G,ACC,1.016e-05,0.000146,0.00279097,0.00891292,0.00027555,0.0108767,0.01735801,7.329e-05,0.00135702,0.00061056,0.00158159,0.00027408,0.00255318,0.00507866,0.00339301,0.00064496,0.00259971,0.00098249,0.00093464,0.00656043,0.00399406,0.00054837
C>G,ACG,4.853e-05,0.00049928,0.00158548,0.00309744,8.296e-05,0.00435933,0,1.299e-05,0.00012153,0.00017907,0.00046072,2.612e-05,0.00211086,0.00092101,0.00119835,0.00018951,0.00092832,0.00023023,0.00023348,0.00077601,0.00147752,0.00019325
C>G,ACT,6.919e-05,0.00019583,0.00354212,0.01452668,0.00040485,0.01943191,0.02502083,0.00033835,0.00129194,0.00395755,0.00283584,0.00190126,0.004073,0.00625868,0.01134081,0.00014986,0.00299763,0.00401687,0.00112415,0.01194905,0.01010467,0.00057288
C>G,CCA,4e-08,0.0003961,0.0087414,0.01055606,0.0001696,0.00250227,0.02995679,0.00014734,0.00010976,0.00057209,0.00219456,0.00012066,3.347e-05,0.00728624,0.00607711,0.00064298,0.00141926,0.0055988,0.00238358,0.00648266,0.00253485,0.00035786
C>G,CCC,8.904e-05,0.00090713,0.00696812,0.01615813,0.00064795,0.00995163,0.02030374,1.239e-05,0.00015903,0.00073933,0.0026102,0.00225492,0.00182024,0.0104069,0.00731799,0.00039213,0.00046922,0.00069795,0.00201111,0.00963647,0.00109966,0.0006217
C>G,CCG,6.378e-05,0.00078666,0.00454061,0.00485834,0.00015705,0.00191528,0.00159902,2.21e-05,0.00024828,0.00024217,0.00057065,0.0002894,0.00404545,0.00082998,0.0025547,0.0003298,0.00133853,0.00044836,0.00055677,0.00175351,0.00045418,0.00033007
C>G,CCT,7.216e-05,0.00081555,0.00651766,0.0127062,0.00038404,0.01421151,0.03248195,0.00014392,0.00021679,0.00081458,0.00270718,0.00408109,0.00341714,0.0116731,0.01020409,0.00020932,0.00018588,0.00631424,0.00167997,0.01722984,0.0057542,0.00063317
C>G,GCA,1.17e-05,7.97e-06,0.00581381,0.00775899,0.00022227,0.00200604,0.01951815,2.302e-05,9.833e-05,0.00054624,0.00115821,0.00012922,0.00020793,0.00481036,0.0028851,0.00093854,0.00027492,0.00150939,0.00224639,0.00493549,0.00251219,0.0005328
C>G,GCC,1.215e-05,0.00040342,0.00707555,0.00838944,0.00039389,0.00535423,0.01032728,6.219e-05,0.00032897,0.00149386,0.0011717,0.00037852,0.00070039,0.00271336,0.00408323,0.0008801,7.492e-05,0.00045847,0.00146199,0.01926893,0.00322713,0.00028756
C>G,GCG,4.034e-05,0.00033589,0.00450716,0.00299241,8.102e-05,0.00062281,0.00341059,1.015e-05,0.00016412,0.00012586,0.00028295,0.00016561,0.00043085,0.00026983,0.00107185,5.099e-05,0.00058007,0.00024164,0.00050949,0.00122566,0.0001039,0.00010915
C>G,GCT,2.413e-05,0.00024281,0.00245515,0.01106024,0.00028218,0.00469292,0.02163374,5.58e-06,0.00010633,0.00229675,0.00159151,0.00122338,0.00087652,0.00700236,0.0053748,0.00091051,0.00103282,0.00269317,0.00126304,0.0104978,0.00435142,0.00033338
C>G,TCA,0,5.367e-05,0.00201205,0.0038276,0.00027443,0.00235108,0.01371071,0.00010284,6.339e-05,0.00096896,0.00127483,0.00114656,0.00076137,0.00607227,0.00208018,0.00392931,0.00369285,0.31613129,0.00525152,0.00831515,0.02459958,0.00117204
C>G,TCC,2.333e-05,0.00154194,0.00492745,0.00740156,0.00036849,0.01323389,0.02922349,5.537e-05,0.00038756,0.0004488,0.00204551,0.00444781,0.0043771,0.01207555,0.00389446,0.00079183,0.00070891,0.06325147,0.00236231,0.00812561,0.01735553,0.00099784
C>G,TCG,7e-07,0.00033857,0.00221717,0.00300067,0.000107,0.0023719,6.369e-05,1.792e-05,6.248e-05,0.00011602,0.00050265,2.035e-05,0.00081376,0.001262,0.00100231,0.00042977,0.00086646,0.01375662,0.00046248,0.00099046,0.00242822,0.00020284
C>G,TCT,0.00019646,0.00040013,0.00128495,0.00138548,0.00152831,0.01582223,0.02589194,0.00147033,0.0017219,0.00322302,0.00270165,0.01133286,0.00098583,0.00971634,0.01843207,0.00051183,0.00018431,0.36775921,0.00163883,0.02177724,0.05513379,0.00156305
C>T,ACA,5.36e-05,0.00105452,0.00998286,0.06625325,0.0010569,0.02868725,0.01520844,0.00144547,0.02505419,0.08911271,0.01357823,0.00174327,0.00672812,0.0072034,0.02179459,0.0019016,0.00381419,0.00730685,0.00504361,0.00568837,0.010469,0.00218964
C>T,ACC,0.01954311,0.03971238,0.0035339,0.03079206,0.00149843,0.01441959,0.01586497,0.00027745,0.00643079,0.01770843,0.00604098,0.00797973,0.00341647,0.00994791,0.01289839,0.00200547,0.00241921,0.00012225,0.00201423,0.00683129,0.00244772,0.00383186
C>T,ACG,1.001e-05,0.00040666,0.0014591,0.00161717,0.00010558,0.00411328,0.00695522,0.01255687,0.36327749,0.01521232,0.00035854,0.00035962,0.00254331,0.00182114,0.00252891,0.00043247,0.00092019,0.00217511,0.0024055,0.00390633,0.00158337,0.00673235
C>T,ACT,0.00812472,0.01075355,0.00465788,0.04174305,0.00241188,0.02502916,0.01383381,0.0004278,0.00974455,0.03043633,0.00610204,0.00773325,0.00726177,0.00577715,0.01612011,0.00108099,0.03261799,0.00045083,0.0028355,0.00810344,0.00595882,0.00586444
C>T,CCA,0.05545775,0.11133836,0.014143,0.01886037,0.00382284,0.02614093,0.0197647,0.0004925,0.00203857,0.0044858,0.0075862,0.00315907,0.01005628,0.01402101,0.01117035,0.00099312,0.03682618,9.225e-05,0.0032072,0.00501757,0.00727033,0.0012214
C>T,CCC,0.06251406,0.18600243,0.01321778,0.01075972,4.732e-05,0.01751961,0.01975054,3.197e-05,0.00030801,0.00472924,0.00348282,0.00611953,0.00269274,0.00785049,0.0078902,0.00176623,0.00482527,0.00121869,0.00474559,0.06315721,0.00026983,0.00124579
C>T,CCG,0.00713038,0.02253689,0.00403553,0.03122739,0.00291242,0.00216447,0.00167241,0.00711421,0.19498347,0.01686951,0.00391506,0.00883958,0.01283515,0.00626498,0.01043587,0.00248859,0.00310327,0.00310091,0.00195695,0.00868775,0.00994596,0.00342143
C>T,CCT,0.06391263,0.12835496,0.02024576,0.02247776,0.00105105,0.02377076,0.02589188,8.874e-05,0.0003225,0.00697019,0.00655088,0.02112185,0.00285745,0.0069051,0.02283734,0.00191991,0.00269304,0.00132301,0.00347686,0.03930497,0.00569034,0.00437978
C>T,GCA,3.334e-05,0.00057828,0.00169071,0.03328936,0.00052233,0.01601306,0.02059636,0.00020018,0.0046455,0.09324895,0.00847325,0.00040023,0.00823265,0.01085904,0.01702327,0.00203063,0.00052374,0.00721575,0.00493599,0.00159896,0.00579246,0.00497138
C>T,GCC,0.01310523,0.02688247,0.0030148,0.03786311,0.00043501,0.01149749,0.01492724,0.00013033,0.00031814,0.0799411,0.0069239,0.00044689,0.00632675,0.00951897,0.01733207,0.00045087,0.00096028,0.00089858,0.00410918,0.01006414,0.00949097,0.00170765
C>T,GCG,3.4e-07,0,0.00026625,0.01976777,0.00012455,0,6.832e-05,0.00813247,0.21681599,0.04902665,0.00276814,0,0.00926463,0.0040872,0.00655183,0.00206962,3.868e-05,0.00132099,0.00058116,0.00189782,0.01954175,0.00109739
C>T,GCT,0.01840339,0.00471368,0.00293489,0.03241652,0.0002785,0.01591644,0.01226497,7.66e-06,0.00017429,0.06468604,0.0047399,0.00112425,0.00499827,0.00636477,0.01515462,0.00035631,0.04153338,0.00121717,0.00344306,0.0047688,0.00925692,0.00132021
C>T,TCA,0.20072835,0.00044389,0.00379239,0.0036745,0.52862639,0.04392851,0.00086742,5.042e-05,0.00099013,0.00234339,0.00196303,0.0156973,0.00821262,0.00166176,0.00355201,0.000639,0.00103048,0.0062578,0.00224311,0.01222874,0.00210002,0.00304201
C>T,TCC,0.36461232,0.20548323,0.00849799,5.151e-05,0.08911577,0.02651931,0.01222999,0.00044857,0.00024921,0.00265317,0.00055582,0.01447745,0.00236101,0.00014391,0.00048627,0.00021591,0.01748331,0.00381373,0.00147079,0.01077159,0.00174876,0.0025228
C>T,TCG,0.07772894,0.05671198,3.57e-06,0.02096015,0.04163141,0,0,0.0037394,0.10901742,0.00150359,0.00305452,9.6e-07,0.00859807,0.00750682,0.00894967,0.00047044,0.00437862,0.00164862,0.00019588,0.00853086,0.0040556,0.00159595
C>T,TCT,0.08188467,0.10621688,0.00710426,0.00474212,0.2977643,0.03059651,0.00544651,0.00078366,0.00010186,0.00410517,0.00381781,0.00175752,1.282e-05,0.0114131,0.02147593,0.00032764,0.04865613,0.00117861,0.00167204,0.00850998,0.00815048,0.00147901
T>A,ATA,0.00213587,0.00237732,0.00327003,0.00543886,0.00031696,0.00890467,0.00227678,7.401e-05,0.0006932,0.0052006,0.00517379,0.01240321,0.00222211,0.00455912,0.01962795,0.00103576,0.00029529,6.71e-06,0.058569,0.00313473,0.00622855,0.00057873
T>A,ATC,0.00062973,0.0003974,0.00317167,0.01138451,0.00106449,0.00378994,0.00881152,0.00033898,0.00223507,0.00303562,0.00380208,0.003417,0.00045895,0.00392029,0.00932515,0.00109516,0.0012049,0.00012798,0.00670287,0.00905913,0.0048042,0.0005548
T>A,ATG,0.00060213,0.00144882,0.00725445,0.01385375,0.00034315,0.00904644,0.01021496,9.322e-05,0.00113339,0.00063394,0.0042683,0.0001999,0.00235249,0.00694059,0.01071484,0.00027449,0.00375895,0.00056663,0.05704003,0.00245717,0.00248451,0.00054677
T>A,ATT,0.00419263,0.00832052,0.0052442,0.00015136,6.884e-05,0.01040767,0.00204743,0.00057245,0.00024093,0.02894699,0.0001392,0.05119941,0.00673827,0.00077621,0.00119187,0.00134716,0.03968149,0.00057194,0.00012541,0.00476865,0.08227085,0.0029607
T>A,CTA,0.00014944,0.00094891,0.00078266,0.0003652,0.00030202,9.83e-06,0.00010444,3.49e-05,1.801e-05,8.399e-05,0.00058443,0.00305879,2.85e-06,0.00397135,0.00146444,0.00017715,0.00146678,0.00016941,0.1182289,0.03552406,0.00142668,0.00016792
T>A,CTC,0.00023136,0.00080258,0.00778171,0.00218932,0.00032194,0.00361406,0.0194262,0.0019825,0.00046587,0.00325759,0.00449852,0.01309553,0.00249952,0.0034329,0.00378599,0.04001577,7.882e-05,0.0003314,0.05242571,0.0245399,0.00097879,0.00177844
T>A,CTG,7.382e-05,0.00051636,0.01973124,0.00150733,0.00029011,0.00133852,0.00411032,0.00060041,0.00033809,0.00063343,0.00064348,0.00053964,0.00191885,0.00338858,0.00035718,0.01207213,0.00089109,0.0002064,0.15868319,0.03821717,0.0001686,0.00144238
T>A,CTT,0.00035355,8.96e-06,0.0068336,0,8.121e-05,0.00752105,0.00481256,0.00726461,0.00019568,4.9e-05,0,0.04846453,0.00093355,0.00213514,0.00099147,0.07150287,0.00085148,0.0004114,0.05597115,0.04880753,0.00381447,0.00125176
T>A,GTA,0.00042729,0.0004028,0.00385737,0.00460412,0.00012619,0.00157738,0.00771566,7.489e-05,0.00018562,0.00125463,0.00117982,0.00166476,0.00136105,0.00630071,0.00213216,5.303e-05,0.00011643,2.19e-05,0.04894469,0.00021256,0.00167759,0.00033586
T>A,GTC,0.00023494,0.00020034,0.00301292,0.0038939,0.00018854,0.0020818,0.01021376,0.00031772,0.00022321,0.00239727,0.00187264,0.00225132,0.00192173,0.00183644,0.00135187,0.00338801,0.00011277,0.00014303,0.01001095,0.00530972,0.00232395,0.00040489
T>A,GTG,0.00029394,0.00051703,0.01110526,0.00363854,0.00020974,0.00180239,0.01551449,0.00019464,0.00025053,0.00235414,0.00207768,1.903e-05,0.00119795,0.00617949,0.00546735,0.00070423,0.00127998,2.811e-05,0.03605324,0.00089924,0.00092035,0.00049006
T>A,GTT,0.00032875,2.498e-05,0.00573893,0.00295616,0.00015856,0.00244815,0.01741124,0.00149345,0.00023336,0.00314831,0.0004882,0.02030802,0.00345136,0.00187354,0.00110589,0.00480825,0.00837391,0.00038347,0.00902979,0.00300477,0.00300675,0.00076771
T>A,TTA,0.00031992,0.00316466,0.00219597,0.00060127,0.00056005,0.00735809,0.00155805,0.00136835,0.00655876,0.00632016,0.00148778,0.01549355,0.01154796,0.00169569,0.00059318,0.00015382,0.01598689,0.00030008,0.06333955,0.00325435,0.10045483,0.00112325
T>A,TTC,0.00038358,0.00226051,0.00137504,0.00075617,0.00030152,0.01308807,0.01211503,0.00020239,8.174e-05,0.00013093,0.0058969,0.03432859,0.00250187,0.00509823,0.00162216,0.00557136,0.00111596,0.00022729,0.02181682,0.00439269,0.01331928,0.0017405
T>A,TTG,6.9e-07,0.00160298,0.00217231,0.00413343,0.00013177,0.00642528,0.00498735,2.75e-06,6.243e-05,0.00013883,0.00263151,0.0121496,0.00157398,0.0045417,0.00447511,0.00178226,0.00535211,0.00020537,0.06607777,0.00063311,0.00890557,0.0005147
T>A,TTT,0.00083593,5.19e-05,0.00238052,0.0037864,0.00051602,0.0147799,0.00315804,0.00121693,0.00174497,0.01336202,0.00398253,0.28095284,0.00496083,0.00445128,0.00210677,0.00179723,0.02570314,0.00011446,0.02512107,0.00317878,0.03330079,0.00740786
T>C,ATA,0.00038067,0.00057626,0.00548766,0.02431887,0.00150225,0.01876383,0.01035478,0.0001033,0.00102924,0.022617,0.07100104,0.00049187,0.00109449,0.01878742,0.21113238,0.00055673,0.00448363,0.00183633,0.0226145,0.01890594,0.01483825,0.00104513
T>C,ATC,0.00020324,0.00041024,0.00015984,0.01527331,0.00035402,0.00870236,0.00744332,0.00027688,0.00301408,0.00337313,0.04018015,0.00050987,0.00255861,0.00494528,0.0163437,0.01272502,0.00399327,0.00021079,0.00189283,0.00807565,0.0060747,0.00051982
T>C,ATG,9.138e-05,0.00130761,0.00385319,0.05191591,0.00117785,0.01930007,0.00804099,2.34e-06,0.00018093,0.02818876,0.07341326,0.00131517,0.00144895,0.01317297,0.07156586,0.00079792,0.00929824,0.00044631,0.0098582,0.01753559,0.0072418,0.0005281
T>C,ATT,0.00055448,0.00212364,0.00058403,0.03306577,0.00124081,0.02248676,0.01514462,0.00065393,0.00605256,0.00233646,0.06187956,0.00278842,0.00434051,0.01416326,0.12330256,0.00801463,0.05007163,0.00095888,0.00154336,0.02216691,0.01969727,0.00105454
T>C,CTA,0.0004252,0.00148648,0.00522607,0.01185088,0.00063293,0.01498848,0.00740574,0.00056766,6.23e-05,0.01399126,0.0442788,0.00764317,1.34e-06,0.00484901,0.01272182,0.0110714,0.00984589,1.525e-05,0.00736199,0.00626467,0.01071596,0.00129723
T>C,CTC,0.00015046,0.00078652,0.00167319,0.00564992,0.00030409,0.00637917,0.01329804,0.00570678,0.00250302,0.00252167,0.04509351,0.00303564,0.00260701,0.00502647,0.00240791,0.17172806,4.606e-05,0.00012628,0.00247115,0.0051109,0.00442327,0.00323231
T>C,CTG,2.27e-05,0.00057059,0.00545289,0.03264439,0.00057584,0.01058606,0.00692104,0.00347186,0.00051777,0.03332183,0.03843303,0.00207089,0.00045702,0.00817887,0.01833674,0.08686659,0.00111751,7.27e-06,0.00391663,0.00663581,0.00488902,0.00298024
T>C,CTT,0.00173342,0.00612666,0.00118834,0.01063339,0.00047478,0.00297844,0.00422342,0.0161216,6.568e-05,0.00620712,0.03573291,0.04235587,0.00134836,0.0085902,0.00953766,0.42238097,0.03816648,1e-08,0.00112641,0.00293446,0.00217496,0.00161296
T>C,GTA,5.931e-05,0.00017619,0.00249559,0.01069447,0.00033598,0.00395284,0.00967976,6.544e-05,0.0011406,0.02559557,0.0690232,9.475e-05,0.00049428,0.0041576,0.00857813,0.00012479,0.00068419,0.00034427,0.00291098,0.00542709,0.00555737,0.00053734
T>C,GTC,4.336e-05,1.69e-06,0.00054685,0.00841347,0.00029312,0.00462712,0.0053366,0.00146117,0.00195337,0.00103543,0.02998287,0.00033009,0.00272475,0.00490672,0.00413637,0.01479852,0.00224954,0.00013733,0.00196757,0.00625233,0.00387931,0.00058242
T>C,GTG,3.029e-05,0.00045922,0.00190432,0.02058054,0.00050041,0.0025122,0.01273192,0.00097267,0.00123322,0.01697048,0.04203935,0.00025541,0.00451984,0.00604711,0.01188548,0.00370361,0.00261541,0.00020177,0.00237868,0.00696519,0.00310622,0.00104965
T>C,GTT,0.00080724,0.00828745,1.975e-05,0.00544509,0.00038497,0.00160323,0.00592281,0.00120217,0.00016564,0.00578968,0.0329146,0.00767256,0.00235332,0.00505119,0.0045158,0.00451207,0.30845738,0,0.00208362,0.01208402,0.0021422,0.00187372
T>C,TTA,0.00229016,0.0064496,0.00126549,0.00506643,0.00042047,0.00335002,0.01240996,0.00095146,0.00027203,0.01710889,0.07921186,0.03068008,0.0009624,0.00717075,0.01022924,0.00182279,0.0785416,3.5e-06,0.00420391,0.01005064,0.07497321,0.00170564
T>C,TTC,0.00062055,0.00175217,9.404e-05,0.00444604,0.00022129,0.00583622,0.00794431,0.0010907,0.00332397,0.00958014,0.0437192,0.02106864,0.00711698,0.00245439,0.0031344,0.0151166,0.01372349,8.371e-05,0.00036686,0.00573446,0.03038899,0.00234324
T>C,TTG,0.00026599,0.00395871,0.00166855,0.0130775,0.00048231,0.0041965,0.00516554,0.00115769,0.00047833,0.01813984,0.03877034,0.01308436,0.00315581,0.00261967,0.01011566,0.00231577,0.02206272,0.00018228,0.00171381,0.00534518,0.02336177,0.00162773
T>C,TTT,0.00080769,0.00320637,2.211e-05,0.01650015,0.00045156,0.00076669,0.00995095,0.00095466,0.00436746,0.03487849,0.05702112,0.08862451,0.00208629,0.00333841,0.01105794,0.02085073,0.04147056,0.00060425,0.00026158,0.00661719,0.04655707,0.00288407
T>G,ATA,0.00049213,3.214e-05,0.00072901,0.00286837,0.00037383,0.01123417,0.00395956,0.00136287,0.00018072,0.00026134,0.00209139,0.01185619,0.00035675,0.00218372,0.0081346,0.00083644,0.0036159,3.347e-05,0.00216652,0.00413425,0.00753714,0.01002066
T>G,ATC,0.00023689,0.00091997,2.085e-05,0.00222751,0.00016023,0.01250058,0.00292205,0.00435198,0.00024044,0.00020022,0.0009082,0.00105694,0.00076034,0.00162353,0.00300302,0.00070513,0.00262751,9.38e-06,0.00029251,0.00173653,0.00102674,0.01700381
T>G,ATG,0.00028271,0.00150962,0.00097059,0.01442384,0.00025433,0.01234993,0.00758399,0.00094348,0.00029078,0.00052063,0.00218789,0.00060488,0.00206445,0.00339182,0.00681309,0.00079752,0.01048928,3.823e-05,0.00345207,0.00792722,0.00274081,0.00768683
T>G,ATT,0.0003018,0.00064043,1.174e-05,0.00026618,0.00012091,0.02742283,0.00139736,0.06708322,0.00031991,0.00120661,0.00103946,1.16e-05,0.00128151,0.00188177,0.0023849,0.01226607,0.01386075,0.00024301,0.00049311,0.00283469,0.00365548,0.1085823
T>G,CTA,6.427e-05,0.00035906,0.0001974,0.0027686,0.0002484,0.00297141,0.00550002,0.00196838,3.638e-05,0.00036841,0.00116549,0.00323269,2.945e-05,0.00191307,0.00354812,0.0003115,0.00144914,2.312e-05,0.00456445,0.00381916,0.00321948,0.01451001
T>G,CTC,0.00015391,0.00078745,0.00012866,0.00708653,0.00027658,0.0050063,0.00971045,0.03053564,0.00027652,0.00271849,0.00203641,0.00558187,0.00207283,0.00143999,0.00253086,0.00106216,0.00014538,1.412e-05,0.00150237,0.00240295,0.00114035,0.01931659
T>G,CTG,0,0.00125493,0.00363253,0.01018586,0.00020056,0.00315668,0.01501654,0.01332218,0.00018628,0.00377277,0.00175419,0.0010687,0.00304009,0.00187992,0.004624,9.448e-05,0.00015888,3.533e-05,0.0081856,0.00694753,0.00275708,0.01447147
T>G,CTT,1.4e-07,0,0.00109267,0.00348372,0.00028332,0.00661768,0.00238675,0.53520871,0.0002603,6.542e-05,0.00203151,0.0030005,0.00323883,0.00133513,0.00210446,0.00529224,3.117e-05,1e-08,0.00143134,0.00308989,0.00429891,0.04421334
T>G,GTA,6.998e-05,0.00032672,0.00036344,0.00439435,0.00028446,0.00211058,0.00642975,0.00026111,7.171e-05,0.00018677,0.00077813,0.00248752,0.00091233,0.00118898,0.00193939,0.00052661,0.0001473,4.804e-05,0.0016526,0.00245315,0.00188772,0.00119678
T>G,GTC,0.00010844,0.00032602,0.00015929,0.002665,0.00021462,0.00293273,0.00276332,0.00608822,3.847e-05,0.00014373,0.00061309,0.00162866,6.78e-06,0.0007764,0.00124075,0.00017115,6.592e-05,2.04e-05,0.00031144,0.00494052,0.00084969,0.00123785
T>G,GTG,0.00032898,0.00248642,0.00281258,0.00934247,0.00019182,0.00105903,0.01613566,0.00141365,0.00045683,0.00044639,0.00124068,0.00605746,0.00681255,0.00182489,0.00334708,0.00093157,0.00380846,0.00046886,0.00122397,0.00597161,0.00060649,0.00322879
T>G,GTT,0.00092446,0.00190272,2.152e-05,0.00027158,4.668e-05,0.00386766,0.00648337,0.11086398,8.801e-05,0.00254217,8.813e-05,0.00669297,0.00192169,0.00125687,0.00126072,0.00705098,0.00665165,7.33e-06,0.00016812,0.00287537,0.00156605,0.00880847
T>G,TTA,0.00011808,0.00087431,5.53e-06,0.00331871,0.00015747,0.00748318,0.00765741,0,1.086e-05,6.747e-05,0.00172206,0.01938269,5.467e-05,0.00194078,0.00382449,9.21e-06,0.00016944,0.00014937,0.0021141,0.00608825,0.04945956,0.04268024
T>G,TTC,8.683e-05,0.00152858,4.84e-06,0.00878135,0.00020294,0.01641541,0.00690744,0.00849611,0.0001518,0.00040768,0.00233503,0.01749883,0.00198189,0.00225727,0.00421013,0.00015315,0.00020348,1.877e-05,0.00026982,0.00431752,0.01594556,0.03521839
T>G,TTG,3.1e-07,0.00128141,0.00198788,0.01047088,0.00024348,0.01099962,0.00992174,0.00470762,0.00056728,0.00133484,0.0019379,0.00761128,0.00110635,0.00303419,0.00452928,0.00099473,0.0002365,3.981e-05,0.0051128,0.00706763,0.02288876,0.01383178
T>G,TTT,3.327e-05,0.00133035,0.00037013,0.0037107,0.00018228,0.00473405,0.00302097,0.11814862,0.00030249,0.00806135,0.00362622,0.02153642,0.00402551,0.00120732,0.00293392,0.00414064,0.0001404,0,0.0001798,0.00413323,0.08736661,0.46930502
