Mutation type,Trinucleotide,hdp.1 (SBS1 0.999),hdp.2 (SBS7a 0.957),hdp.3 (SBS17b 0.999),hdp.4 (SBS13 0.998),hdp.5 (SBS2 1),hdp.6 (SBS3 0.997),hdp.7 (SBS18 0.998),hdp.8 (SBS12 0.993),hdp.9 (SBS44 0.994),hdp.10 (SBS22 0.989),hdp.11 (SBS35 0.994),hdp.12 (SBS40 0.999),hdp.13 (SBS17a 0.998),hdp.14 (SBS4 0.999),hdp.15 (SBS28 0.984),hdp.16 (SBS5 0.999),hdp.17 (SBS41 0.994),hdp.18 (SBS7c 0.999),hdp.19 (SBS7d 0.98),hdp.20 (SBS16 0.99),hdp.21 (SBS29 0.95)
C>A,ACA,0.00174334714366448,7.6363166719175e-05,0.00066004508104992,0.0013384785996776,0.000593429010110087,0.0220579326039056,0.0490082568148857,0.00669674449066584,0.00080508082888661,0.0062093327413729,0.00612285668870188,0.029949599543443,0.00256698839115537,0.045673302783484,0.00312666656473456,0.0112775101701537,0.00149568963696532,0.00517842201897823,0.000451347218901414,0.0169644771965295,0.0490901565500516
C>A,ACC,0.00304290644412395,0.000156075419920148,0.000195401082982834,0.000797469326316717,0.000911654433269644,0.0180483250067947,0.0152605332584852,0.00168526417371268,0.00074821495643505,0.000984777887803515,0.0417033416636976,0.0133175896304445,0.00147356064571882,0.035593556720743,0.00650704041311412,0.00940468006740582,0.000415209872011785,0.000817392367817302,0.000853554631367804,0.00355003503161364,0.0384711032804245
C>A,ACG,0.000428266719750672,3.86390033224096e-05,0.000171307686191839,0.000366948691700571,0.000290917107339271,0.00173336646501744,0.00230943987719997,0.000727476886476784,0.000224849036984281,0.000686462461007385,0.00162966204423588,0.00281795127432968,0.000214687684758021,0.0158468459847809,0.000917417746477519,0.00163969960619831,0.000103849688016512,0.000337900089162145,0.00036431043724104,0.00116133706873925,0.0141299167478302
C>A,ACT,0.00164987637364039,0.000168365169081388,0.000206537264845143,0.00043794041469707,0.000573433055191723,0.0133482999675745,0.0208370045644775,0.0017178141793092,0.00633911566602558,0.00497519011511792,0.021719347590874,0.0146079056138168,0.000470558902750054,0.0316137663257774,0.00843643665053519,0.00639277080929736,0.000987774000138535,0.00149359210944988,0.00420003765187965,0.00826021588744053,0.0238653718647842
C>A,CCA,0.000725883337942047,0.000514417020314774,0.000323042796053979,0.00146790272656536,0.000356806312395808,0.0252704295832019,0.0760193917902007,0.00737407625306794,0.000880546491577391,0.00186597895679078,0.0246528282582331,0.0207155501398835,0.000316323114137209,0.0807363253615523,0.00548219083423625,0.00688005778084864,0.00162148375310437,0.000750290195084176,0.0124757455180792,0.00706586690600333,0.0334613264325706
C>A,CCC,0.00223802146919668,0.0001660547654846,0.000166912149982203,0.000531286351667537,0.000583897475004101,0.0251945120280749,0.0197802113345551,0.004877734290405,0.0275980969513701,0.00431049829539426,0.0345076080619773,0.0143877729820883,0.00169895078183926,0.0780852484634933,0.0022047568949511,0.00592543206148532,0.00105527286316646,0.00274808227347739,0.00367611800393939,0.0052316210733467,0.0186650449204624
C>A,CCG,0.000479404826812367,3.00126087979208e-05,0.000110227202090456,0.000123702259444408,7.45216367964736e-05,0.00247688120886402,0.0128219167775195,0.00192567297762903,0.00374101383921903,0.000570204576188798,0.00299840463531176,0.00243943193522797,0.000245534184070786,0.0268579808080611,0.00104108960929165,0.00321720898036736,0.000221710841876521,0.00223682878898974,0.000370939158532294,0.00286293962834109,0.00929248257371756
C>A,CCT,0.00108695061588224,0.000151754232789558,0.000146026735860465,0.000295430255920549,0.00117335327977693,0.015192161061347,0.03669120489587,0.00307412222778277,0.0846226831438219,0.00154633628262709,0.0702447299887812,0.015161501751873,0.000483980586602577,0.0713800875666964,0.00212770313362617,0.00562314238367004,0.00126242276995072,0.014145405474929,0.000530826886932824,0.00517888142933171,0.0369730868281495
C>A,GCA,0.00190017332565653,5.16225393850473e-05,0.00118772646793798,0.000796163994635813,0.00085673896669527,0.00700727633872536,0.114452667710239,0.00200348592765679,0.000751798402260954,0.00299645608544626,0.00948301500381405,0.0138026727151404,0.00212159720315943,0.0306483336701149,0.00687917898238299,0.0102524877441499,0.00219061369842634,0.000647170244132284,0.000657051109167965,0.00383876743589417,0.0745478706777888
C>A,GCC,0.00164299720928836,0.000132298903366467,0.000110011924925632,0.000434384285531301,0.000561926610957997,0.0112776269591083,0.0166071723923382,0.00112971709773229,0.00471931892687352,0.00383788472015348,0.0455107004228289,0.0102059233991739,0.00104598602701645,0.0349715862323106,0.00489331696545587,0.00731425427633726,0.000416411835993457,0.000505325269689128,0.00041186269277858,0.00180415788379525,0.0670430490742064
C>A,GCG,0.00111813928848389,2.62999833063686e-05,0.000127876400472141,0.000244296586315236,0.000176473721951395,0.0013526969542598,0.00778758611219136,0.00127704971631453,0.000521519347877216,0.000648818317524936,0.000329217539378648,0.00243335765655453,0.000322018358940954,0.0157107542893043,0.00217305428238804,0.00222521883984756,0.000297743649174325,0.00010503622396104,0.000124478844640245,0.00160106874127075,0.0170840038164432
C>A,GCT,0.000724322411622861,2.51867283167927e-05,0.000390899217146531,0.000605628098827558,0.00016263896379865,0.00965483202344716,0.0656819567663278,0.0010356195090254,0.0106453449527336,0.000989743899664568,0.0242234809784454,0.0105382971615895,0.000209940550071894,0.019529903199845,0.00589507345144039,0.00646811243783898,0.00149550075691106,0.000480389257510504,0.000571434767784288,0.00316167126697627,0.0639367551269367
C>A,TCA,0.000512713117940343,0.000306241000553529,0.000171702949182991,0.0735556659529556,0.00111583664999616,0.00753006072375224,0.0740046538431431,0.00347212907537376,0.00129689048560518,0.00426323250393102,0.00435663555025139,0.0258826752631847,0.000457989859593583,0.041207828208801,0.00858708884756511,0.00692274403923292,0.00422524681385963,0.00240104930869717,0.010311300905864,0.0131369363378349,0.0310549718566761
C>A,TCC,0.00287223948012499,0.000425757446210738,0.000309205062229826,0.0303970494766868,0.000702433599702753,0.0170224491990175,0.0445112843401645,0.00376399990708441,0.00269328253583543,0.00181649619574671,0.0211253544631743,0.0205837683867984,0.000875000292992363,0.046095512848866,0.00359129268309749,0.00874526630507355,0.0011781135820934,0.0150848848193121,0.00812679373523079,0.00615351799235878,0.031029947861894
C>A,TCG,0.000799114665337497,2.93907307116385e-05,8.26399627883892e-05,0.0106216867210051,0.000150771319079719,0.00122775526590292,0.0130966165044555,0.00023627822298117,0.000161419608147517,0.000605942125831735,0.000501779587837735,0.00311056340295474,0.000177941833602303,0.0112679051812896,0.000731550022504248,0.00220794368685486,0.000307050284575275,0.000157330091227724,0.0002903175679255,0.0031829692751685,0.0126915751982853
C>A,TCT,0.00216871236012057,0.000391805832318122,0.00258019740072551,0.0338634706223508,0.001645049930679,0.00862185444515421,0.128108917060601,0.0034999253797385,0.016243863531852,0.0049402950139157,0.0110668112865665,0.0224966938842639,0.000681638501782697,0.0429644425306134,0.0102822428023336,0.0126818791461518,0.00374310471898271,0.00396844646923559,0.00122592351410017,0.0111621056019501,0.0299860855228058
C>G,ACA,0.00263607616150169,9.40846947111321e-05,0.000403256479320791,0.00315471840908975,0.000377220636221497,0.0206491366611106,0.000939388810912997,0.00217344359453406,0.00396434539659336,0.00406037978728532,0.00136542409014398,0.0119691334105501,0.000866483762178902,0.00685231199285761,0.00203063727808567,0.0104209182944606,0.00598645029437643,0.000487385692582204,0.00172766386909252,0.00280864775661041,0.0079209464200395
C>G,ACC,0.00116610578660378,4.48657740535782e-05,0.000120235825687828,0.000772861043349911,0.000300227764450707,0.0127882341711125,0.00298368755476391,0.00172000473622817,0.0013014916788,0.00151587512058652,0.00264523456406707,0.00867034275980696,0.000712215053075863,0.00264693801134167,0.000901955164328232,0.00562075259706434,0.0042405289273409,0.00028034666406184,0.00268002729696287,0.00132399609401749,0.0032616250881184
C>G,ACG,0.000233755113537047,3.66069134730163e-05,7.13855549421196e-05,0.000438637245895147,0.000101003609060678,6.30802814425119e-05,0.00182275253326537,0.000730393346421686,0.000371721561481399,0.000475229599346154,0.000396180809580004,0.00224478460666704,0.000344825674548087,0.0011325550964674,0.000408534665799034,0.00152262436678394,0.00143730852928408,0.000255467732355829,0.000800951921513118,0.0020648238450767,0.000558704781947876
C>G,ACT,0.00205626169274908,9.38822847130274e-05,0.000233252808086367,0.00400934752269655,0.000613838136806492,0.0179071547282429,0.00433448269027098,0.00214745883577386,0.00431093408292844,0.00281630513730823,0.0105565222466185,0.0145457335117396,0.000487216670788751,0.0033954591134665,0.00147548162847999,0.00963535025513737,0.00673244065414452,0.00171265880898512,0.00398551403440485,0.0106363516353134,0.00454493446927321
C>G,CCA,0.000774311858879546,3.54763471020235e-05,0.000178057154679136,0.0056532900932454,0.000254802255948051,0.0204797630870888,0.000159334418500331,0.00147443752408328,0.00105835975494886,0.00178599069431452,0.00312543462629175,0.00758951555724733,0.00098116558182239,0.00796420285434405,0.000576204341507223,0.00685223059243321,0.00213188917246463,0.00017647651261275,0.00163749840525406,0.00504192440716002,0.00674401143964298
C>G,CCC,0.00112700444014732,0.000100958644778346,0.000186908222373851,0.000591272721845593,0.000617715195252003,0.0140604623363343,0.00208873874130586,0.00111352881786191,0.00105627550584604,0.00250442185667744,0.00637250436216021,0.00934828933268607,0.000163815651259605,0.0073592408918706,0.000847274636392486,0.00914336977137949,0.000990624371866501,0.00193778419297055,0.000698076766571399,0.00591803060855882,0.00834735588907129
C>G,CCG,0.000503825220538205,6.71575067395838e-05,4.37542014669335e-05,0.000141528706384865,0.000327322997970368,0.00137182982382466,0.00384759353745485,0.000876730257313479,0.000214689846181929,0.00113189598918722,0.000680311230151981,0.00150520114613071,0.000466005998956078,0.00334447547809779,0.000476950113074091,0.00253418980002214,0.000332772313783069,0.000412716280051248,0.00152650910128075,0.00250464576340563,0.000916305739640373
C>G,CCT,0.000862582384390355,0.000101796249309977,0.000137627397298495,0.00639991364265836,0.000296610562469373,0.0221132856566097,0.00284270302925243,0.00364342934165298,0.00130046783713546,0.00164086786555356,0.0145213151393461,0.0144610961114933,0.000297565018824068,0.00605193317349144,0.00210705756304695,0.00929341753169113,0.00515299129857063,0.00404174595042383,0.000943190911573768,0.00525683574914715,0.0109507183665389
C>G,GCA,0.000683277726115097,2.31706182040918e-05,0.000125143086305651,0.00118200891638375,0.00013496944749316,0.013380375208312,0.000479962483392574,0.000861370663198366,0.000740414258038522,0.0016206047635848,0.00260016598437175,0.00487236715246148,0.00111127394317128,0.00557556861911459,0.000859541042343317,0.00438852196633398,0.00166887547581032,0.000172040544455401,0.000525934259313089,0.00158484254689379,0.00398285129854352
C>G,GCC,0.00100244735334579,4.07829513286503e-05,0.000130367968969935,0.000370835243171531,0.000360194840688667,0.00859192857621865,0.000935131904818094,0.000773138113984197,0.00169802921205536,0.00140201156291522,0.0224193473572812,0.00535196662585311,0.00133704595697798,0.00593195746739754,0.00120881687376017,0.00470974466677622,0.00286625482343853,0.000558907524766218,0.000340292927464465,0.00393235232782356,0.00366662812911676
C>G,GCG,0.000448466357336562,3.32951130435004e-05,7.75015439034194e-05,0.000247188599362651,9.2012575400179e-05,0.00239992934065164,0.000464557738768649,0.000389437337532625,0.00024936029397712,0.000352498163351551,0.00103433410051884,0.00112637089667327,0.000172447403788748,0.00341352291293391,0.000484350268776823,0.00127522726653476,0.000250128704586066,0.000234021783359824,0.000638975310352739,0.000931462973539102,0.000745786797896442
C>G,GCT,0.000793733876523182,5.53897623102988e-05,8.45915738071998e-05,0.00248341805922847,0.000341664476228257,0.0154323985393238,0.000706017861174943,0.0014556025889325,0.00207839248472916,0.0028151523131262,0.00851744246729766,0.00642634384043167,0.000753958234643191,0.0028665724725171,0.000986754613917896,0.00669143357356283,0.00376103115322366,0.00101678261300753,0.001206445842855,0.00500344359913813,0.00505418920657403
C>G,TCA,0.000827721696595211,4.6274654171965e-05,0.000513469564875848,0.28432035225033,0.000462042983257918,0.0131144157609289,0.00142926725778688,0.0012665209104782,0.00179622050312164,0.00451530194527109,0.00574083976019437,0.0127442852650091,0.00323712776571293,0.0032080331432519,0.000816608621515409,0.00758050311937555,0.0216792405263517,0.00177477867189446,0.00368679451582306,0.00229700823269092,0.00532695672914802
C>G,TCC,0.00114987243720599,6.04833033810258e-05,0.000133694177623152,0.0619226710585396,0.00039296793795058,0.0203987483037826,0.00324170020980787,0.00313374263471809,0.00116133506807865,0.00155316454893603,0.00749295263490643,0.0142156158743702,0.000958002724921151,0.00575531072181171,0.00167678314022238,0.00755099654607465,0.0152301542954295,0.00409643719754026,0.000663011387976068,0.00282864622531971,0.00548888021270814
C>G,TCG,0.000263638749380033,1.52686384096619e-05,8.00619305112804e-05,0.0134199906940647,0.00020280757603102,0.000365952017375188,0.000978096174826799,0.00084716737478828,0.000278582441485986,0.000183210366159573,0.000392287596196204,0.00157877038693955,0.000358856387469218,0.00195662136681159,0.000292867640671129,0.00167751106646309,0.00137006722996651,7.60311895204362e-05,0.000962696434589069,0.000575984777483284,0.000686067049297599
C>G,TCT,0.00302288450762176,0.000315250908758637,0.00165275867072851,0.368480042052749,0.000922895823909909,0.0236194236620107,0.00152338377273745,0.00702743507446249,0.00349334166512928,0.00254539145453113,0.0220613014997511,0.023770641278547,0.00137127009858475,0.00295470207092175,0.00132675865492121,0.0115311104360688,0.0462604170354836,0.0129992458935676,0.000579846002363947,0.0327575097950081,0.00285807206354408
C>T,ACA,0.0254404960372502,0.000134697195515063,0.00183764293483964,0.00828107979928657,0.00173882693147094,0.0123783244884462,0.00860939392132351,0.0127445059804645,0.0817650191721665,0.00784745156464623,0.00249497506656375,0.0195738144148086,0.00299929039224975,0.00953139138714686,0.00515042198596049,0.0329223931509854,0.0100376527236899,0.00153522823704441,0.0044385880630544,0.00632392010705606,0.00298389462273219
C>T,ACC,0.00642490209615658,0.0200067435287829,0.000369870873103885,0.000567927240956053,0.00177227565553971,0.0124526899331067,0.00471502486904511,0.00384941877908302,0.0195536389185424,0.00196020016397594,0.00353780008008155,0.0122919325047562,0.00257040553803761,0.00372054375126721,0.0037668808133514,0.0176387440039256,0.00297657794604205,0.00917239976817826,0.00443456812423212,0.0129820204019757,0.00561314811511169
C>T,ACG,0.345789661834866,7.15639191325343e-05,0.0111127219450441,0.00998083429584097,0.000699403673330458,0.00577973126779891,0.0180304610620095,0.000899490207940768,0.00924023805976349,0.00353642119655258,0.00178802313339977,0.00226334452185059,0.0153716599561978,0.00117012887308782,0.0101715859993546,0.00719289989251722,0.00560099761636806,0.000847775487953847,0.00450098531207194,0.00292369309916739,0.0170357197643846
C>T,ACT,0.00991784861841431,0.00798236186492726,0.000895020106454876,0.000873227636428696,0.00282896377716006,0.0107018977918699,0.00816660421347472,0.00484312220630118,0.0261936482423271,0.00316898065822625,0.00168437096183394,0.0163375061534315,0.00133189719231147,0.00360236653992849,0.00797846203399067,0.0233441383960788,0.00745039091131158,0.00751900679847184,0.0289059410629435,0.00531679505695611,0.00634763375407429
C>T,CCA,0.00412543159221783,0.0570827714685908,0.000700822458114744,0.000737600730425659,0.00234557358537006,0.0164400450595996,0.00928096552903125,0.00775242590367347,0.00513521803732088,0.00307830660237041,0.00537411759855178,0.0200962927254171,0.0022268242580189,0.0130734311785615,0.00612416154004324,0.0195151141623573,0.00436862394595915,0.00399700301424852,0.0395989597623806,0.00548282927505804,0.0117280467588142
C>T,CCC,0.00229987992723559,0.0603234367685754,0.000282583041035616,0.0011644049319854,0.000637383731025505,0.0194187552396785,0.00576565872372906,0.00396635982938478,0.00504811226999153,0.00617767441575868,0.0862538644314134,0.0171857904788409,0.00234795849374062,0.0114467530697101,0.00206308854453306,0.0190742228378697,0.000929959532620083,0.00453859884710655,0.00181967683368302,0.00566321257495049,0.00931792512994165
C>T,CCG,0.171156126747683,0.00636679583722586,0.00928731804639481,0.00819311876443833,0.00380634370591381,0.00306104380869473,0.0193258155138421,0.00241976240538721,0.00868146428274724,0.00546744604084483,0.00343066255558165,0.00394911230890852,0.0103439834367269,0.00313477803598481,0.0151602699519212,0.0191234541153557,0.0141225788281462,0.0102561051581479,0.00643146577126073,0.00459152568137292,0.0109639478978305
C>T,CCT,0.00203520056030943,0.0623839359265185,0.000365738257366042,0.00161066151994777,0.00233011732288085,0.0239459513045323,0.00548454946262846,0.00359226281420552,0.00704322620504214,0.00534750798652207,0.0400199718138767,0.0216919613082642,0.00252678588852917,0.0156061983269556,0.00467744549734935,0.0228691944053975,0.00719085254584042,0.024634023861089,0.00759843637191627,0.0373150128107519,0.00247269656445067
C>T,GCA,0.00560266212259122,0.000107426443204626,0.00043249005956368,0.00777351842343335,0.000508445552065877,0.0163476066919934,0.00874600171671668,0.00488086916364974,0.0805377194482722,0.00339165308292455,0.00481045445702298,0.0134963942383337,0.00260150223307586,0.00432048771204966,0.00527487129703911,0.0201787943193168,0.00423209800855517,0.000275144186700832,0.00155067515383136,0.00933991660782942,0.019052468380897
C>T,GCC,0.00223353487223552,0.0111316470406359,0.00019355887511336,0.000611703289131913,0.000860397745710872,0.0127488879785367,0.00608780876393622,0.00422164643337248,0.068609092572058,0.00285638794732959,0.0190143429318099,0.0114936387015344,0.000219214252159841,0.00394524654514358,0.00343874005697659,0.0231619165697478,0.0074407751994582,0.0005832156517461,0.00262488079210286,0.00397337806733282,0.00482193245213593
C>T,GCG,0.194775896059776,5.64697261817654e-05,0.0106050983903901,0.00846177172760651,0.000616758923463834,0.00167885675557253,0.0252944981767482,0.00120253866146668,0.0503514665605512,0.00252721230396834,0.00463290538761036,0.000944138175002107,0.0122647821099416,0.000446895748057084,0.00548481112283138,0.0133070972057129,0.027575732402157,0.000152673955533154,0.00188197195954341,0.00193873241691494,0.014069240287364
C>T,GCT,0.00184234512819585,0.0199582729924605,0.000141463565792974,0.00187855549326641,0.00110179660523671,0.0105871531232248,0.00540466047382619,0.00492095442809069,0.0631971386648247,0.00387601659694371,0.00687328283798496,0.012572260870529,0.00111318333160259,0.00359283049124522,0.00234999574850977,0.0180538979083784,0.00561145470300861,0.000930370931824771,0.0407953325483714,0.00934469963509292,0.0116257084862465
C>T,TCA,0.0022508386929615,0.141482058550216,0.000185277762535351,0.00507404016319761,0.504610922983837,0.0037743314895846,0.0105454600393956,0.00571485465340071,0.00369816484669872,0.00858978165909047,0.00181282846438798,0.029515680838871,0.000744737205339556,0.00231286761056637,0.00461666056081835,0.0209195616291792,0.00942046139001502,0.0166175933612083,0.00178603189536439,0.00468615742455244,0.0168515527299071
C>T,TCC,0.00275804876374195,0.42761979263876,0.000505444314501932,0.00437362666389182,0.0902584377258388,0.0126892208021084,0.00961004013648612,0.00300491733133688,0.0038221106310648,0.00665498796651081,0.0137162727680217,0.021843227607731,0.00119982018564892,0.00649250063589876,0.00858291366244101,0.0227889720022777,0.0059318124459524,0.00975919518099252,0.0634861603904343,0.0067304232769758,0.010979913027118
C>T,TCG,0.0942407019066567,0.0758408344026185,0.00519793066907502,0.00485384804762146,0.0407579433060394,0.00124845947108451,0.0160875460550203,0.000752510904990626,0.001781112744274,0.00338606631958087,0.00437680610340175,0.00285772661559085,0.00538409679066569,0.000172742736914825,0.00806709113614245,0.0177822515263025,0.00455989075727131,0.000266435337450744,0.00771366842887292,0.00385858541300863,0.0154894940031656
C>T,TCT,0.00175652119120537,0.0808515032272137,0.000509735741263006,0.00228009056724896,0.299880393526525,0.00685676263713442,0.00250619723017016,0.010389432455353,0.0051515202781105,0.00198192646586805,0.0133935253785047,0.0226207010092551,0.00189977235612712,0.00697253935400122,0.00170030814881823,0.0211099891332602,0.00999621930815022,0.000940572027716027,0.0287737379940535,0.0118271088340131,0.00904452976520467
T>A,ATA,0.00166521979601104,0.00209528970801209,0.000145795577593318,0.000214002422492766,0.000526669285898559,0.00542299835082431,0.00165813534685566,0.00478343113623943,0.00485458791250581,0.0561838619778588,0.00492150373401803,0.00631751462378852,0.00118365293291412,0.00931126703747468,0.00120924878946266,0.00726768172609701,0.00882178030165793,0.0126176466254436,0.000768931669785477,0.0140322648940852,0.00376546842391915
T>A,ATC,0.00321815383125626,0.000576991005913066,0.000312259527576626,0.000357055651592671,0.00131176062829115,0.00668600741564545,0.00076787438554162,0.00540281913497849,0.00252932770070904,0.00624640047276433,0.00641247468623388,0.00421125335347115,0.000808076228474839,0.00351306087359158,0.000714273394404486,0.00691486348083441,0.0046845687639988,0.0027291886370425,0.00178623614167869,0.00732416842739226,0.00133704968058231
T>A,ATG,0.00231338663120515,0.000544926332594886,0.000203203997924227,0.00108737073376427,0.000453901680235276,0.00993387098140833,0.00141424721134339,0.00308112430121877,0.00148658153114448,0.0536204243909397,0.00111720392825972,0.00673652894635756,0.000338524692724753,0.0127122239749269,0.00221181151809184,0.00943854507279738,0.0014371024783158,0.000439845813248856,0.00318436715050081,0.0117800727243954,0.00514917275666091
T>A,ATT,0.000594168451489243,0.00431779409983298,0.000690730899871907,0.000878835001093027,0.000286208508208397,0.00629010517747767,0.00705392884294936,0.00471492002321656,0.0288268166461443,0.00307475945104109,0.00786314161037173,0.0108876251959287,0.00149545935579657,0.00436225238409773,0.00200141098221691,0.00582958360953437,0.0786178540622725,0.0512672668123866,0.0348794865975518,0.00928943310875005,0.00125091571526903
T>A,CTA,0.000698149174407447,0.00018499208510991,0.000113915146963253,0.000301623220511902,0.000369684798760385,0.00836034369754734,0.000845043158794851,0.000767774140296987,0.000480510832634846,0.103714049233308,0.0556680385238284,0.000944973084574618,0.000488981209063206,0.0143828964195667,0.000338218789433004,0.00332708497767127,0.00324301901895082,0.00344494514619585,0.00175157925571195,0.00511372396359109,0.00184500388768837
T>A,CTC,0.000839752770765764,0.000125640679744601,0.00244239354673454,0.000453097311132222,0.000665440433462618,0.0180149629626647,0.00235323030231746,0.00517297768042198,0.00306651548263116,0.0601311763165219,0.0291886257805847,0.00741475153784907,0.036918417073272,0.0118302938201553,0.0025096029977714,0.00503141839063255,0.00283581079287417,0.0158427911803135,0.000314214386698173,0.00616752414011909,0.00178420783823868
T>A,CTG,0.0014437502245964,8.15698975914738e-05,0.000648984775565377,0.000665552310354143,0.000339923437918276,0.0143181882926881,0.00272393429811671,0.00186123463025609,0.000872855490502065,0.153308767241206,0.0556012977229633,0.00327373277143147,0.0113873522847729,0.0333800693670032,0.0010591436856559,0.00458486616449544,0.00338072974942245,0.000683864833669175,0.00163356202174217,0.00617205447914981,0.000804370451152729
T>A,CTT,0.000512933467284126,0.000318815721685784,0.00803082816996494,0.00056535256418194,0.000406519452557373,0.0134327419543384,0.00235789713270299,0.00321979747485446,0.000599727443598025,0.0455149175670852,0.0716486412740908,0.00938375678977982,0.067864816905583,0.0112199414065173,0.00208767894519505,0.00385784789701205,0.00950504531249673,0.0506913493067817,0.000432918630997858,0.0030268440456238,0.00294115650977997
T>A,GTA,0.000594657484871575,0.000368459437010413,0.000150452269707822,0.0001261264468518,0.000427879653912663,0.00753769695344593,0.00137063967552479,0.00159662049358117,0.00158616232161265,0.0417738257388306,0.00132575039185193,0.00245588713060858,0.000260391201295814,0.00952564861891273,0.0008462380387065,0.00351854481537935,0.0026664540678565,0.00155643770979673,0.000237287797595468,0.00190958302434676,0.00204754277974487
T>A,GTC,0.000320704964593827,0.000209498342972548,0.000345119292849946,0.000247198413886567,0.000257850372272839,0.00775445155118644,0.00182198313690452,0.00146926626801357,0.00238655663716573,0.00989202959086846,0.00660652356474927,0.00345824217935484,0.00277073001292353,0.00352145944145021,0.000535460293571951,0.00293003137593785,0.00253272698943841,0.00242573253592565,0.000349019815438946,0.000873525171592457,0.00152478943593972
T>A,GTG,0.000778430259195284,0.000206126618530435,0.000236559606503411,0.000189040816664965,0.000321424256233566,0.0124501752834493,0.00155353738312031,0.00240715867320241,0.00271782426430638,0.0269524529637757,0.00194469716343068,0.00440725398321977,0.00080833630034738,0.0142523713337894,0.00110106830317799,0.00368846230860639,0.00129267792046082,0.000175326748807261,0.00138172631621478,0.00675805654014723,0.00271662819339584
T>A,GTT,0.00061210915289919,0.000296450748539938,0.00154680877886373,0.000558868435381062,0.000225778887464203,0.0121198731030882,0.003225820373442,0.00163356446085679,0.00343091170077457,0.00734996359070857,0.00369764429815355,0.0057219960561227,0.00488616779236747,0.00514216997022303,0.00157087740997084,0.00316403204486933,0.00458981966041496,0.0210413789148306,0.00778024344341015,0.00119481825958381,0.00159839645523902
T>A,TTA,0.0067584257061239,0.000363757399488651,0.00131548993612693,0.000634459898586459,0.00038076247982822,0.00627331008618762,0.0107822091857235,0.00371794039650082,0.00651804418549593,0.0639408168442156,0.00347367329391696,0.00739990697026319,0.00114684782487606,0.00909149332717174,0.000828500700524078,0.00620770578236313,0.0914733224609395,0.0171666993533916,0.014875509736134,0.00897720069882014,0.0022811299616236
T>A,TTC,0.000653175162536997,0.000337980752558961,0.000324246230696681,0.000532552425252774,0.000366678259469865,0.0108826257396506,0.00235229273188866,0.00689066338131951,0.000228109485142205,0.0251369322346446,0.0065360564025025,0.010004568132958,0.00546335945490832,0.00418812554440956,0.00309349543878302,0.00388235974458952,0.0172936345464229,0.0354095531656614,0.00124299664919067,0.0050472128108891,0.00151199341471304
T>A,TTG,0.000792890862582129,6.30041068442641e-05,0.000119951730412938,0.00025631937811303,0.000163415934626537,0.00605366146249069,0.00145003465300246,0.00233156839969654,0.000720047122068839,0.0428510512581546,0.00175012918979745,0.00475916338349848,0.00142554611076934,0.0103150468896104,0.00120098480235494,0.00495304948656072,0.0109032900123765,0.012663311003534,0.0043782054254097,0.00296589203404317,0.000999883490432896
T>A,TTT,0.00320492576258593,0.000848409496924238,0.0011720571136459,0.000331318698375461,0.00104524924006731,0.0132503901221967,0.00684424100632991,0.00726161267541286,0.0130772248664423,0.028850400621922,0.00397921632135903,0.0219074757685363,0.00303856782910147,0.00553082099587741,0.0059501283063183,0.00796119756001465,0.0487625111143034,0.272576967982005,0.0274501847417197,0.00679531000532414,0.00458045239735102
T>C,ATA,0.0046079056721478,0.000375077711290547,0.00031887135984379,0.00286168944002079,0.00285982952797492,0.0129350040951044,0.000725423046440153,0.0565306488848434,0.0244118041825785,0.0267262333877481,0.00219395551555063,0.0197058391639633,0.000763050874035064,0.00708826208975521,0.00111474563375697,0.0476875315174026,0.0142873680900336,0.000522848974781301,0.00571001208562577,0.243738430714385,0.0211996736297053
T>C,ATC,0.00429843710247823,0.000145319725481387,0.000414764984804229,0.000647287481345412,0.0011254591348646,0.00695498008491675,0.00164673104287302,0.0424746545498163,0.00493196108972636,0.00241064404340844,0.00253222014126877,0.00761324879644623,0.0115160286047983,0.000324254176136698,0.0011414380241711,0.0135135898291218,0.00360942915330669,0.000672603671857964,0.00469625407246262,0.00651349042912635,0.00262161474606311
T>C,ATG,0.00242107064470758,0.000186876362394898,0.00016167667991637,0.000926612103518874,0.00168912418556794,0.0106389021010886,0.00220297518131041,0.0660742372930483,0.0333872877576229,0.00693046860662442,0.00155483819082152,0.016098421697474,0.00117357597086542,0.00375946639895401,0.00125526220896836,0.0392902174249449,0.00468784840857737,0.000634090661550691,0.00998252004338712,0.0475376596615111,0.0143288679703839
T>C,ATT,0.00794521305565256,0.000723952649339605,0.000720199167515792,0.00269052741442384,0.00232620128596572,0.0157718224126574,0.00413542135256992,0.0539284085913617,0.00560079784568112,0.00268687845317953,0.00337921652158144,0.0193634832476214,0.00955348016591822,0.000600150317923206,0.00419819183386196,0.036704483059502,0.0150260779822555,0.00223933217543148,0.049501647348648,0.119834795321268,0.031340490554608
T>C,CTA,0.00131481031826659,0.000413559580535481,0.000600453891433054,0.000330183485109112,0.000455598542946347,0.0085579103136255,0.000398494760527453,0.043822277457661,0.0142854799165169,0.00549156666988423,0.00237719609214813,0.0107165790163955,0.0107667286195177,0.00473572693255492,0.00215664148569327,0.0139291027195251,0.00917637684716537,0.00709743489081235,0.0095083436569014,0.00760347917042164,0.00174356253249644
T>C,CTC,0.00321195703906562,0.000264632429495767,0.00541218967878302,0.00032949319692698,0.000515344741189757,0.0144691749329761,0.00192864964167561,0.0398763392718111,0.00399893661854546,0.00171704294035079,0.00499261976516211,0.00970736088634987,0.163090695976824,0.00234323063116274,0.00385470367285852,0.0104562180483628,0.00319749892587347,0.00377811571048435,0.00051004946641486,0.00207316255675874,0.00447781515232482
T>C,CTG,0.00182942270538948,8.84704805531751e-05,0.00347805845992929,0.000614902823928714,0.00120722556988231,0.00905692600451516,0.000343838188444748,0.0374785787944223,0.0334236828910792,0.00431391242854873,0.00250253902399514,0.0106448465766462,0.0875574689705286,0.00541627097265502,0.00225506067710158,0.0211485428696914,0.0037389321868749,0.00253452791672592,0.00217080409972857,0.0092656443165489,0.0154664282779871
T>C,CTT,0.000907182513180708,0.00190473267959902,0.0164969785294078,0.000423316774061386,0.0012646434542067,0.0160595498568713,0.00252097342421513,0.0439278738642123,0.0088306465452852,0.00223763173732067,0.00488299799974112,0.0132194609638001,0.386554697012581,0.00197044729524206,0.00316954139680214,0.0145273171466752,0.00698875088777918,0.0373307840215742,0.0334559919100634,0.018816880483628,0.00530898848438812
T>C,GTA,0.00168372345445414,8.82853819364873e-05,0.000131920787863745,0.000417938414955107,0.000546943287233593,0.0101493797894103,0.000698618202185285,0.0655049944183839,0.025316453613342,0.00310699418874632,0.000572395062975322,0.00595050706771795,0.000681546324410151,0.00277578036368664,0.00102369780367122,0.0144207831850579,0.00431484464323631,0.000121899426441549,0.00117773995177299,0.00477364170057592,0.00686234473874396
T>C,GTC,0.00252202476276827,9.16238152604906e-05,0.00115019412944783,0.000450156225465224,0.000290982071455315,0.00568277883490542,0.00186546243999631,0.0266197311902723,0.00211317872414117,0.00335188064864451,0.00302626891967296,0.00445906759899623,0.0135228649791378,0.000800217760134365,0.00122047859772751,0.00816575620139883,0.00424657308907731,0.00036286056440046,0.00209250348996606,0.00178536870877143,0.00675260689782679
T>C,GTG,0.0023777144235031,9.27330753158934e-05,0.00126189121578663,0.000471430841808368,0.000538295264105806,0.0102354610406553,0.00397962069167232,0.0384625756776388,0.0187017843707547,0.00231229927280294,0.00191609131461543,0.00546230615652892,0.00360788491038766,0.00204716685369334,0.0014506320783965,0.0156678613312704,0.00324883995880492,0.000363512912658894,0.00281981533125196,0.00321419432107744,0.0101371694609081
T>C,GTT,0.00105789151306761,0.00174235458519841,0.00113590819562478,0.00037341973446956,0.000558335394623081,0.0103723453923699,0.00368375625828524,0.0484224662592565,0.0118701947697877,0.00119800602208749,0.000965906240520721,0.00741992486186441,0.00622775677699236,0.000506244397277801,0.00360361667780865,0.0131763633676606,0.00315527564828872,0.00526302343374384,0.278001970085676,0.00832320745404296,0.00518741133411168
T>C,TTA,0.00166492125819043,0.0024380870195391,0.000946346064596056,0.000381094692172316,0.00078362315336999,0.0150462408889978,0.00151891664905762,0.0710583902518393,0.0227230626770515,0.00662745320431694,0.00300962079767938,0.00989997390166136,0.00193473062466525,0.00181966230026365,0.00299464433167221,0.0185703958177418,0.058341511553501,0.0309410409845703,0.0693683985386288,0.0112370637612911,0.00305276292856319
T>C,TTC,0.00471241523349108,0.00072301650309837,0.00131727391328789,0.000362692459828753,0.000315728202538822,0.00935146684199047,0.00596209654597015,0.0423394824128986,0.0118391626164791,0.000511277524730407,0.00134006258581523,0.00749374644474553,0.0142126348419986,0.000269963793414934,0.00265927618587567,0.00968145026671234,0.0263789540365196,0.0232554815213671,0.0123070937660107,0.0094266789174735,0.00175768898116375
T>C,TTG,0.00132791755020001,0.000299123359501755,0.00119739805925271,0.000264092481054951,0.000487805153116355,0.00650135241049952,0.00316895651671749,0.0356882128560432,0.0178329389267721,0.00314131287785752,0.00156284708692533,0.00579314904370601,0.0021149933528263,0.00145493024823301,0.00223588361991084,0.0131491836289341,0.0248391008086848,0.0132570131535344,0.021104910915092,0.00910516923956834,0.00138561775647659
T>C,TTT,0.00642281375302099,0.00116293998588699,0.00100112351564211,0.00063928864435341,0.000452747917534333,0.013299506536148,0.0028573383775155,0.0540116176346796,0.0325751253572232,0.00280748159837654,0.00200328075530119,0.00965031163987355,0.0190204913722901,0.00040509081120106,0.00319064767746401,0.0197230391436934,0.0486481013141622,0.0879876648772509,0.0358363620121834,0.0031591263354889,0.00740182559160595
T>G,ATA,0.000456848162052334,0.0004309894783328,0.00127005763151453,0.000205954512881182,0.00075496618250063,0.00395926205521796,0.00066396593548485,0.00227553896436739,0.000475093003826633,0.00266963042984069,0.00271798203701007,0.00740324536241954,0.000795095679190929,0.000773008816160893,0.00990624578612243,0.00374818506006727,0.0065638394493439,0.0108985295687,0.0036294384371993,0.00934390547207559,0.00219226039831443
T>G,ATC,0.000631713136452531,0.000153072561066687,0.00440024407419121,0.000135757766321924,0.000420325626499058,0.002353184028569,0.000523073905710732,0.000817739394595335,0.000212885934677732,0.00030062107516019,0.000940452040635211,0.00669838292489647,0.000703905921350631,0.000112825347281788,0.0165720584114734,0.00238055018805154,0.00111191970853129,0.000939136861547473,0.00280246367846015,0.00302738552040835,0.00175425079789022
T>G,ATG,0.0013843113445131,0.000236229779169613,0.000933408259903542,0.000208925042119929,0.00030214810372097,0.00609248088594865,0.00162853250654533,0.00211236495762628,0.000852183639751267,0.00447521913524973,0.0046185004980903,0.00805872289872858,0.000948370189490078,0.00121737626981867,0.00962904228826175,0.00776233966333778,0.00197714489528129,0.000674161153324975,0.00973344166310272,0.00535181042635688,0.00403132968270023
T>G,ATT,0.000297420436194974,0.000238898395197257,0.0598390124540504,0.00056180952104806,0.000574703753301545,0.00337563647791858,0.00148382923195637,0.00167543557521995,0.00178910236583481,0.00304292376786041,0.00374905325393106,0.0183032926420402,0.0118611077671209,0.00010375569929063,0.0953241410729978,0.00426591013561037,0.00756869850893621,0.000416817919726149,0.012665945256306,0.00905881899801102,0.00316854001314343
T>G,CTA,0.000404095107542009,6.89831916566993e-05,0.0019262330172984,0.000176795562325062,0.000138152689179319,0.00490549960044947,0.000182147230817313,0.00186193483759969,0.000728079403699013,0.00537269276096027,0.00248637291889669,0.00330297205234102,0.000449170460270328,0.000757911190879275,0.0145975413803318,0.00240699721294544,0.00267510820852454,0.00356741537736353,0.00104979820371308,0.00207449819456063,0.00138942965532332
T>G,CTC,0.000851876249499839,9.28662397883307e-05,0.0292890388167685,0.000242631388757392,0.000366899137464415,0.0074700949166561,0.00186961844165044,0.00142559003196646,0.00273714318142903,0.00197531989651718,0.00118333293845026,0.00565497898625755,0.00177491481296434,0.000245680758819297,0.0190241302376726,0.00438291564967361,0.00219619424548411,0.00578763374882291,0.000382506927060169,0.00153233754195211,0.0032741669827553
T>G,CTG,0.000752265551631887,3.09727246441938e-05,0.0126521848318,0.000252845036646565,0.000194393423720992,0.0114971768937005,0.00250162289552201,0.00140317054913009,0.00351158798622241,0.0078864702292688,0.00569491838137688,0.00554690928809865,0.000510330146954698,0.00348055542967211,0.00920691667502424,0.005995274551192,0.00237944223994711,0.00138111096098947,0.000432723668606939,0.00192552043217196,0.00252908277013649
T>G,CTT,0.000921394335050378,4.97395937447837e-05,0.540469510426606,0.000172104219892943,0.000640197976532534,0.00685886458689905,0.00337729265426582,0.00100312731871413,0.000929983417665384,0.00147703381353042,0.00114395586593983,0.013403682514841,0.00295827146146671,0.000986887087499541,0.0183218353054172,0.00733145731339538,0.00744091256677039,0.00303117695457788,0.000284663658588843,0.00717719412170642,0.00220284402334772
T>G,GTA,0.000399561597494757,6.84505337669501e-05,0.000375812169939632,0.000116285750871455,0.000160334036961407,0.00479094590163059,0.000540418958643594,0.00164740158579362,0.000299918570459613,0.00211361445896919,0.00243893133294839,0.00254266663466845,0.000721024576252059,0.000496280535010046,0.000389213636707467,0.00245663887392656,0.00232353374388531,0.00229337922864271,0.000291357367343736,0.00119868077971358,0.000992543716575066
T>G,GTC,0.000275075591126707,0.00011143203053554,0.00538821980167676,0.000210593511185745,0.000216398069107439,0.00213795462608453,0.000146406037026922,0.000424608302727206,0.000261171038893112,0.000732664107071827,0.00492222675936074,0.00230179148459789,0.000396928934379798,0.000133199340105431,0.000863773816227758,0.00166077379475043,0.000573680237538304,0.00134156234782193,0.000211506342377243,0.000814955649063839,0.000555804749099772
T>G,GTG,0.00101528163641465,0.000258134003240826,0.00135217528249318,0.000769658237045138,0.000307282867453093,0.0114868324811698,0.00550247051174404,0.00227801217379203,0.000982674697615677,0.00190752496673548,0.0047126235664215,0.00439812605393821,0.000763923267025233,0.00221108488686539,0.00404034104179046,0.00516488546244861,0.00143734287111213,0.00615099988312366,0.00412130069771841,0.00110033090968017,0.00149369630024871
T>G,GTT,0.000654167445388356,0.000889940832587986,0.111383379866345,0.000207541194247693,0.000243566062437069,0.00591742692085567,0.00170129301704251,0.000771487166394241,0.00305672804386177,0.000616095846511924,0.00442237523910355,0.00516175677936339,0.00665940366033186,0.000174084897179887,0.00663154731295307,0.00198140960695156,0.00211981801990583,0.00663012521588344,0.00659232831161585,0.00303897308079768,0.00201751099628177
T>G,TTA,0.000691126427579781,0.000163657804980729,3.9820981791591e-05,0.000260624682604431,0.000261007628312581,0.00682833248489114,0.000439035221781875,0.00143083837508316,0.000255064554679581,0.00566400256388098,0.00299473389126418,0.00795109433189605,0.000115850497045412,0.000182065717656013,0.0382977349851057,0.00506136682344424,0.0429031084127897,0.021267425740731,0.000543453022725689,0.0111192207990139,0.00108863346475864
T>G,TTC,0.00104466913083196,9.93753192010664e-05,0.008081547117084,0.000293395377961847,0.000480911161121758,0.00591491996125835,0.00120818983241574,0.00282096836542878,0.000703732692687976,0.00448781152246883,0.00319378832984446,0.0115372932569735,0.000202095597258413,8.70005060816603e-05,0.0359128692422146,0.00651645840258107,0.0183947709209472,0.0169577440518621,0.000844400682917977,0.00309420350882158,0.00360393360455517
T>G,TTG,0.00126513788974322,6.49829309046825e-05,0.00432654693657762,0.000139434941282664,0.000336932490015607,0.00846945027045179,0.000818381262497738,0.00169058317995581,0.00203622605331855,0.0043500046933246,0.00562065070130307,0.00883524736944745,0.00134874919124232,0.0021297919173109,0.00956963948197873,0.0068291128534475,0.0182972057874634,0.00793353334494024,0.000851382193297561,0.00243883852792355,0.000647948060830252
T>G,TTT,0.00231367095293906,0.000106442357753314,0.110994220512187,0.000281153395129916,0.00115258295259532,0.0102154374057938,0.00178510256380379,0.00454221291832956,0.00906823266012006,0.00680148531641188,0.00530185214250392,0.0248117454774604,0.00507911478540067,0.000177997294352543,0.462969980793285,0.013097662969348,0.0875569975612838,0.0203189929165009,0.0012858512394994,0.021786562841163,0.00312036060144529
