Mutation type,Trinucleotide,low confidence hdp.1,low confidence hdp.2,low confidence hdp.3,low confidence hdp.4,low confidence hdp.5,low confidence hdp.6,low confidence hdp.7,low confidence hdp.8,low confidence hdp.9,low confidence hdp.10,low confidence hdp.11,low confidence hdp.12,low confidence hdp.13,low confidence hdp.14,low confidence hdp.15,low confidence hdp.16,low confidence hdp.17,low confidence hdp.18,low confidence hdp.19,low confidence hdp.20,low confidence hdp.21
C>A,ACA,0.000368390812040781,0.0019856623071261,0.00135777305079649,0.0040516093853735,0.00508676111573757,0.00410387522121849,0.00965020465188022,0.0469160833967262,0.00301959869139522,0.00829832443396867,0.00351418701316272,0.000828041087075493,0.00249638278944706,0.00451045468576673,0.00514828637097259,0.000154027681463008,0.00571495674638901,0.00924677326141399,0,0,0
C>A,ACC,0.000647835416858949,0.000511197321510386,0.00112896003976404,0.00401872669319542,0.00358765734870148,0.00191137317810878,0.00336042687167573,0.021880945737132,0.000699645690170984,0.00816928331155195,0.00542668451070139,0.000996162262332179,0.00557646920761746,0.00205030865876795,0.00451125385572312,0.000342802731895111,0.00465808118370063,0.0165671354267001,0,0,0
C>A,ACG,0.000208997713803619,0.000163742013853286,0.000631053976637181,0.00542992346384478,0.00330569270429284,0.000665919262972563,0.00114403028724975,0.00411574847832136,0.000227328727993524,0.00132110469164113,0.00242773028814642,0.000416946958118228,0.000877641092068054,0.000792564144128883,0.00108561439531625,8.33367226258803e-05,0.000313148314870631,0.00353175367623451,0,0,0
C>A,ACT,0.000554828559419725,0.000794309886332505,0.00190194850749614,0.0151721529993379,0.00160787571685629,0.00269186571436474,0.00580778625839578,0.0342523359650576,0.00111769164295434,0.0129514380331433,0.00541685749362615,0.000994551391920905,0.00355728290549257,0.00175826213998302,0.00422684369464985,0.000377607063764156,0.00465808118370063,0.0222179413086753,0,0,0
C>A,CCA,0.00107156606371018,0.00133837176627555,0.0014164489602846,0.275893839129199,0.00653680600791169,0.00290358378682097,0.00298791062613169,0.0083019665693729,0.00205560461503032,0.00412714648377003,0.00653565196087842,0.00175772809710241,0.00619604599884928,0.00476735091932019,0.0021879928041917,0.000438842181209694,0.00657611461228324,0.0561869903037308,0,0,0
C>A,CCC,0.000455425279515397,0.00147404907340661,0.00210160456070107,0.00766453888246031,0.00410368403243469,0.00142102684780661,0.00655090770974856,0.193233223112863,0.0020931276643933,0.00861088356609882,0.00413511737114952,0.00142723118438925,0.00453142002384314,0.00372237781209293,0.00257761160208475,0.000456215865694242,0.00700669354523036,0.000898991844859693,0,1,0
C>A,CCG,0.000107682694151294,0.00030974593403194,0.00050228289765401,0.0260963576618897,0.00179147483944575,0.00128046241530614,0.00109775582508799,0.00606038669479571,0.000444548817235526,0.00299438076531992,0.0028697175212515,0.000284855584393716,0.00105895351032799,0.00154661255018498,0.00212440516655337,8.75519772221313e-05,0.00262261713704153,0.0107236884351121,0,0,0
C>A,CCT,0.000865766561139112,0.00176275959174582,0.00144455284514318,0.173091957856326,0.00224721031333177,0.00127030843473737,0.00351604010726393,0.0273851726258825,0.00264967421272241,0.00621542716347767,0.0128325988209408,0.00172953786490511,0.00520883881353825,0.00464339007299854,0.00198740271091441,0.000470057850381931,0.0058323873644655,0.00340332626982598,0,0,0
C>A,GCA,0.000220417843350866,0.00055774951327499,0.000817250440957852,0.0216853472077273,0.00347227814300761,0.00346606884474602,0.00351917967254334,0.0397656444395874,0.000856023474572059,0.00213311564004919,0.0150697306848837,0.000798562158549169,0.00723553345200213,0.00170030156327154,0.0052719932296508,0.000185585128034941,0.00829843034407171,0.00333911256662172,0,0,0
C>A,GCC,0.000314797416173051,0.000186845749721006,0.000776378046350875,0.0051226617323109,0.00298119385019749,0.00110701120991877,0.00471153196452837,0.0258319158273222,0.000249001758318121,0.0076052305846744,0.0065984991631038,0.00105034120383138,0.00131089990748061,0.00102365857256561,0.00405689128132558,0.000225630046699325,0.00497122949857126,0.0021190522057407,0,0,0
C>A,GCG,9.83683531234572e-05,6.70967561114599e-05,0.000223284377945519,0.0206106349721057,0.00226686689955592,0.000932953796736253,0.00095661189035273,0.00436090763289384,0.000100052394856926,0.00262228273424158,0.00163871223111682,0.000267780358034205,0.000578976157695085,0.000443491896643952,0.00262848171219542,5.09248325547075e-05,0.000978588483970721,0.00340332626982598,0,0,0
C>A,GCT,0.000105375669868936,0.00014813968557674,0.000336720081818504,0.00638926474694432,0.00484551368565039,0.00261480154840626,0.00184865793822018,0.0297458609908735,0.000236675477417879,0.00742203397252613,0.00558974443356617,0.00027465340512231,0.00551529017078128,0.00135104234618432,0.00239205131406744,4.79057988573926e-05,0.00524523427408306,0.0235664290759648,0,0,0
C>A,TCA,0.0013327485230409,0.00273163270328192,0.00195243019294469,0.0116240879909311,0.0676376524717207,0.00355813665363446,0.00725239579543958,0.0209724815289059,0.00401047657687588,0.00781068397821085,0.00469365759747258,0.00150154600602938,0.0425080290533684,0.00447212591729624,0.00208625258397037,0.000518305426639019,0.00822014326535405,0.0236306427791691,0,0,0
C>A,TCC,0.000895606949987551,0.00348414528607819,0.002303498393965,0.00501213309404793,0.0104700228388058,0.00212741048110545,0.0068959868848073,0.0353339179022026,0.00496070222468554,0.0115967472959417,0.0043379424328769,0.00251247458046491,0.0363119830545191,0.00566330925351825,0.00582636181597044,0.00121667058001789,0.00743727247817748,0.0550311436460541,0,0,0
C>A,TCG,8.92193129008985e-05,0.000191709299697701,0.000369332435325359,0.00442615676271697,0.0135835269878735,0.000865513179525786,0.00140270316570557,0.00931740137932697,0.000275708700268644,0.00340118973343688,0.00329513594649715,0.00034155822287058,0.00862624419390084,0.000778915363161342,0.00152841558105227,7.41087328340877e-05,0.00144831095627667,0.00725614846208181,0,0,0
C>A,TCT,0.00129827971164468,0.00121570764024546,0.00236911800334206,0.0236598289998656,0.0243840778017594,0.00711513666765302,0.00598906202757221,0.00222241248920634,0.00166267379971037,0.00531430874012556,0.0143953230711851,0.0021769839694768,0.0125383655130432,0.00354438275070801,0.00222441117847547,0.000672333108102027,0.0212549418718441,0.280292814486611,0,0,0
C>G,ACA,0.000299323823400727,6.75276561479159e-05,0.000842326741030731,0.00769567608926592,0.00514250983717161,0.00300156212171213,0.00149293154177908,0.00438845802052255,0.000104065918991111,0.0067378589056654,0.00684371751942321,0.000600854663405406,0.00454226539855501,0.000854638052090853,0.00907395589098998,0.000111590321000752,0.00778956433240694,0.0170166313491299,0,0,0
C>G,ACC,0.000194386560015354,0.000118486269154888,0.000533743452601087,0.00138270594489232,0.00232022049073576,0.00199290812655649,0.0016803499386761,0.00448106399858991,0.00018366974851353,0.00364263965427264,0.00613457254304005,0.000362982799340531,0.0031262487823286,0.000997295858642006,0.00196717028075676,7.03491814374315e-05,0.00238775590088856,0.00109163295447248,0,0,0
C>G,ACG,0.000141835277920028,0.000496145795889135,0.000551546967482226,0.00127482368767794,0.00247805131541792,0.000413206388369297,0.00153456490744084,0.00182692689310349,0.000729522635929185,0.00160047952516724,0.0029724441299799,0.000327919520055122,0.00142936476971793,0.000848841994419705,0.000621424640556427,0.00011255869029989,0.00234861236152973,0.00468760033391126,0,0,0
C>G,ACT,0.000549819226320649,0.000285068476291946,0.000803988303255266,0.00367058682035797,0.00655621482204058,0.000976524982012678,0.00250646511567592,0.0048649793051181,0.000430100130352461,0.00615701315600758,0.00589563890694318,0.000695896017670604,0.00456673701328948,0.00184800754908466,0.00359443573486499,0.000158299898959208,0.00876815281637766,0.00687086624285623,0,0,0
C>G,CCA,0.000131579441001261,0.00039608331351037,0.000519296607808444,0.00668847472337295,0.00534163601106418,0.001830595989405,0.00307991353910226,0.00839596971448324,0.000609810775398033,0.00638866045110559,0.0020796710554582,0.000394394772360385,0.00702279725573088,0.00157353617291547,0.00318227222908198,9.70647815136706e-05,0.00598896152190081,0.00192641109612791,0,0,0
C>G,CCC,0.000405353509499241,0.000965189852963606,0.00115946624733301,0.00666020912153494,0.00662344365055512,0.00134691794484949,0.00261662290613178,0.00564534076009118,0.00144920873643798,0.00536034894133651,0.00544439599496491,0.00104513272283493,0.00355144308834003,0.00263402775713322,0.00175155038221951,0.00033084052290575,0.00618467921869496,0.0142554421113466,0,0,0
C>G,CCG,0.000184317584876465,0.000521501452816943,0.000682490009463835,0.00288190896190185,0.0011554438709071,0.00042608830401624,0.00111577419973505,0.00231340299288026,0.000753127599904813,0.00211929554474678,0.00156089596799775,0.000647140339889361,0.00143687310605692,0.00154642558058268,0.00202035266859973,0.000226085749898919,0.00238775590088856,0.00680665253965196,0,0,0
C>G,CCT,0.00033497848840003,0.000717744570289529,0.00129218634994971,0.00694247099805671,0.0056445786928717,0.00171928108302054,0.00428113851557259,0.0123869773727488,0.00104499923804265,0.00318464812390198,0.00774551773753729,0.000753189308631602,0.00869242878829634,0.00148453864222301,0.00251344589501334,0.000272168735957933,0.00825928680471288,0.00244012072176202,0,0,0
C>G,GCA,0.00010908415750039,6.02810416217773e-05,0.000238224850692353,0.00239829690176909,0.00277868145766967,0.00124219554823728,0.00131889042302912,0.00591119545148776,9.46239334008594e-05,0.00296923140584518,0.00310945103083124,0.000224394248290544,0.00444799406452108,0.000426103723630508,0.00101162150788256,4.18107685628135e-05,0.00309233960934748,0.00488024144352405,0,0,0
C>G,GCC,0.000151243049837805,0.000310944960220339,0.000494121582144727,0.00669984853128386,0.00171185740616809,0.00101342788154245,0.00290914848846995,0.00739310940791597,0.000471827176181424,0.0038852948159778,0.00252417217665229,0.000450077192910108,0.00324610407722129,0.00099449131460758,0.00245852929887115,0.000113356170899181,0.00465808118370063,0.00218326590894497,0,0,0
C>G,GCG,8.97870852320706e-05,0.000300307349755134,0.000353042712837071,0.0028331479834323,0.00123729125304213,0.000872711897093196,0.00172416734974962,0.00243041573272963,0.000427705621038507,0.00139277634867458,0.00171230059154072,0.000356754100416936,0.00100305811758222,0.000731985992985275,0.00142147273593326,8.56722015238031e-05,0.00164402865307081,0.00122006036088101,0,0,0
C>G,GCT,0.000195644283533773,0.000262361917849133,0.000524529064122864,0.00394029246339393,0.00317363017751797,0.000761245438759941,0.00276486498845527,0.00444936577130235,0.000393815151146122,0.0027523683987451,0.00627386479669959,0.000572718126888477,0.00941211673071463,0.00127475874844792,0.00176079949314872,0.000135115998679828,0.00195717696794144,0.00308225775380466,0,0,0
C>G,TCA,0.000223048282252246,0.000283191250915733,0.000618812003373256,0.00643357755301307,0.327828085148698,0.00163941320600949,0.00257758309439649,0.00457506714370025,0.000459187976450382,0.00470357301690672,0.00459527315907975,0.000583618350004768,0.00470550219229517,0.0014469577521617,0.00175501879881796,0.000115065057897661,0.00367949269972991,0.00321068516021319,0,0,0
C>G,TCC,0.000254642297034939,0.00160381368264613,0.000830446761599879,0.00728424829518162,0.0558648439560251,0.00142777090952765,0.00359439273641097,0.00318545353504874,0.00238068646473271,0.00474294421864034,0.00706356845957165,0.000641287510728397,0.028917662193274,0.00354064335866211,0.00325279669991722,0.000226313601498717,0.00457979410498297,0.00757721697810313,0,0,0
C>G,TCG,8.50221098451449e-05,0.000248056036638793,0.000211371489984388,0.00189773674172948,0.00964824538951879,0.000615300912077516,0.000841813003396873,0.00198712082687489,0.000392223346659004,0.000998662584381926,0.00121317953823075,0.00018476683617319,0.00834787957629624,0.00142975654875055,0.00194578171173296,3.81081800661066e-05,0.00219203820409441,0.0044307455210942,0,0,0
C>G,TCT,0.00064058374240132,0.000488314656096152,0.001779660408978,0.00410442439438555,0.00719166765569028,0.00894194385833833,0.00400649480504323,0.00539804219348415,0.000651156876563412,0.00375030783860539,0.0134111358843356,0.00250356109752252,0.433315545064896,0.00261271322247158,0.00325395283878337,0.000518476315338867,0.0220378126590206,0.00783407179092018,0,0,0
C>T,ACA,0.000679228195878695,0.00114196378270206,0.00162887352323793,0.00711420423631552,0.0199762948177393,0.0082403341114263,0.0101668678946007,0.0102972084296851,0.0018194733442747,0.0105587938592174,0.0419805598748724,0.00162370367888437,0.0143236810425353,0.00469200216959527,0.0127100126250364,0.000341093844896631,0.0151094061925079,0.0177229820843768,0,0,0
C>T,ACC,0.00630452959135241,0.037777957923136,0.0398445624807609,0.00375729802918373,0.00692498229048949,0.000977888949551766,0.0123256602812914,0.00767075269623768,0.0432770280340851,0.00851165206785185,0.0178015271641605,0.00582275957995373,0.0102669547272347,0.0133023262944887,0.00980347951553157,0.0260486784436323,0.00411007163267703,0.00250433442496629,0,0,0
C>T,ACG,0.000898524868550284,0.000534316045205461,0.00141822602091969,0.00371884104500971,0.00616275273476385,0.0138838255803777,0.00258891282997002,0.00363477372377632,0.00084637741148346,0.00913660963332957,0.00932024009002462,0.000620560978103331,0.00453030767771885,0.001720868219524,0.587139920550137,0.000166673445251761,0.00728069832074216,0.00314647145700893,0,0,0
C>T,ACT,0.00885161376492291,0.0115049110707568,0.00693455131752921,0.00485982541880529,0.0100681365002902,0.00387813859349941,0.00498590266938125,0.00504582511424351,0.0129469077830519,0.0152732140439487,0.0115030948247729,0.0046708261488513,0.00887374120655628,0.0171873676605784,0.0133112048354352,0.00709381778229076,0.00454065056562414,0.0192641109612791,0,0,0
C>T,CCA,0.0041440911883186,0.114506420213828,0.0567252563558055,0.00830040231185596,0.00683239811755977,0.00273217853274223,0.395815095985383,0.0206834425968899,0.13410739202848,0.00507816187911515,0.00804935539338692,0.0147577744901703,0.0111765757703762,0.00553635689355989,0.0183155519175719,0.0776774015530137,0.0155008415860962,0.00122006036088101,0,0,0
C>T,CCC,0.00265787164806441,0.200147375306382,0.0600904497536435,0.00958918988251363,0.0183338961889431,0.00387874480129456,0.00417412029039614,0.0179538148096126,0.256273298082438,0.00395552018396797,0.0191422293890886,0.0119101851684799,0.00908035949914391,0.571524006055572,0.0088924420890042,0.0814525607842561,0.00575410028574784,0.0220253001990625,0,0,0
C>T,CCG,0.00604990166830053,0.0227420046545073,0.0158084681414822,0.00739522738128264,0.0168295892079065,0.00456254719422405,0.0147910380426585,0.00577117311689935,0.0302457954287157,0.0156729522656319,0.338901481182862,0.00369984716061538,0.0046295845693121,0.0162394317769423,0.00835252523851145,0.00814034018015998,0.0143265354053314,0.00308225775380466,0,0,0
C>T,CCT,0.00822068933914305,0.137082607040393,0.160065182584095,0.0173779960622976,0.0070976794408874,0.00275763926013854,0.125352876899693,0.0227763988272704,0.161873686667763,0.00371455235947996,0.00609149364260556,0.0108060408929119,0.00871495379731329,0.00660021393061895,0.0120012995000856,0.0723168508903814,0.00481465534113595,0.00417389070827715,0,0,0
C>T,GCA,0.000343142910782455,0.000516094594098629,0.000917687275370486,0.00384699345493661,0.0136662002769927,0.00179823964833886,0.00587412663777812,0.00629122488717767,0.000814650163073567,0.00837562054839263,0.0079826230913876,0.000801139551207208,0.00271801775471266,0.00240555090312862,0.00503903124812127,0.000191509269629672,0.0105687556268838,0.019713606883709,0,0,0
C>T,GCC,0.0110498485564331,0.0279649852129159,0.0161484461677984,0.00534264919522145,0.00601392429620956,0.00455693977211891,0.0268230807189058,0.00514594086516688,0.0358171791594589,0.0213095424142341,0.0101310832663725,0.00187065011293275,0.00996467466795773,0.0426520665843626,0.00266547815591226,0.00817429006852979,0.00677183230907739,0.0138059461889167,0,0,0
C>T,GCG,0.000436149768221679,0.000176721472342709,0.000785756977480495,0.00404192475685529,0.0149513941351189,0.00490823718940849,0.00364162271844037,0.00402921144459693,0.000287395538340727,0.371864857144809,0.0217599867632365,0.000520150055800551,0.00515433385344784,0.00154792133740104,0.0157448771486841,9.67230041139746e-05,0.00681097584843622,0.00635715661722212,0,0,0
C>T,GCT,0.00469447099997889,0.00555303125154972,0.0186572937907066,0.00371163387960081,0.00310169367919345,0.00228684313122997,0.00690103748982201,0.00364669330511172,0.000494697461162998,0.0108675765699568,0.0064222984615919,0.00790051393209601,0.00883480909220599,0.00475613274318248,0.0063396874725417,0.0142047813974663,0.00360120562101225,0.0114942528735632,0.5,0,0
C>T,TCA,0.755044294219392,0.000796895286551241,0.00854071795487438,0.016879744447428,0.0072262731583286,0.0014089026919036,0.00661151496992501,0.00439675369984023,0.00134304762179716,0.00670708508880014,0.0144575989352084,0.00722051183581665,0.00472135312456636,0.00582503795950351,0.00746750093647248,0.00237751751808544,0.00536266489215955,0.0088614910421884,0,0,0
C>T,TCC,0.0502551029831923,0.189061033037125,0.00746358885030035,0.00706099508544517,0.0238167622943068,0.00708785731687126,0.0109853389126593,0.0132979302847702,0.0491463785175835,0.00658423086951299,0.0141601602672217,0.116781607640079,0.00593408848657801,0.034445222861222,0.00528528882661154,0.362279201831289,0.0134653775394371,0.00725614846208181,0,0,0
C>T,TCG,0.0577369120967259,0.0506714911983328,0.46019670481621,0.00427891662565245,0.0139584887587039,0.0036356554754393,0.0491107181346068,0.00164878809512385,0.0307465199786633,0.0698892664863894,0.0221963748819615,0.0125145837467901,0.00580171929778702,0.00432385902267624,0.00505579526168047,0.0504053878700695,0.0144439660234078,0.00436653181788994,0,0,0
C>T,TCT,0.0324084518502974,0.102132807175662,0.0119269728120912,0.00505267339947296,0.0101159565146758,0.00275756348416415,0.0142080344205557,0.00583155693003804,0.102401775833412,0.00752319385616414,0.00623752768704927,0.691414468795078,0.00950249485331353,0.0121311487057123,0.0026741491974084,0.247913420493406,0.00465808118370063,0.00552237847556669,0,0,0
T>A,ATA,0.00123303620250062,0.00219965850610067,0.00743170048445964,0.00578656553962553,0.00198638888771885,0.00160682953702016,0.00343782398095512,0.0110515039870126,0.00208018915099802,0.00849734987620168,0.00572126648767784,0.0019276212298115,0.00437235452806908,0.00317006960691324,0.0023238391209645,0.00177593233172049,0.00504951657728892,0.00128427406408528,0,0,0
T>A,ATC,0.000603944459561882,0.000371806780152122,0.00188858764420271,0.00379181359477476,0.00388506645371481,0.00199775778891769,0.00393728786605795,0.00462754823075209,0.00041405963898228,0.00389630268258495,0.00797588130060343,0.00325374344805308,0.0045444900908036,0.000929425893008889,0.00731315639784126,0.00080015785558834,0.00457979410498297,0.0030180440506004,0,0,0
T>A,ATG,0.000612568849402471,0.00157611992465095,0.00263057627641165,0.00528437250617297,0.00459443796245113,0.00131789574665667,0.00344615065408748,0.0132576307478743,0.00205201285105938,0.00502890770225248,0.00871210770776371,0.00168695719036708,0.00707424326397948,0.00360701756747686,0.00342679559927302,0.000845899064247657,0.00810271264727757,0.00256854812817055,0,0,0
T>A,ATT,0.000824592286641831,0.00919559037885649,0.00984142761416644,0.00486551232276074,0.00154551973954858,0.00180202844705855,0.00812929002826291,0.00235217437832288,0.0107503808528287,0.00591708987360639,0.00401193685478777,0.00423363591923139,0.00135372523326593,0.00594208093054023,0.00336552023936699,0.00819599293341048,0.00943359298547775,0.00346753997303024,0,0,0
T>A,CTA,0.000397771233431056,0.00073084767835463,0.00120300423289262,0.00853778832251142,0.00139090995210483,0.000815728364349071,0.00294313769519053,0.00359425587952997,0.000993612523958528,0.00211118025622617,0.00269283121389714,0.0009286130964194,0.0020400427919554,0.00139441929391678,0.00160934530168288,0.000423576124023271,0.00144831095627667,0.00410967700507288,0,0,0
T>A,CTC,0.000572415127702993,0.000833963930556974,0.00147469705887909,0.00349057660307488,0.00105864757235792,0.00595296054837557,0.00174832835211726,0.0153620262834191,0.00116154109476612,0.00319710227955241,0.00488814112145005,0.00128289719553905,0.00285539250106299,0.00260934776963027,0.00181976257532245,0.000406145476638774,0.0113124828747015,0.00494445514672831,0,0,0
T>A,CTG,0.000314610554393171,0.000729858481749201,0.000869147193208416,0.00698441895297567,0.00642076607663046,0.0030263408653389,0.00337571518955808,0.0391850778717601,0.00103747558093687,0.00509535664885187,0.00522465932245688,0.000685854925440326,0.00300834009315343,0.00236123910738468,0.00221111558151473,0.000196408079025315,0.00915958820996595,0.00166955628331086,0,0,0
T>A,CTT,0.00105653806441295,0.000119246901393154,0.00169100482840538,0.0115482438361985,0.00535352907163678,0.0241994363025265,0.00227591182189656,0.0181078524761009,0.000155942419071265,0.00352476709724566,0.002884915117426,0.00122512064345467,0.00432285512553799,0.0007119802455397,0.00193132997590607,0.000212699468410825,0.00962931068227189,0.00276118923778334,0,0,0
T>A,GTA,0.000472027229958531,0.000394599518602226,0.00131696647325007,0.00235184446846958,0.00205105740458235,0.00120211005778297,0.00242661095530829,0.0107131712552616,0.000434562624983012,0.00430311165070191,0.00267751935008223,0.00132241721629565,0.000761122835548246,0.00112499609700955,0.00105382057649708,0.000423177383723626,0.00540180843151838,0.00353175367623451,0,0,0
T>A,GTC,0.000450897474849087,0.000164989750480589,0.00104451675106717,0.00178197164734912,0.00335764225359953,0.00161645308576817,0.00197833563454368,0.00434016843459964,0.000203846210516905,0.00154190481891457,0.00282252498576225,0.000716031897811536,0.000780866979254467,0.000766575369409866,0.00172958374376263,0.000235940331590155,0.00504951657728892,0.00122006036088101,0,0,0
T>A,GTG,0.000410671883234271,0.000568263474164517,0.000826168652663561,0.00542919148610794,0.00115833454535183,0.00140238595810574,0.00225966798414656,0.0138102976363121,0.000716162362370645,0.00457509434022905,0.00261090131572332,0.000909443738525233,0.00122830820775177,0.00167001248769974,0.00117868357404145,0.00040996199093538,0.00219203820409441,0.00520130995954537,0,0,0
T>A,GTT,0.00064391131948148,0.000204801166892287,0.00184274606152355,0.00670958946578181,0.0025986337351123,0.00271831152942817,0.00384719599282268,0.0029175030930877,0.000273722345951386,0.00280234572012941,0.00246338179195428,0.000964374419549695,0.00254476984585386,0.000934100133066266,0.00190069229595305,0.000294555155638023,0.00430578932947117,0.00276118923778334,0,0,0
T>A,TTA,0.000490612790065002,0.00286220290824177,0.00109684131421137,0.00501083805651352,0.00304008101817152,0.00676740072115995,0.00697652355936611,0.00956417600829288,0.00420459509330484,0.00417246354045933,0.00524945540042581,0.00174929787528341,0.00219410273017014,0.00650130701100484,0.00965607181009725,0.000685092797690678,0.00262261713704153,0.0139985872985295,0,0,0
T>A,TTC,0.000776899410823371,0.00212021552720554,0.00323981189747361,0.00356270456314358,0.00253660812059828,0.00191895077554815,0.00727382674104251,0.00262191494055775,0.00297192618778104,0.00389782932101952,0.00202139455884921,0.00153199145680247,0.00426612547319899,0.00213182740536861,0.00209203327830112,0.000670282443703851,0.00587153090382433,0.00866884993257561,0,0,0
T>A,TTG,0.000233404737052487,0.00168717972535144,0.000577840883175441,0.00570165612215199,0.00350861805031277,0.000612951856871309,0.00395544274354325,0.00502320847273531,0.00255237006150991,0.00321373460355008,0.00259581798718923,0.000615943149591011,0.00189460353620395,0.00314987688986537,0.00156772430250142,0.000185300313535194,0.00414921517203586,0.00256854812817055,0,0,0
T>A,TTT,0.0016224417777863,0.00023262232141999,0.0109989851667432,0.00454355473051029,0.00312118508402076,0.00461771210358273,0.003195804448764,0.00617250934999467,0.000324347170708338,0.00924226908287999,0.00439210529443114,0.00680270574681241,0.00177558250090448,0.00159615949479318,0.00708597511064249,0.000954299462851246,0.00317062668806514,0.00385282219225583,0,0,0
T>C,ATA,0.00127976602145354,0.000879058556111306,0.00194255763386088,0.0162013700033159,0.0252661464608936,0.00242369454098514,0.0074189292580866,0.0157207489217036,0.00138417604029763,0.0253360914601051,0.00518078054853952,0.00337074633559199,0.0168631672442987,0.00626535137290844,0.00603909136734232,0.000783467725903184,0.00508866011664775,0.0136133050793039,0,0,0
T>C,ATC,0.000545550153349557,0.000301689976828632,0.00111349303053273,0.00201423381384669,0.00777360171676329,0.00233594596263714,0.00289781875289642,0.0023168959104877,0.000480235169113377,0.00456673800353457,0.00795668433701458,0.00159175474906076,0.00648692451035219,0.00221671160481058,0.00879012379934979,0.000307485733926522,0.00626296629741261,0.000834778141655429,0,0,1
T>C,ATG,0.000837794790089466,0.00121386788443763,0.00139308390378625,0.0059482763134876,0.0199362383290052,0.000873924312683496,0.00834905959782169,0.0174356404825483,0.00196141604695927,0.00731725836627993,0.0126750237448157,0.00181233660404462,0.0121957629067606,0.00589402974275039,0.0176056826537549,0.000438956107009592,0.00422750225075351,0.00982469659025236,0,0,0
T>C,ATT,0.0021597987607873,0.00190299694534964,0.00224896895929208,0.0143941169710559,0.0148934980555259,0.00163107784882617,0.00674856381951322,0.00315982425210412,0.00291051246594474,0.0127545016750839,0.0197527613917981,0.00301050201595062,0.0270572633003921,0.00805072410522425,0.00917627418064438,0.00100117992950955,0.00892472697381297,0.0235664290759648,0,0,0
T>C,CTA,0.00148989209292797,0.00123602364022515,0.0030264000786119,0.00457412887751833,0.00161002307501523,0.00326086750608765,0.00668099491458676,0.00843081156761749,0.00176204593623947,0.00929184465730784,0.00388429990045003,0.00110505710213434,0.00827140578025102,0.0041997112067523,0.00462686774233827,0.000462823562088365,0.00806356910791874,0.00295383034739613,0,0,0
T>C,CTC,0.000638866051424736,0.000612477564861743,0.00123541913521779,0.00302481353852509,0.0041438231118672,0.0116904900015496,0.00527610770346943,0.00276097672280411,0.000852744629431929,0.00689542406199116,0.00377597417734155,0.00122050281494235,0.0054888719503293,0.00218249616759058,0.00431413217904429,0.000336308961300887,0.390848240497906,0.0060360881012008,0,0,0
T>C,CTG,0.000507466285211821,0.000500016402303562,0.000746826186160002,0.00463443258183807,0.0119259316705678,0.00899218332936141,0.00440481008701373,0.00693693436838379,0.000824731591491977,0.0114279332248349,0.00571658151442103,0.000982362472475594,0.00812791313021708,0.00336881829415292,0.00685705961514449,0.000202560072219843,0.0190629036677496,0.00288961664419187,0,0,0
T>C,CTT,0.00299742825007149,0.00710811201355109,0.00399815606923139,0.0052197895473917,0.00476110599186432,0.00944289882505563,0.00361909975013155,0.00355317043617241,0.00997763460274934,0.00675047376009841,0.0114354483816503,0.00355153969141737,0.00573970600135762,0.0214093282500038,0.00196138958642601,0.00183665478306648,0.00438407640818883,0.00436653181788994,0,0,0
T>C,GTA,0.000290512571780258,0.000195059079111542,0.000592682630331437,0.00413105712281061,0.00218435879183353,0.00119816970711449,0.0025973760059406,0.00362040910011571,0.000294143700952779,0.00336688054335472,0.00706551100945862,0.00095121897785762,0.00765405368126779,0.0018048175709545,0.00499972252667212,0.000178635654241121,0.00790699495048342,0.00854042252616709,0,0,0
T>C,GTC,0.000283167466432689,9.37488601054742e-05,0.000705657614780511,0.00230792580425913,0.00414654860491509,0.00517951517773823,0.00134605448783794,0.00227725129564321,0.000139058407374577,0.00959323522404825,0.00291325349224763,0.000556126161652349,0.00257285658549228,0.000637192404621664,0.00392855986718277,0.000118482831894621,0.00375777977844757,0.00398124959866436,0,0,0
T>C,GTG,0.000311124863499267,0.000361862356702085,0.000701675682616707,0.00393072044683525,0.00240231564496604,0.00318850145054159,0.00298777412329346,0.00553430964164456,0.000575253652344376,0.00370836545635039,0.00806329604551691,0.000970119857349908,0.00327140995154898,0.00237227031392009,0.0122111387042921,0.000185072461935397,0.010529612087525,0.0111089706543376,0,0,0
T>C,GTT,0.00203658497793141,0.00663820990336055,0.00261033753028983,0.001778987430422,0.00621065533984792,0.00350797295858578,0.0143659682043939,0.00212098689418018,0.0105091204342813,0.0116930862161021,0.00572412317868808,0.00212661742128428,0.0044110085558883,0.0176738625657502,0.00258281422698243,0.00109676367562454,0.00587153090382433,0.00417389070827715,0,0,0
T>C,TTA,0.00327698065976266,0.00521857788412307,0.00462559010753784,0.00291101915343622,0.00702153081694342,0.00276354978614126,0.00319798849417577,0.00439024814079637,0.00696964111842687,0.00633643334676507,0.0130978140143319,0.00505995874453485,0.00381784998510847,0.019832426624247,0.00473265444859113,0.00149436471727091,0.00994245899714252,0.0105310473254993,0,0,0
T>C,TTC,0.000697741886069827,0.00168735208536602,0.00216166262846092,0.00189081110621937,0.00386441877910961,0.00309825226503859,0.00520225966798415,0.00193852561066133,0.00220560157631637,0.00489335827914102,0.00726227988624428,0.00190216947731336,0.00388764970440792,0.00336863132455062,0.00407538950318401,0.000950084208254995,0.0268133244607977,0.00577923328838374,0,0,0
T>C,TTG,0.000446614027894928,0.0038741885051645,0.00179808918593445,0.00639061609045849,0.00404223655280961,0.00328314564255942,0.0086800789805422,0.00155792857586021,0.0057736653471061,0.00451700173032414,0.00398382701524696,0.00256262634593592,0.00297941909392178,0.00893621214169379,0.00550379907231417,0.000871019703125315,0.00919873174932477,0.00321068516021319,0,0,0
T>C,TTT,0.00221951547344185,0.00299666620135708,0.00532798977782069,0.00481072660445719,0.00353983733431583,0.00270853642873137,0.0099996519177625,0.00273102495432028,0.00411152214889143,0.0123332298165342,0.00477764431317378,0.00283271561822629,0.00719493281846539,0.00452073801389296,0.00561536647289779,0.00101798398499461,0.0103730379300896,0.0108521158415206,0,0,0
T>G,ATA,0.000602866410831808,0.000120385976272134,0.00178209564021867,0.0017531992916933,0.00344353657995717,0.00477691742578406,0.00170041585589668,0.00172113515106803,0.000155126109077872,0.00184996438513231,0.0044732353191221,0.00204457042167003,0.00139655055905126,0.00086959562027446,0.00107983370098549,0.000294669081437921,0.00234861236152973,0.00154112887690233,0,0,0
T>G,ATC,0.000448058613193227,0.000991073830805677,0.00128563755242411,0.00109509500029364,0.00177826032769842,0.0068521182605322,0.00246046365919063,0.00053367414894735,0.00143406618606053,0.00147208119788087,0.00438524923600656,0.000905148084095168,0.00110595013407942,0.00220044524941091,0.0016064549545175,0.000268295258761378,0.00223118174345324,0.00244012072176202,0,0,0
T>G,ATG,0.000787996125751596,0.00137211685956531,0.00130584339001564,0.00133445172024059,0.00252066811580306,0.00299201434893851,0.00441777785664608,0.00426039892873963,0.00198714341691772,0.00735124615879691,0.00215714451565604,0.000770533013392991,0.00191212298766158,0.00297636909893553,0.00158391024662754,0.000406715105638268,0.00477551180177712,0.00250433442496629,0,0,0
T>G,ATT,0.00079922220652743,0.000702929102949119,0.00101782793301061,0.00105843980747184,0.00378191067138722,0.165325899205072,0.00393196425536678,0.000938808929940761,0.00104638696503142,0.00163904723298792,0.00332667381525025,0.00136768267485247,0.00132341380137892,0.00195084083034696,0.000874040982810528,0.000363822041976417,0.00649782753356559,0.000577923328838374,0,0,0
T>G,CTA,0.000285625417537257,0.00040578043780905,0.000652971057803241,0.00160725419216319,0.00178808862081049,0.00304202649203841,0.0017961043454996,0.0010321571529997,0.000566206216584265,0.00102284775116115,0.00264586721368871,0.000457487196801971,0.000972468599164127,0.00111452579928103,0.000785596359549938,0.000131128595683374,0.00328805730614162,0.00160534258010659,0,0,0
T>G,CTC,0.000295313482124852,0.000838984852720897,0.00139301808672569,0.00245336414997143,0.00341041770989043,0.0518329639886048,0.00340410777991101,0.00113611511329125,0.00122461464692232,0.00556507919035132,0.00302009373603078,0.00105903990405226,0.00147691756653151,0.00160270343087351,0.00313949509103437,0.000339043180498455,0.00309233960934748,0.00455917292750273,0,0,0
T>G,CTG,0.000124564937264248,0.00105121998198126,0.000351463103383662,0.00467666206665581,0.00332369747654858,0.0273651291847755,0.00227509280486715,0.00412400049616895,0.00159391328793353,0.00397616997753029,0.00727862015882288,0.000334524088741348,0.0016345926296502,0.0031371629569093,0.00278456045912587,9.72926331134679e-05,0.00164402865307081,0.0051370962563411,0,0,0
T>G,CTT,0.000157222626793947,7.90195727723559e-05,0.000590806844105513,0.00382266927168159,0.00235474340267566,0.00728669347368054,0.00144092396041145,0.00112109556757925,0.000128555218792915,0.00330059229553792,0.00749070089942345,0.000805059335874642,0.00214460332763905,0.000774615062308555,0.00374588992633083,9.43305623161024e-05,0.00473636826241829,0.00269697553457908,0,0,0
T>G,GTA,0.000267348898066741,0.000188636795089928,0.000666858457581135,0.00191507898349463,0.000866046063640593,0.00138730653920137,0.00186121619933782,0.000841400190163167,0.000255028847102676,0.00272480855753157,0.00102943717245181,0.000432250227025337,0.00114182329658791,0.000716467515994782,0.00244928018794193,0.00012805259908611,0.00207460758601793,0.00205483850253644,0,0,0
T>G,GTC,0.00020755312850532,0.000278627457486138,0.000866580327846626,0.00092871083011174,0.00112521567528509,0.0131516781157849,0.000983775955161548,0.000686052679572095,0.00037283598431591,0.00178568487209783,0.0013328177577398,0.000846136531362144,0.000847607746712113,0.00147294652688071,0.00096479788380342,0.000223978122600794,0.00117430618076487,0.000577923328838374,0,0,0
T>G,GTG,0.000435129215423876,0.00248684026604967,0.00248061210392856,0.003340408555063,0.00241230911947496,0.00330527222708241,0.00360080836980803,0.00226991616866758,0.00356481213598271,0.00292013792776509,0.0039516035406514,0.00171702677137754,0.00523942833195634,0.00622533987801729,0.00174923810448721,0.000732827707848223,0.0028574783731945,0.00693507994606049,0.5,0,0
T>G,GTT,0.00100384304248695,0.00199010994489369,0.00203881508492803,0.00153062175371393,0.00141866042677422,0.277477523898795,0.00371082965742565,0.000566638558867603,0.00252160877992553,0.00259440149546287,0.00341020346038981,0.00100362596190442,0.00257925257570697,0.00291859549182634,0.00126886240560126,0.000899501153099984,0.00876815281637766,0.000256854812817055,0,0,0
T>G,TTA,0.000363338356992502,0.000644566503228781,0.00138676546597261,0.00235606741695135,0.00302298474359842,0.000385775485638748,0.0037404507733227,0.00107289330459652,0.000889532999800861,0.00265008362362899,0.0026970591165923,0.00107906839283244,0.0020075066678198,0.00192167357238893,0.0023475399677206,0.000310846545023533,0.00274004775511802,0.00186219739292365,0,0,0
T>G,TTC,0.000307459497817016,0.00126156664499489,0.00128004310227662,0.00141249180818377,0.00369667707061695,0.0127071004740166,0.00252530250735238,0.000677757000254415,0.00185849296195891,0.00368450168713634,0.00488768405088841,0.00122130825014799,0.00217908605749217,0.00291298640375749,0.00218279017929402,0.000329701264906764,0.0014874544956355,0.00308225775380466,0,0,0
T>G,TTG,0.000258264540767987,0.000952532632762315,0.00100147239346176,0.00426934460909377,0.00127239229987097,0.00756448819580815,0.0031559456199993,0.00145715790288545,0.00143782121203014,0.00590455536856467,0.00432788688052084,0.000573255083692235,0.0020022230237294,0.00213369710139156,0.00247009068753266,0.00015556567976164,0.00395349747524171,0.0127785269376485,0,0,0
T>G,TTT,0.000520266317133562,0.00146523623092188,0.0014759475830297,0.00183630691781461,0.00477357718732586,0.151785035684801,0.0049229748609548,0.00292331006861007,0.0022297371417877,0.00375761963321306,0.0198808554166975,0.00130131481390795,0.00487930627421612,0.00383549442148146,0.00543500880977816,0.000291934862240353,0.00528437781344189,0.00205483850253644,0,0,0
