Mutation type,Trinucleotide,signeR.1,signeR.2,signeR.3,signeR.4,signeR.5,signeR.6,signeR.7,signeR.8,signeR.9,signeR.10,signeR.11,signeR.12,signeR.13,signeR.14,signeR.15,signeR.16,signeR.17,signeR.18,signeR.19,signeR.20,signeR.21,signeR.22,signeR.23,signeR.24
C>A,ACA,0.0123222237693609,0.0275313264870642,0.0420769420769502,4.29702708823929e-05,9.55371099509828e-05,0.00227010503379099,0.000547743803771209,0.000200467383197973,0.00198224860984127,0.00058381741073677,0.020312041607363,0.000303510830936441,0.000491229419318431,0.0529791927183452,0.0045713215300451,0.00187061304600943,0.000362359145432428,0.00058368581660183,0.000312231962483296,0.00168819555974167,0.00595511840834935,0.000151437923374822,0.000200745578628705,0.000425909584366786
C>A,ACC,0.00971223428319111,0.0132717030090321,0.0333489554667678,0.000114273488822391,0.000160461075348886,0.000359445357432764,0.000204754164531386,0.000350259948154003,0.00183983465638481,0.00017812560279351,0.0166116795521071,0.00175914999427173,0.00041575145603381,0.0165561234637579,0.0011495027622741,0.00100402889912439,0.000212412003318161,0.000839406533098179,0.000374324210813314,0.000626079225258577,0.00679937380384841,0.000801765822818545,0.000358961588834103,0.000807372135718763
C>A,ACG,0.00193656815602126,0.00285445146003636,0.0156068811301324,4.1597061641209e-05,8.04877326483148e-05,0.000162930934381973,0.000108941923148772,0.000113299446919074,0.000296053318237703,7.34326340105707e-05,0.00165295371157502,5.41524359198614e-05,9.46470181137421e-05,0.00250253679952381,0.000302814025604929,7.16917009812917e-05,0.000111177192783205,0.000140067548561037,7.21517890949917e-05,0.000170266322365611,0.00172258991089139,0.000230523182827809,0.000200547043824748,0.000132123781293816
C>A,ACT,0.00681918593943722,0.0144896275485901,0.0294460635217752,0.000218077758884897,0.000254090604760329,0.00060813809585481,0.000366204362727878,0.000321077575149086,0.00547419568579807,0.000492279174197686,0.0120304118576194,0.000601058341134971,0.000438477130318334,0.0220667450305496,0.00191300318952018,0.000185878942514896,0.000407360332618246,0.000850152185347208,0.000328581637741987,0.000201115012613271,0.00333459453102337,0.00391870481411089,0.000256785481360107,0.00210335182397775
C>A,CCA,0.00723405212274964,0.0203560436964026,0.0803670330338102,0.000576865424394798,0.000188996143864991,0.00185559886418349,0.000331131269095895,0.000168382613428092,0.0013172455203582,0.000216911591973472,0.0219823982769538,8.59631513086499e-05,7.97565977318477e-05,0.0748211615922193,0.000114220548460146,0.000367662819300862,0.00115382209838499,0.000437675058151396,0.00397466549129697,0.00114462640364963,0.000439873095742803,0.0158619790583601,0.000224638876610376,0.00584427686268062
C>A,CCC,0.00616158008136051,0.0144070257287786,0.0792966742807577,0.000223236553907869,0.00024053428975618,0.00157230484801801,0.000536159912639754,0.000213839832822925,0.023671920791342,0.000134328754788441,0.0248921629775128,0.00106694182721179,0.000516827980378509,0.0196382033517455,0.00281671192595619,0.00117390863539902,0.000385963675150329,0.000605995763462444,0.00030945123339486,0.000813319838349017,0.00257337389897325,0.00311278690925228,0.000453459580207641,0.000191063637626013
C>A,CCG,0.00343044885904258,0.00262194671257112,0.0244084385344945,1.28439982323026e-05,1.66375675817013e-05,0.000494198313398951,5.14639539099279e-05,3.17432379157255e-05,0.00334382166789086,3.16144193043212e-05,0.0024122617193764,5.93374698672074e-05,2.31920300164791e-05,0.0121746572860401,0.00171562981057777,8.58883489310802e-05,0.000136280819160154,0.000115993793946175,0.000134243228199476,4.87515267375799e-05,0.00150486307323693,0.00020338195283579,8.4846233343603e-05,0.000182200960334331
C>A,CCT,0.00636131906098085,0.0143180164700895,0.0689598692151557,0.000554952998678129,0.000215512178337462,0.00190339362758846,0.0004402516569801,0.0004044431954071,0.0654237724702509,0.000128518205828348,0.0152750227554217,4.78155680731466e-05,0.000193463614211215,0.0368865141365018,0.0128310063342636,0.000150896345485584,0.000434731939128723,0.000200144986859824,0.00165714819411978,5.55011751470763e-05,0.000875808343207343,0.000357413318980074,0.000483362815972576,0.000172747623930511
C>A,GCA,0.010368117998402,0.014017341012601,0.0315294029600572,2.58387835408958e-05,3.68542174620737e-05,0.000706475156671715,0.000183109224867557,0.000255336493768561,0.00180494907417103,0.00106118139403962,0.00687322625939482,0.00118891088509682,0.000134661012909027,0.113020287914669,0.000949306485123104,0.00172268919386343,0.000446452414600813,0.000494210125974377,0.000144656868581888,0.000879583569609468,0.00185170486224186,0.000270662568170877,0.000211160732014382,0.00592911030073137
C>A,GCC,0.00815103979613955,0.0100069548433161,0.0350726841794073,0.000100688429266416,0.000141194651433043,9.76771425163087e-05,0.00017704175544163,0.000373201265373601,0.00452158151647611,3.55644377419673e-05,0.0109099720117118,3.38865665871292e-05,0.00027320272044937,0.0185990163149736,0.000631228184638831,0.000945548324729908,0.000107605088270797,0.000421431576430524,0.000203068208787492,0.000249534951366098,0.00838454103135568,0.000150751763539588,0.000217756437482724,0.000214058793695479
C>A,GCG,0.00244266723054014,0.0025431663712749,0.015295687044111,2.4490911794049e-05,2.48633722842652e-05,2.82558743148875e-05,3.23193296799107e-05,7.45663582479325e-05,0.000879930286526976,9.92404644562032e-05,0.00133990643879721,0.00030802714524203,0.000111249128688758,0.00797021405421395,5.15216299258743e-05,0.000138666837705478,0.000143476066729948,0.0001831761765818,7.43678542438243e-05,0.000130513255638864,0.00172159865417257,7.53618161348705e-05,0.000164466594222703,0.000208823814988554
C>A,GCT,0.00704651111187828,0.0105275440192476,0.0212456039439219,5.33673053023532e-06,9.75569876326895e-06,0.000119581930413183,2.87954937472674e-05,0.000181929250899013,0.00933096946664027,0.000478806479612533,0.00984379091920437,4.80770563562927e-05,2.23190871007141e-05,0.0653494641573082,0.000241193333817851,9.09249565171667e-05,0.000128130769489647,0.00030999705549054,0.000107896261507934,6.74658993595633e-05,0.00244305426358319,0.000145118318953611,4.59945353906121e-05,0.0025580354947762
C>A,TCA,0.00774337716917543,0.0252377874494925,0.0395928562270734,0.000300489063307512,0.000456533807581082,0.00284491351413485,0.000993153474971302,0.000348704355783331,0.00192766264426304,4.61494492867449e-05,0.00785639851050144,4.20494077000462e-05,0.000990790819672999,0.0751801785431438,0.00229577585752152,0.000327577308967709,0.000873736880168116,0.000755106882212529,0.000737636215667429,0.0773679648217385,0.00010415638107284,0.0111216139431123,0.000796765548372877,0.00491691435847963
C>A,TCC,0.00922216054673419,0.0205381461418853,0.0467252205301973,0.000574936980223883,0.00092652791681463,0.00355468982512405,0.0014100270624488,0.000239579043111017,0.00342293450745967,8.91754648366161e-05,0.0164817434686438,0.00190763343051866,0.00109676738988132,0.0444191895529795,0.0131847017912026,0.000237714687316175,0.000321405079717369,0.00198621601129208,0.00073981139036851,0.0286360110754866,0.00245880873911938,0.00754866173298776,0.000643184479265945,0.000162742710220085
C>A,TCG,0.00231446713195215,0.00311761001971313,0.0108858387828545,1.40524657215916e-05,2.01707966862883e-05,0.000257566801906528,7.56393788756691e-05,4.893010532284e-05,0.000351914143614917,9.49011907993599e-05,0.00130590950362961,5.96099818022947e-05,0.000141220079731456,0.0131142551211051,5.2578423708526e-05,7.15883696209232e-05,0.000172821298336475,0.000151766295621161,9.45701325987243e-05,0.0117231085611526,0.000923757602913736,6.02129345553702e-05,0.000106858273192868,0.00016684742085735
C>A,TCT,0.0122473323258365,0.0236523744953072,0.0410101608250069,0.000572322804786155,0.000637235229118941,0.0013748727448468,0.000675458066992933,0.000988792844239391,0.0144109827172439,0.00260759759021076,0.00962822765163098,0.000750637135100958,0.000771843578838013,0.122218724497108,0.00374985143374699,0.000573633902212991,0.000768172668411082,0.000912231011254571,0.000980496870300149,0.0357018980763217,9.57133767276734e-05,0.000333237190691185,0.000587352953786948,0.00559147952726279
C>G,ACA,0.0101355867423724,0.0122021878718664,0.00685730585646982,3.79865125326944e-05,5.96724251552704e-05,2.83341267666745e-05,3.5106747946516e-05,0.000187027142058937,0.00406855643155227,0.000183691037335954,0.0195988571593073,0.00218763354921438,3.68038443652227e-05,0.000984370392993909,0.00112178497185621,0.00117766584424225,0.000264086376979557,0.00112102768915587,0.00023344636575833,0.00406164428588825,0.00638152419130514,0.0011948805097915,0.000250624197253518,0.00274944696467071
C>G,ACC,0.00572525478539182,0.00855930656580631,0.00283300019782652,2.17893441909544e-05,2.19357716669261e-05,0.000170975119390679,5.9852162809459e-05,0.000139038777432686,0.00117072622869357,8.47027461736711e-05,0.0116760821604487,0.00146911678614962,5.29302836058347e-05,0.00219499929959077,0.000314343539464704,0.000638992215352888,0.000260847030862706,0.000385257362273782,0.000111311562226265,0.00107551367525356,0.00348718648793898,0.00259241164791596,0.000100840348027841,0.00247621953307566
C>G,ACG,0.00171377061371727,0.00222417541789819,0.00128135050624779,4.05472059491954e-05,2.60681890932602e-05,0.000499828474556184,0.000113789787654257,5.22053652630326e-05,0.000309665479447653,2.67221808047621e-05,0.000260111128255844,0.000151852111666251,0.000178394107067573,0.00178166712789303,7.4122841758658e-05,0.000155258570232458,7.09275409827317e-05,0.000115497699623504,0.000151820066784837,0.000252404718443813,0.00106233777950827,0.000879586678679586,0.000141548658320637,0.00121007452235225
C>G,ACT,0.0102309209129858,0.0144515911082526,0.0035292764920216,6.19502617395365e-05,6.75010955184136e-05,0.000228891441386257,9.03349613167252e-05,0.000285156158659331,0.0041007724887303,0.00035330538959969,0.0174133722589617,0.00117899956086042,0.000240337431890087,0.00334382275687182,0.00213134638290154,0.000180064558349249,0.000210065600676825,0.000836456396618922,0.000370247692235355,0.0042080355350375,0.00682975487738386,0.00294845191656383,0.000269950686579096,0.00524845771101202
C>G,CCA,0.00700627921285668,0.00762461986024115,0.00778892797182841,6.91784541356908e-06,1.29151887413449e-05,0.000473100474565232,7.03639291285573e-05,0.000110570168572364,0.00110325615004775,0.000178075573756912,0.0191691701685061,0.000119594711752351,4.03835457518626e-05,0.000163015714542515,0.000139153349254375,0.000521294850372967,0.000112866411360935,0.000499120130979201,0.00014331762810255,0.00569945868208908,0.0045183743194009,0.00135280684755715,8.39237786350935e-05,0.00057129141750554
C>G,CCC,0.00916581019550834,0.0094662166889847,0.00686426489750039,8.08997487643793e-05,0.000158920181111317,0.000975554562354467,0.00030453735974047,0.000234487991464238,0.00143426090692509,5.56851817012668e-05,0.0140935910720357,8.42318354171679e-05,0.000275112955931741,0.00191915330106089,0.00207406161973974,0.000334468028777523,0.000454632528371311,0.000828637589102194,0.000216254326881954,0.000634093554479837,0.00576643436847117,0.000373816461392389,0.000466571690054787,0.000258379324531867
C>G,CCG,0.0024993322125109,0.00176304383471224,0.00338713317290056,6.71240265181898e-05,5.44255927686002e-05,0.000817180608849156,0.000205791839200488,9.06196587106088e-05,0.00046048220344407,3.36916271863433e-05,0.00151050229812486,0.000172785945240979,0.000205586944957094,0.00355072993351587,0.000217620991046739,0.000282413030288101,0.000141711290997343,8.86375535084355e-05,0.000128712927489768,0.000441099069979651,0.0012970176713837,0.0013096516244895,0.000319015171079975,0.00034695790703923
C>G,CCT,0.00964138816051503,0.013784688970578,0.00678074831262398,7.2775723554696e-05,7.427694429455e-05,0.000876489320931471,0.000176781436883546,0.000147221406764676,0.00150241201505566,0.000134221370632102,0.0222724632272208,9.77362352816368e-05,0.00029147400781554,0.00322043548951052,0.00425853418066338,0.000158552569887085,0.000366087544810138,0.000872257715984831,0.00014123503049153,0.00637766006724959,0.00641945425814549,0.000209089495632103,0.00036425343376556,0.00132591456510475
C>G,GCA,0.004704034621694,0.00510280517145214,0.00526750415037835,1.34862669127087e-05,1.67682633462477e-05,3.62201449428717e-05,2.20379324922697e-05,9.08689521627958e-05,0.000889764183258963,7.52166132364514e-05,0.0126605302915752,7.75831733517444e-05,2.31899311120574e-05,0.00027985708343488,0.000158207272311888,0.000855619093125234,0.000160640259172901,0.00041054922936909,9.96876591092154e-05,0.00155155817375972,0.00284672814247486,0.000258297619462985,8.58660622246524e-05,0.0011434069462056
C>G,GCC,0.00509210845012511,0.00540162260710981,0.00574165894062144,1.96543612787469e-05,2.7487757729174e-05,0.000439706241767777,8.6250436281843e-05,0.000115324836141959,0.00168259576900368,6.33900929878753e-05,0.00886087273369484,0.000311073043282718,0.000109353624815481,0.000938225081113307,0.000496062890824542,0.000870779398416098,0.000274528569019331,0.000295240483052022,0.000121772364812309,0.000517401790671883,0.00328781952825563,0.000105384378666278,0.000152131515764387,0.00152602762477366
C>G,GCG,0.00149600515358278,0.00122390000156946,0.00328180737029005,2.10470749090358e-05,4.58524409143829e-05,0.000339321610120938,8.50853127822052e-05,4.72328850726772e-05,0.000266164723896116,2.26467652619642e-05,0.00241029764542913,0.000160949147619766,0.000122656750295603,0.000565008911018936,0.000168739762283071,7.61918787865162e-05,6.11408037444578e-05,0.000144340126630857,8.81385969341307e-05,0.000241361826939076,0.000703051835082282,0.000561516977921467,0.00014894733341911,0.000143973513520598
C>G,GCT,0.0067788058133411,0.00704088982510196,0.00303004854985836,2.56901676385687e-05,4.3147954094338e-05,0.000260612186236446,6.57946061909731e-05,0.000196328819944118,0.00238478098274527,3.21960366281787e-05,0.0147318620026782,0.000114393927394937,9.71300948907493e-05,0.000755227267680596,0.00130268599601374,0.000832501984230483,0.000188024412680083,0.000350744595903841,0.00016619053205414,0.00278913531645508,0.00445223481604173,0.00100602738313051,0.000165876700535588,0.00130687981712225
C>G,TCA,0.00769552984562487,0.0122106252329302,0.00357330705176919,9.77877523425116e-06,1.82716237943531e-05,0.00024094498062624,4.83717482806278e-05,0.00019511236633879,0.00171054100975491,0.000138985813438461,0.0131232287732791,5.34669558381032e-05,2.84814542237826e-05,0.00145873662711302,0.00179574217514168,0.00359698713452977,0.000306968374914876,0.000327321905254186,0.000147496650585233,0.312764584389368,0.00403125092027373,0.00364876710665035,9.45978336074711e-05,0.000324526137776303
C>G,TCC,0.00766749906118594,0.0137797677537463,0.0058955732270493,4.09472406572347e-05,5.6925038429784e-05,0.00166993114595817,0.000237859001603176,0.000118521054431976,0.00117890746357538,8.92551619529269e-05,0.0200256887319121,0.000158008142486824,0.000341554887759431,0.00409809914376242,0.00467628432633175,0.000660669176845479,0.000202881706800842,0.000317189508752441,0.000248306015203709,0.0637125757008075,0.00493361170150255,0.000617010999317926,0.000245964171946847,0.00366954316166765
C>G,TCG,0.00171120073121637,0.00173634398617605,0.00182566646346597,6.57501520003584e-06,1.15357703108641e-05,0.000374839725555953,4.30946825979587e-05,2.69199238263395e-05,0.000270018564769556,3.71389082558827e-05,0.000513956911228714,7.33728280331125e-05,5.01585595670298e-05,0.000789016009842056,4.63923061693911e-05,0.000369860121698308,0.000119899987786556,8.86305118566382e-05,5.94785629631522e-05,0.0136787646756503,0.0011082432362747,0.000823884549814787,5.33685527387244e-05,0.000539599576029948
C>G,TCT,0.0127184241197281,0.0231493997875093,0.00332200741207867,0.000289887898757243,0.000106456845244738,0.000681003539996417,0.00026622565959027,0.000369101218106772,0.0039963909872452,0.00149266536741734,0.0232799611311668,0.00115510958970593,0.000344878174904368,0.00203323232998222,0.0123295526193403,0.00033842900579478,0.00139308313315323,0.000989907861733869,0.000755120172721235,0.36602270463758,0.00870345565909724,0.000254814081152254,0.00132520645958088,0.00255449678196933
C>T,ACA,0.0326186555212751,0.0206668574352798,0.00878697028384671,7.81617953232662e-05,8.64361294478379e-05,0.00144340262111866,0.000336379790770709,0.000527661010906797,0.0744220714424777,0.00141698244966781,0.0144164800927771,0.0261424035497239,0.000258016591000563,0.00876633223522249,0.00119711253139573,0.00320472999888774,0.000293091188772974,0.00318501672826106,0.00073266360875888,0.00776594144850209,0.0227550102660654,0.00369389131165815,0.000558560088017053,0.00288809218326484
C>T,ACC,0.0178116427133347,0.0125215219073396,0.00420372201421307,0.0172172669327097,0.0207157593486962,0.0383996887583797,0.0215237311513839,0.0211783505505751,0.0160264401091388,0.000271522255981397,0.0123176282930955,0.00626203517251838,0.0223150395420864,0.00438735249290792,0.00684003965001266,0.00220398210611639,0.00135628469404308,0.00162977731257321,0.0221258389962509,0.00017341565831975,0.0113392957558443,0.00198499688158351,0.000422019183747782,0.00209305328292206
C>T,ACG,0.0068689944451302,0.000840515730004221,0.00146114141653681,1.97772323163768e-05,1.75834571381308e-05,0.000528536710287974,2.99564916378992e-05,6.76089270580254e-05,0.0501094985468922,0.0115529621676491,0.00411231581533782,0.364260594441844,7.44522559646931e-05,0.0249557787631719,0.000679846591548647,0.0224019116235221,0.000962439779332034,0.000188213495012503,9.30167879303824e-05,0.00758244471431451,0.000544382470260022,0.000822585349659278,0.00010139593065474,0.00136180604853005
C>T,ACT,0.0219718951942587,0.017365015852479,0.00427937508578856,0.00739594867406083,0.00832657533230158,0.0108702579851075,0.00829164463935537,0.00944396276373756,0.0269356017506842,0.000456082473646337,0.012158825429575,0.00963497357515641,0.00796124859693079,0.00762097296917813,0.00722602847512466,0.00154001992024703,0.00213775442757532,0.00311865953495865,0.0094644714706927,0.000380096967091109,0.0140177692139212,0.033076985602334,0.00219599774441055,0.00533730425961037
C>T,CCA,0.019059524077702,0.0194127538651432,0.0126473709049969,0.0484798479935867,0.0581466317938233,0.107267949059267,0.0604507339951791,0.0573488020058522,0.00590452149169879,0.00050696382888848,0.0155142913463769,0.00210604811069137,0.0641560541495251,0.0104886696412652,0.00304364711037472,0.00101309254956469,0.00407298845885603,0.0125139754351528,0.0631717231347213,8.67210875346306e-05,0.0130983740000469,0.0347453354035917,0.000507604032022388,0.00299881687352908
C>T,CCC,0.0184611369929876,0.017177674648828,0.0114701545841485,0.0516787941444233,0.0662252414084522,0.183999978506636,0.0779897293922942,0.0596649125001527,0.0052690065260387,7.3253112018109e-05,0.0201598576091104,0.000127264919080989,0.0852644662040683,0.0055051913335897,0.00495636423102212,0.00177553674355248,9.09470022018516e-05,0.00569705597034048,0.0703618301037129,0.000472039871902882,0.00939577912167069,0.000544245871753465,0.000651980627259448,0.000200458295753166
C>T,CCG,0.0176682855853005,0.00327779859062157,0.00373015768861158,0.00635045620525375,0.00792332258498488,0.022286010655815,0.00933314348748089,0.00736171843349497,0.034922578668677,0.00665342225023234,0.00322567325143839,0.19686683573346,0.010405247409227,0.0232002967459441,0.00887883657374517,0.0140714108846337,0.00304051479516547,0.00251512041669886,0.00776643457134475,0.00632684180038543,0.00911669252957701,0.00272223971106444,0.000999535805108541,0.00320912718411632
C>T,CCT,0.0227486125517627,0.0216045052523823,0.0159726946655046,0.0546903403014491,0.0662707353069775,0.126962293961382,0.0693453388533641,0.0659902482281625,0.00742474953163244,0.000111297081527054,0.0227379782886988,8.17335370227162e-05,0.0727892361186975,0.00530659077240072,0.0190663599039817,0.00181317524345436,0.00107153178342329,0.0101831362996681,0.0706078217577842,0.000705981874774213,0.0138204831580778,0.0010354872337138,0.000988351394652136,0.0024972156338
C>T,GCA,0.0195036368886121,0.0147480587284553,0.00409244433213842,4.45983872227216e-05,7.16941756544749e-05,0.000816459196241972,0.000162711247695923,0.00078644343078343,0.074286231303887,0.000229924189543699,0.0164046237384102,0.00462598243202133,0.000272257793491405,0.00939404009745354,0.000184123644119382,0.00203337820453476,0.000248439634205429,0.000513669606213613,0.000489198389408149,0.00723205813580521,0.0136927771055131,0.000673794400734188,0.000311934616107778,0.00396680546267905
C>T,GCC,0.021595356415547,0.012241004612339,0.00447687815738737,0.0113065349898444,0.0136036379690437,0.026450963433557,0.0143178509427179,0.0142664191474564,0.0638238156330329,0.000178891748709432,0.0134733088534744,0.000120240596233712,0.0151210591060697,0.00747355652853937,0.000195394580883004,0.000288922332477187,0.000182159390878884,0.00251049317336253,0.0148568819907939,0.000811062484581372,0.0146822549544375,0.000478637286134226,0.000476134951021321,0.00374593659284754
C>T,GCG,0.0126565164692419,0.000721522175357193,0.000924913024792276,6.39317405586949e-06,1.08021313433221e-05,0.000134651317063932,2.90779829087826e-05,0.000265421946208307,0.0616200178592956,0.0075582701461009,0.00161799290431649,0.218687662186039,3.91696747957489e-05,0.0215619400862304,3.05464199995227e-05,0.0150667502820146,0.000292812216147844,0.000629672155794596,9.68171244961071e-05,0.00513391935728816,0.00620234222582276,0.000188371094709265,5.69245088792112e-05,0.00949631611574105
C>T,GCT,0.0185691197434769,0.0130782831409314,0.00381414614579829,0.0162861496857366,0.0180651926515418,0.00498426668102895,0.0144778036054669,0.0216282471100719,0.0523029296223253,4.65455067100409e-05,0.0112535075549275,0.000191740801830041,0.0139120107558547,0.0057841984762692,0.00108073774482388,0.000243690575870796,0.000200830761681236,0.00378229172306833,0.0215866850594703,0.00109146409130072,0.0129523134616089,0.0423725360951045,0.000296757847197064,0.00349531901213523
C>T,TCA,0.0186321305118869,0.027711555230695,0.00348766710241884,0.242032061313491,0.193582077821734,0.00621338320984903,0.197889715546244,0.173102937365697,0.00445661246656439,3.68969902267092e-05,0.00408544991732859,5.60929479925862e-05,0.17761476840271,0.00896360483629696,0.0166660625200928,0.000376499328928448,0.530343271407684,0.433738619908721,0.137304084172762,0.00390478401628066,0.0105816128493219,0.000662799235871834,0.526540155910823,0.0017438777746567
C>T,TCC,0.0207264659564158,0.0212227535051477,0.0068169487871074,0.334787003134616,0.358161940183155,0.209991788438494,0.310192089307115,0.388827379462387,0.00534198089971097,0.000148885208670416,0.0104765505306083,4.79115736700267e-05,0.301015491860442,0.00818730090764866,0.0128479036986486,0.000239722772368272,0.0948688045969229,0.187564307704495,0.393118343550607,0.000736203732997507,0.00889063038438269,0.00853135247186783,0.0925327470176812,0.00074161825549169
C>T,TCG,0.015701766776824,0.00247164720773175,0.000468433623507975,0.0742389336380073,0.0776933152405459,0.0574802292195747,0.0715529487999368,0.082144409036628,0.0141245640198049,0.00341943955257039,0.00101873703445794,0.109688084074814,0.0696124627049301,0.0153492340801688,7.20189103512003e-05,0.00696698641245424,0.043845977322588,0.0497025335697654,0.0825342665457135,0.00271748849917293,0.00869566403130559,0.00183710284973424,0.0420653388726567,0.00129801704845038
C>T,TCT,0.0203899648145986,0.0214899203980509,0.00704629109586905,0.106054189721793,0.0819843119774628,0.102661132907314,0.107109782559988,0.0591411399583651,0.00541040868698466,0.000688771638020409,0.00708484657471252,6.98119526628708e-05,0.105139482443043,0.00133818734541329,0.00236327576232357,0.000315439761801695,0.29632829963098,0.216371125023505,0.0445153365479427,0.000183443274358563,0.0145913123700725,0.0480089772718065,0.2938973378391,0.0050061693891445
T>A,ATA,0.00744078161364801,0.00620415908263736,0.00949641182954314,0.00191213303145521,0.00209056657092267,0.00232595173249447,0.00178348168374326,0.00249511676047102,0.00473501810995092,0.000129671618343829,0.00589705704101094,0.000797394583506323,0.00252975710039257,0.00197196733174148,0.0132387389062446,0.00106854838494359,0.000156740550794274,0.00102613117239167,0.00261370929318493,6.98801767424905e-05,0.0088723408435876,0.000266344436676105,0.000449616043852543,0.00105487912441513
T>A,ATC,0.00700890886754221,0.00463575253640325,0.00353968762669108,0.000710493259121859,0.000631255787505252,0.0004831540133653,0.00060063952104173,0.000734435074729565,0.0032093203860605,0.000354542804050819,0.00736968680183268,0.00234104012249311,0.000563404146285614,0.000627873594218392,0.00351619101111527,0.00107578377004405,0.000904202850127087,0.00135499900902265,0.00082642086010651,0.00011476764580962,0.00618376122437548,0.00111808754994673,0.000644251799971093,0.00146293023453626
T>A,ATG,0.00908875017303187,0.00710495587098639,0.0124657661522265,0.000525441463249694,0.000646374572046434,0.00152652908729727,0.000764655851151247,0.000917548300314336,0.00151674056534758,0.000118112646784551,0.0101651744256719,0.00142100836783615,0.000950082144381291,0.00205912781308954,0.000352545062666928,0.000348363077057332,0.00025877270503442,0.000598917914783959,0.000799109948635164,0.000591393663874429,0.00820114713731458,0.00364969434677144,0.00037770502283275,0.0012258624443908
T>A,ATT,0.00620765884185974,0.0103354543820052,0.00415901398563978,0.00368177181313496,0.00313629452868091,0.00722977339085538,0.0026102740169345,0.00466002132128355,0.0237195087777803,0.000552477819529453,0.00596375083392544,0.000601564118344341,0.00860173027916767,0.00699190221697072,0.0593330422922385,0.00136519474504544,0.000115260360545576,0.000811804382874421,0.00759586526499036,0.000686598427270891,0.00473636256969196,0.0387542856101502,0.000752584189073881,0.0314395480714059
T>A,CTA,0.00340406966101044,0.00120877451729523,0.0146349465517939,0.000143390822834743,8.73627001692071e-05,0.00101261516995448,0.000193104725070685,0.000155646100618583,0.000579210144721276,9.57456806836918e-05,0.00942671305236956,0.000208443728868875,0.000768006887819388,0.000265723847167262,0.0040211069546658,0.000457490098779341,0.000215169593968066,0.000495832214264202,0.000242475830846368,0.000162680853683427,0.0045767728647137,0.00147423757507225,0.000304430394162974,0.000732340788794405
T>A,CTC,0.00511396055587727,0.00753643037271267,0.01220404725831,0.00029962912070447,0.000257036467891143,0.000908728992207716,0.00031097118265447,0.000367446724094124,0.00330673213700276,0.00218593763637805,0.0185625717054218,0.000166071220684922,0.000489752985843046,0.0026922342990157,0.0133330556432315,0.0378826529481189,0.000328370758219269,0.000383164541406795,0.000360566703769521,0.000317879621386899,0.00335310332580069,0.000202972991003931,0.000358253857874381,0.000398330614827122
T>A,CTG,0.00473351371934069,0.00348770574349461,0.0327630157072648,5.13120962257382e-05,7.54769257124213e-05,0.000748876876516675,0.000189494204329826,0.000160378297707705,0.00127501624097711,0.000723242785653463,0.0148955882892775,0.000746114572121479,0.000613477831647359,0.00268218510024388,0.00126834087151099,0.0117731418943236,0.000179767805815506,0.000450541015385303,0.000114698148834506,0.000219890523725294,0.00427743577851236,0.00112812006133302,0.00020287683337047,0.00252669726894125
T>A,CTT,0.00417949356391402,0.00896065898925019,0.0118520583202016,0.000723424858984982,0.000365311598211279,0.000114826798727336,0.000109913728705312,0.000448098490572187,0.000770685139624099,0.00751359604434706,0.0137518001084787,0.000124556901555421,0.000276780471737316,0.00169683125982232,0.048134532542649,0.067244252981599,6.71496836275658e-05,0.000919726856010675,0.00033769808160923,0.000306264219743301,6.48972558653497e-05,0.00119872199632502,0.000301203262016772,0.000164853292038256
T>A,GTA,0.00360512445719911,0.00271134270376268,0.0092749620392831,0.000378107640213742,0.000397585469308218,0.000455287137160591,0.000363908191486356,0.000518492501546321,0.00143783335134675,0.000107662512863962,0.00746095267115516,0.000204597645499584,0.000604075061644655,0.00132332801417104,0.00195723662979237,0.000137451866146349,0.000100308474558641,0.000496448515948596,0.000472207381949095,6.12836544219448e-05,0.00332234055902227,0.000134888245199308,0.000305084770873963,0.000814429028012397
T>A,GTC,0.00288985391944923,0.00341435349146629,0.00359121926998059,0.000214637071547551,0.000143426845030285,0.0001891773705996,0.000165040892905286,0.000271325022120104,0.00220111142263688,0.000346471930600288,0.00757709423183067,0.00025350840091867,0.000407966143454783,0.00171179452122685,0.00243756781073027,0.00318582578448689,0.000222344649217027,0.00037005403116759,0.000263490931355936,0.000165397454817552,0.00226169029550979,0.000189817382214839,0.000435997189102876,0.000825181929687726
T>A,GTG,0.00410313651818312,0.00443594944517959,0.0131026998627466,0.000242207782568553,0.000308973238266304,0.000609119953123742,0.000330882938626987,0.00040489778842317,0.00230353985555979,0.000245760358482848,0.0118329290763704,0.000175286826117502,0.000478181058074116,0.00157602158040541,0.000111808894867026,0.000709212235754304,0.000127653194598567,0.000371888338601714,0.000415050158844445,6.30428222503548e-05,0.0036699788130856,0.00128389397139054,0.000290843387363973,0.000639345466488956
T>A,GTT,0.0031629314487395,0.00567712469928251,0.00549014218749762,0.000416507981397994,0.000351497157300694,4.08238331043754e-05,0.000286857860307765,0.000369721577981277,0.00291389585429985,0.0015289684907527,0.0122486868221445,0.000103055374580648,0.00024305845473795,0.00324740629573593,0.0199164689924275,0.0045307940456114,0.000185960727404876,0.000508677590180317,0.000438307841764299,0.000317484754646645,0.00125058846942973,0.0086610685629893,0.000472579256289146,0.000172548575811905
T>A,TTA,0.00619035112328327,0.00683149241624664,0.00893608050175074,0.000137730903525425,3.8824338068105e-05,0.00261594571371993,8.87762262224518e-05,0.000207556541070472,0.00651671628268425,0.00126618014861794,0.00696772397599031,0.00912660424834591,0.00297186777779232,0.00926001871149983,0.0194994201418141,0.000660305608144811,0.000351936988710504,0.000954964650475686,0.00137322052898208,0.000593636596724054,0.00733644709348667,0.0154020142273484,0.000518744162424168,0.0663329955848424
T>A,TTC,0.00412329719231362,0.0099654054704791,0.00430111968331133,0.000579175723172602,0.000398358292913944,0.0022951745261227,0.000509820984637407,0.000372636349734333,0.000628321089631689,0.000243477371082014,0.010594055538563,7.07501757498209e-05,0.000865342106600797,0.0023237485554359,0.0342298755533676,0.00533962390552873,0.000193377819586359,0.000412538798812477,0.000490948861639652,0.000143642281786769,0.00506788799997871,0.00121567498814801,0.000558803081356979,0.00205672866295454
T>A,TTG,0.00472866544454051,0.00498987814704908,0.00961230340902629,2.25307961885503e-05,2.31967172153324e-05,0.00159497438521834,0.000123442272154289,4.58975886659637e-05,0.000727478132114061,3.41257907667147e-05,0.00723229431166093,0.000220804291381239,0.000629353743083737,0.0013335034694523,0.0129297408884469,0.0017670912684486,0.000109616865815827,0.000161736733425623,0.000132153224856408,0.000196538429181541,0.00532208231869633,0.00526960537292041,0.000153585506587794,0.00224982940664211
T>A,TTT,0.00860420937897338,0.0203606011859241,0.0055752952991574,0.00256649548249917,0.000703778553860107,0.000170767269133775,0.000383448971973905,0.000294656092639975,0.0120443270856665,0.00137193920799657,0.0126846200899233,0.00144874794748501,0.0001380599999756,0.00677437020378664,0.271070385802834,0.00208987155685291,0.000159544178274345,0.00211612367646602,0.000273080418966432,0.000127636874123303,0.00567343488435904,0.0280624455134843,0.00625756924302277,0.00159735053025304
T>C,ATA,0.0480866889302203,0.020641649711625,0.00792678760010647,0.000421312179885358,0.00044038526235682,0.00106516871283861,0.000536548673005106,0.00180989693507899,0.0209304236234524,0.000267972909811232,0.0168673859439781,0.00015466028580634,0.000408469599172991,0.000336192167653071,0.00016716422147746,0.000455079508082139,0.000259634145561364,0.00268905744688837,0.00151908747231056,0.00160234142590393,0.0762058096010322,0.00497696642374675,0.00150122746004926,0.00140653126285617
T>C,ATC,0.013525993346079,0.0077570549256458,0.000717758931770104,0.000206299268186885,0.000189191171493802,0.000485606713885118,0.000291208213354452,0.000501129243607503,0.0047016122745217,0.000360342189031422,0.00784418007858308,0.00293955366591042,0.000188642537972185,0.00179030764421473,0.000380212389702895,0.0121410984746236,0.000201223651018754,0.00115584061300298,0.000639253720212136,0.000201574857768352,0.0278574409686679,0.00417695938272302,0.000566269114372726,0.000474444859006731
T>C,ATG,0.0387611120727556,0.0170670461975409,0.00504398566591352,0.000159127405378788,0.000269468600861302,0.00161317948233664,0.000423672951735993,0.00126766953776529,0.0258285903080522,5.40417169163104e-05,0.0126050200557377,6.21922609467464e-05,0.000183500874947969,0.00116108805046582,0.000594182429844876,0.000717576521067805,0.000185178072429444,0.0023593743544111,0.0010169759043574,0.000328955933865751,0.0614597802531307,0.00985706353927205,0.000497661050875293,0.000499614952010537
T>C,ATT,0.0395017895328761,0.02088727093652,0.00155943741092313,0.000578574095409409,0.000795043163444138,0.00207327466882618,0.00111421762846467,0.00121704670921121,0.0064046371592902,0.000782222783659625,0.0174963148139716,0.00541683034116383,0.000998395995284752,0.00246598981702722,0.00247487800571413,0.00764191705738308,0.000412197025398521,0.00407240517002995,0.00180658898972652,0.00101821606051837,0.0614310329161318,0.0511922639518023,0.00111592912161189,0.00266494424681263
T>C,CTA,0.0133093787367793,0.0110546197507617,0.00517604000291059,0.000446101686356998,0.000486596486772163,0.0014840173817513,0.000649649896310654,0.000825026596233488,0.0127403637385114,0.000598777944975464,0.00885095333543562,0.000126956204859664,0.000787765887972425,0.000101893478133318,0.00753358272099841,0.0105263897313637,0.000251671222589981,0.000937148410164585,0.00066562165656972,0.000110853083830779,0.0301533061459927,0.0102898813447136,0.000643824223618875,0.00133824895920644
T>C,CTC,0.0103716678167201,0.00993365885931964,0.00234331574422148,0.00026486907017142,0.000265038235058549,0.000868371858569488,0.000286927371873167,0.000501090602806747,0.0042174233582223,0.00636627766643028,0.0144032407597877,0.00235172627929485,0.000316055579630706,0.00210016808044894,0.0034585797711877,0.16117817916384,0.000208173286756469,0.000656705747114665,0.000516846082989807,0.000155947851541828,0.0202571897242132,0.000252633911259866,0.00027819429212167,0.000831779703484101
T>C,CTG,0.0208967349508177,0.0112475112650113,0.00550332008932404,0.000101730574069447,0.000115387587146371,0.000755200710985065,0.000188610116755232,0.000394048062932834,0.0283077711139867,0.00385957754729126,0.0101378271931581,9.94632778802753e-05,9.84469823589808e-05,0.00124464398533013,0.00196036318961014,0.0816092147050225,0.00020728916536178,0.00188619519469679,0.00030246230345216,9.58955802363691e-05,0.0268572360055695,0.0012390757501032,0.000294678441347279,0.000975431139159692
T>C,CTT,0.0149030651808456,0.0136413856312936,0.00252037863275036,0.00207476168209747,0.00257654870049722,0.0059394478833476,0.00283087070880834,0.00206259496757627,0.008026925339507,0.017532100159688,0.0154873643144211,0.000100626685610214,0.00217354029482382,0.00181836346970458,0.0411659960918851,0.396484157177708,0.00022501583360051,0.00265378943221906,0.00179898832649,8.73413295907246e-05,0.00673933004173456,0.0396862799386682,0.000579885128600809,0.000191906417861855
T>C,GTA,0.014156990953384,0.00650778910938157,0.00289136263512541,9.01321122547364e-05,3.80491461501016e-05,0.000234875098352838,0.000101819935770141,0.000333689769866719,0.0221947668096601,0.000141887580842673,0.010003543702585,0.000569283070248772,0.000182713399508727,0.000447226885701051,5.83832498487176e-05,0.000361471632891958,0.000168811385260384,0.00128357545054559,0.000335541961181863,0.000297142968491293,0.0423484107447286,0.00103316339502313,0.000218325173840742,0.000360346270829106
T>C,GTC,0.00796187971256858,0.0047920296284388,0.00118262273300806,5.60007352390539e-05,8.11057047981871e-05,1.97633916529838e-05,7.2629369725588e-05,0.000187815694838252,0.00220405487215962,0.00149929911372374,0.00567680489302901,0.0019449951158992,3.44186511998458e-05,0.00203598803013119,0.000306213503761645,0.0141205199672897,0.000153638908749653,0.000766661964082661,0.000233039208464778,0.000186719815989969,0.0189691707599351,0.00237284406126434,0.000255529560827841,0.000415351491460806
T>C,GTG,0.0150730522509162,0.00628687397476075,0.00238650867858769,5.41909081699577e-05,0.000104244414345537,0.000562766002876604,0.000116177265581722,0.000368248102394325,0.0152245015465995,0.00105829453027144,0.0109828107114234,0.000934943117226637,8.41576522608792e-05,0.00381348123713293,0.000114467137300145,0.00348592956999916,0.000245941507143685,0.00112758103003339,0.00031456854725578,0.000165829605102905,0.0288896532985657,0.00281312594345335,0.000166162603652064,0.000276702640258679
T>C,GTT,0.0135008717260982,0.0075977347450731,0.000745491471027725,0.000375901768080102,0.00226125642468759,0.00598322295631928,0.00425349751416664,0.00042576707800683,0.0102820217469333,0.00138595175755676,0.0100188327585401,6.17149646347283e-05,0.00303788673766071,0.00270920240386824,0.00628288931856687,0.00503395529649799,0.000113070356905991,0.00467354527375985,0.00583533311147658,5.90687924968805e-05,0.0292438314375623,0.316346961598103,0.00123866530807903,0.000271595742239286
T>C,TTA,0.018054884352572,0.0104980997618095,0.00236958309584843,0.00207379040972482,0.0018271055623186,0.00504603867795118,0.00173940051956252,0.00289802587116561,0.0171321147538946,0.000976656473412355,0.0151435989386152,0.00110110729518424,0.00601358869547014,0.00036552702479784,0.0352961646511238,0.0021171816528908,0.000215893096628743,0.00265826187280565,0.00541845095290345,0.000217052631748075,0.0567411926460533,0.0795565580969651,0.000950753218273473,0.0140718288958924
T>C,TTC,0.00964175006858203,0.0076128787178004,0.000490867082933069,0.000667214196172542,0.000547841926806277,0.00160725133359249,0.000425039070990192,0.000842110500959116,0.00943785837303311,0.00112074190253575,0.00892066297674457,0.00392036927008827,0.00140235692619877,0.00561824449888252,0.0219731580924384,0.0146639646711915,0.000344124136091238,0.00114717786485853,0.00118795274373985,0.000128170621521642,0.0279214272839009,0.0139419833939682,0.000520301259106425,0.00748145347934189
T>C,TTG,0.012703211974742,0.00638288254747965,0.00173872266569464,0.000222115962815779,0.000410953679545995,0.00363514796826727,0.000852391533779681,0.000452893214421826,0.0159882058490136,0.00117882521399864,0.00694104659113757,0.000807814949948563,0.00164089721866214,0.00272415689628206,0.0136453827756859,0.00231088750438441,0.000190421692619415,0.000504453270783347,0.00108005578994617,0.000166318038624076,0.0281492012501453,0.0225454786803246,0.000446556844213324,0.00484355333667343
T>C,TTT,0.0185067956423349,0.0106818465239419,0.000625842227910862,0.00122007010076203,0.000945735264651488,0.00271538562045716,0.000772668039250116,0.000675053259861319,0.0306471135998878,0.00106981236949764,0.0138010967941071,0.00462237852700523,0.00225849202154735,0.00268786756691796,0.0884045086337013,0.0200708247641588,0.000208503228285126,0.00333442261613438,0.00174572769196513,0.000569331573953422,0.0395974988203597,0.0427294385943254,0.00121625283524632,0.00413035601769271
T>G,ATA,0.00395858682786562,0.00710220087728017,0.00103222334153542,0.000583184846964288,0.00043962734409891,0.000117708488291831,0.000366803493825258,0.000607173469449514,0.000609433324600273,0.0013750223192007,0.00395592919643434,8.39327774201788e-05,0.000283462215036123,0.000434081523570672,0.0117897513961488,0.000800329927655032,0.000217780321006776,0.000630645659307039,0.000728403605001904,6.55934938942792e-05,0.0034407481506307,0.00360490604489087,0.000497147222657258,0.0108151702840123
T>G,ATC,0.00264080324007946,0.00685174793086285,0.000153919403403729,0.000240619483166309,0.00029390682341227,0.000967902154809982,0.000404783766978092,0.00025914681913069,0.000457011903854099,0.0043668987131254,0.00256604712426704,5.98426353571952e-05,0.000321319337697115,0.000697688919488344,0.000896494765892769,0.00069271218044202,9.70139481438951e-05,0.00036669777881202,0.00038508868433781,5.83528473576239e-05,0.00166643646018535,0.0026606975369009,0.000263169697506379,0.013276666940297
T>G,ATG,0.00798399299283461,0.00815085397159312,0.00142382987031071,0.00023343123441633,0.000305491973025745,0.0014481433527299,0.00053453730724384,0.000325022534534602,0.00131525516398999,0.000993977206293596,0.00642494446444701,6.55722356629647e-05,0.000608841144356433,0.0017144363230721,0.000566974899093454,0.000786016480544609,0.000155448037052246,0.000854207426025194,0.000534615996972283,9.64856073745744e-05,0.00522819379072561,0.010687180773913,0.000479347191098849,0.00764864227343401
T>G,ATT,0.0048455567460204,0.0173273938145093,0.000196012880601768,0.000265175837866861,0.000358115246736502,0.000724065280939496,0.000490388729471111,0.000471897449814666,0.00180234665809969,0.0670861088091021,0.00383998447336516,9.35257302551886e-05,0.000345479350980108,0.00135958669893453,5.47608262912262e-05,0.0113513396362353,0.000173283506725207,0.000300411352056991,0.000739452458049097,0.000161677347954007,0.00212728827605596,0.0140708871296542,0.000432069192484326,0.0827459365644821
T>G,CTA,0.00260603940945644,0.00332300137946841,0.0008741485934312,8.9371464231812e-05,7.2171665221522e-05,0.000372551447253901,0.000106599058554769,0.000132163931412015,0.000574170575721736,0.00197943314369239,0.00442336774927628,4.46411579127356e-05,0.000145420235802684,8.91223267268217e-05,0.00320121985684765,0.000302618260154062,0.000126934770845868,0.000181869329804654,0.00017760681768581,5.39428590334416e-05,0.0020695051105898,0.00148153747750614,0.000243899174831777,0.0133996425252534
T>G,CTC,0.00458284816915667,0.00568436235629396,0.000439050388920749,0.000157303450495648,0.000241309049032795,0.000842087953459223,0.000305196985824147,0.000258260194332517,0.00264356386870229,0.030487478930811,0.00697752817853202,9.07258622760764e-05,0.000170456876106863,0.00184622248179316,0.00526636526859987,0.00104625882619435,0.00016224504405333,0.000263647486057436,0.000269461502193761,5.23717948754927e-05,0.00283849323001344,0.000204616804009957,0.000308348156483446,0.0130802667422916
T>G,CTG,0.00610587582036254,0.00569806225961838,0.00378381341537876,1.5703539332768e-05,2.39252945210008e-05,0.00136270301624337,0.000234056474409465,6.48983375686515e-05,0.00355969839754816,0.0133216715815299,0.0108080865079799,0.000115123519502369,0.000109271110239324,0.00266942181173075,0.000991502646858751,0.000195664845675499,0.000195147507391764,0.000245252664127361,9.22448074251699e-05,7.00802390415233e-05,0.00360093014205611,0.000144905071320701,8.3128245044919e-05,0.0122206222872105
T>G,CTT,0.00717805715162777,0.0126556811227895,0.00118327965019082,1.57855213372406e-05,2.51910857881467e-05,1.33127678425899e-05,2.25025341564608e-05,0.000223845286176874,0.00146583446208263,0.532595930870423,0.00686223330596589,8.85559145158232e-05,1.68207946646654e-05,0.00361599885703481,0.00327497211944711,0.00506270451884631,0.000151337562400388,0.000165420393893639,0.00030529003849421,5.98186194901182e-05,0.0035496762856261,0.000153919094807027,0.000176016421150899,0.0223909031216363
T>G,GTA,0.00251544906094159,0.00251935637851734,0.000596644858212822,7.87909772285654e-05,6.37146767344037e-05,0.000334303738022614,0.000107347099601733,0.000131086779979809,0.000393126655919315,0.000275178418324309,0.00444253401782407,6.64060279226403e-05,0.000134712110615542,0.000743605757272177,0.00245345660519071,0.000498678338289324,0.000234971473275408,0.000153799102204918,0.000141717270328555,8.91150689018105e-05,0.00160291851053247,0.00016960176556332,0.000359379840372549,0.00144628821253151
T>G,GTC,0.00169235015195252,0.00221734909921135,0.000255487393631774,0.000117024061729246,9.63793640036022e-05,0.000333642564597319,0.000166265017274658,6.24380414164988e-05,0.00028277098226579,0.00603801292984789,0.00238172798943296,4.4476016803179e-05,0.000149497677962547,5.09359098862766e-05,0.00159327528966109,0.000199952799027943,0.000143393888302313,0.000304259550721095,0.000134439483387554,4.88570880546549e-05,0.00116950693282602,0.000124560356845065,0.000412547150823709,0.000819628201924004
T>G,GTG,0.00525751586489415,0.00459304811074793,0.0024206997741705,0.000349762765398752,0.000405708209365886,0.00257573615019558,0.0007529282277415,0.000235493777669696,0.00100248585001084,0.00147353367955829,0.0108774956472339,0.000152018216345402,0.000375635065620086,0.00587506287955949,0.00550038042524811,0.000853770112916104,0.000228667396211763,0.000651586072390739,0.000546076050278414,0.000412563614404075,0.00251318441918617,0.00389764392064517,0.000427325848566823,0.00143572187643575
T>G,GTT,0.00232836364620035,0.00527920722283089,0.00023440903825121,0.000849396766619524,0.000983508584901127,0.00185486942258274,0.00103777305524172,0.000984794341960808,0.00243054575868866,0.110509757180295,0.0056895822952452,5.71391017770754e-05,0.00105648617225443,0.00188977706670616,0.00671978708813298,0.00666955707236187,8.52161493473375e-05,0.000363663733340737,0.00101647126141865,4.86366090375005e-05,0.000723563177924576,0.00668744850379215,0.000189303821797715,0.00266306242808873
T>G,TTA,0.0052925982579647,0.00825633574089236,0.000365283925910741,0.000189278246804931,0.000137372443401802,0.000971169568105939,0.000107640474554006,0.00013701693673436,0.000779359393270907,3.36737572835124e-05,0.00727997624907367,9.21597087911621e-05,0.000308376880984326,0.000197286095462809,0.0195685251083175,7.7476557462035e-05,0.000128343578333509,0.000316727967806553,0.000421233025282273,0.000166738998216118,0.00429275904198467,0.000308404566697902,0.00029031526335106,0.0664036259840965
T>G,TTC,0.00657427196967961,0.0111722731689654,0.000166451694838543,0.000188710665488978,0.000112953137078755,0.00161920112028968,0.000302620349859959,9.27926920557072e-05,0.0010448574828164,0.00850086646950902,0.00624603709493874,8.50048492918457e-05,0.000376347597151547,0.00176873753247612,0.017142855397732,0.000189905130275613,0.000117783454528944,0.000636044486317968,0.000166961580032338,6.95662121374585e-05,0.00420461052266433,0.000269395373309813,0.000555479593593348,0.0365039708838123
T>G,TTG,0.00698625532925888,0.00859015300774181,0.00231127756090139,2.8139069501645e-05,4.69317092987618e-05,0.00136797830407483,0.00012380162755608,6.79413433266446e-05,0.00179778775017778,0.00466967800586252,0.00815650369147725,0.000723864256446505,0.000276857821947198,0.000929362521438843,0.00779256979387038,0.000984159099136812,0.000217585200262377,0.00028683552335433,0.000160096212866881,0.000121851112451576,0.00480706661170875,0.000280059140620686,9.76275681986098e-05,0.0259532854182182
T>G,TTT,0.0134319207609935,0.0243649637879759,0.000535472619759763,9.4651550061616e-05,0.000191611312433543,0.00187010552924997,0.000360603504758173,0.000294095833510717,0.00877757150663101,0.118518738547415,0.0101899170277107,6.07637773371697e-05,0.000196501090086465,0.00430498692836136,0.0208176234912813,0.0041109961254655,0.000207438106947102,0.00043744508275417,0.00076209174692412,5.9731927604296e-05,0.00777923233920817,0.000372336002668185,0.0004022022606412,0.430186438069478
