Mutation type,Trinucleotide,W.1,W.2,W.3,W.4,W.5,W.6,W.7,W.8,W.9,W.10,W.11,W.12,W.13,W.14,W.15,W.16,W.17,W.18,W.19,W.20,W.21,W.22,W.23,W.24,W.25,W.26,W.27,W.28,W.29,W.30,W.31,W.32,W.33,W.34,W.35,W.36,W.37,W.38,W.39,W.40,W.41,W.42,W.43,W.44,W.45,W.46
C>A,ACA,5.88659834308252e-43,0.0871139831719122,0,0.0372326983873873,0.106327807113069,0,0.0438256183106333,0.00252635506742812,0.0864376009125782,9.51446921915178e-255,0.0105065399969465,0,0,0.0149638233988178,0.0620738574868038,0,5.36821491318597e-204,0,0.0427185324890191,0,0,3.85814768187505e-186,0.133456197968234,0,0.0058262249071622,0.0624626185670406,0.000837330463849467,0,0,1.07458572775196e-86,0.00100602309820741,0,4.45197833840362e-86,0,1.67551936623243e-159,0.000708096735240739,0,0.00942390938088028,0,0.00237043431590157,8.50433763986194e-39,0,0.0255068718121886,0,0,0.00618078687757726
C>A,ACC,2.84962649962873e-63,0.0192840893339327,1.1125369292536e-308,0.00461505141130866,0.0333540064047209,7.45325829040283e-54,0.0380729945113293,0.0041686961329992,0,0.0112051724473111,0,0.00789866346119692,1.87105731082884e-153,0,0.106711481886487,0.040710760213661,2.00179518837903e-10,0.00365429081579565,0.0187174628228466,0.000148111965119098,0.00465691910441123,0,0.0647223611183092,0,1.53224119771069e-281,1.27341867160424e-74,0,0,2.03675690185956e-07,0,0.000677353384949298,0.00306884452867746,0,0.000938775810392124,0,7.42278891621218e-07,0,0.00320377905032906,0,0.0119882746394268,0.00149615895535528,1.1125369292536e-308,0.0324094129543529,0,0.00145919542244021,0.000139739546124779
C>A,ACG,0.00151440028330134,0.00647434093346328,0,1.12184477325056e-11,0,0,0.0193705953561501,0.000157127131280558,4.0108680086167e-19,0,0,0,8.56278360884436e-87,0,0.0259778115918012,0,0.000101355139300515,0.00342953447762871,0.00335216889985857,3.91592694546521e-05,0.000481519811745233,0.000720501123608024,0,0.000190259972198147,0.000121396277772661,0,0,0,8.05325748878652e-05,0.00201445479199174,0.000181225207942517,0,0,0.000164177858935349,0,0.000117862897755171,0,0.00171033595243095,0,0.00241570634626846,2.84910740601402e-05,0,0.00219331452247191,0,0.000283057934976657,0.000561487541380978
C>A,ACT,0.00750456317267946,0.0376965833095199,1.20242506437375e-177,1.11253768413706e-308,0.0507269178884463,0.0112665730951119,0.0359156036695064,1.06035893950858e-184,0,0,0.00904031050730557,0.00178901182105992,0,0.0075890885326369,1.34146751958246e-59,1.22752995701802e-291,0.000155149171235434,0.00625221131662147,0,0.000186120528233525,0.00933276685904066,0,0.041161695974774,0.005170065162506,0.000907125221873034,0.0324437720394417,0.00043203591815142,0,2.93829269335726e-06,0,0.000215790505778515,0,0,0.00645113933092611,0.00140831013797753,8.68074043753412e-05,0.00898874656318559,0.000677711859195251,0,0.00563830484608986,0.000163999387094881,0,0.0188324219494514,2.02406842627938e-249,0.000912226042745065,0.00188354957064133
C>A,CCA,0.571558944365464,0.00355311944883316,0,3.46041122875792e-141,0.0261501891725807,0,0.0825491841491573,0.000172355996228103,0,1.1125369803573e-308,0,6.26315234902049e-217,1.11253692932259e-308,0,0,0,0.000416649965831376,0,1.09405213245912e-146,0.000421844114807826,2.57071849980911e-152,1.48218806786684e-147,1.73936628503938e-219,0.0141951170412214,0,3.41550773339386e-22,0.00141355609034414,2.74178203136153e-280,1.82738700086777e-185,1.39703227555575e-303,0.00113082858753645,0,0.00438184278400471,1.65351617190413e-52,1.44097593874295e-95,0.000141241182734429,1.57172078191052e-154,1.5452208182578e-87,0,0.0102677415204776,0,0,0.0162031422172064,0.000750766426404282,0.000285500801941743,1.62537165424909e-26
C>A,CCC,8.5267419984706e-226,4.99733241006131e-134,0,1.7264794559659e-204,0.435488770490003,1.10718893325848e-154,0.0817295365897394,3.18768873599208e-294,0,9.46172483962592e-210,0,0.00244935430545819,4.79954368059468e-65,0,0,1.1125369292536e-308,1.99750485097241e-70,3.11185290157796e-188,3.09120203865423e-141,0.000236487447834099,0.00474074318545505,0.00164605632715108,7.2362106227551e-301,0.00428092036065077,0.00242744461988014,0.000392223616040085,0.000243396816094333,0,0.000851323641376894,0.00453548401667957,0.000630653500757563,4.27885818078405e-149,3.64068858223627e-295,0.0246823481222619,4.49492150714214e-268,0,3.22843845102336e-136,7.0810870397302e-244,9.4241912133308e-204,3.1016150998146e-81,0.000231384952563172,4.6888207602431e-282,9.04726487510056e-45,5.86658873081585e-236,0.000819915909312587,0.00438915090317215
C>A,CCG,0.0214573699209603,0,0,0.00832056208405087,1.97076024755059e-250,0,0.0323364740474639,0,0,3.18886638417932e-28,0,0,0,0,0,0,0,0,1.1125388820187e-308,0,0,0,0.0262365172538207,0.000231834788535971,0.00286273878613533,0.0116363095002711,6.87534283871008e-05,0,0.000212165834276586,0,0,0,0,0.00328220341461302,0,3.07350538148327e-06,5.72480489529348e-263,0.00267061195688951,0,0.00675973184397144,0.00021542599885549,0,0,4.28647722639784e-243,0,0.00141815036703677
C>A,CCT,0.196529843386608,0.020884748947993,1.1125369292536e-308,0,2.38160721279172e-185,0,0.087474015087889,0,0,0,0,8.85280102506281e-211,0,0,6.46529796472625e-245,0.00474195144920541,0.000833546823387125,3.24385151505814e-269,1.11253692925531e-308,9.42839204269296e-05,0,0.00022194020115941,0,0,0.0177726597004834,7.17083836817712e-237,0.000862325792346012,0,0,0,0,0,0,0.091600573271123,0,0,0,0,0,0,0,0,0.00381687919161678,0,0.00167636139645055,0.00647630291153287
C>A,GCA,5.81719274051334e-26,0.0299559174539459,0,4.65050115111291e-63,2.45315149574163e-72,3.38513624284726e-144,0.032270228977529,0.00124859839918202,0,0.0086794546291093,0,0.000586850791312915,0,3.41716549014426e-173,0,3.50197360544131e-203,1.25692445302789e-19,2.51080856124742e-191,1.23653429412851e-253,0,0.000844888383864491,1.5615767363169e-193,0,0.000471030559578729,0.00053714851469818,0.350636747429044,2.93460306021597e-152,1.11255306960319e-308,0.00210498492946037,1.11653742274931e-63,8.4655315718814e-26,1.1125369292536e-308,0.00704803879158735,0.00160250370906384,0.00412178072778856,0.0010774709926112,3.98370328361974e-275,0.00288068227374272,1.04218098517586e-122,0.00708775410120538,0.00183698742972197,1.1125369292536e-308,0.0119955712131724,0,0.000772324900688104,0.00319385308423137
C>A,GCC,0,0.00724404039366033,0,1.14156312338664e-07,0,0.0153489162699065,0.0400746506234873,0.00428873128404766,0,1.58935856054295e-308,0.000510425925390377,0,0,5.1280796146459e-87,0.369726061263488,0,0.000186321666388905,0,2.63824382443257e-200,0.000170371681334033,0.00150505164097374,0,1.1125369292545e-308,2.93487350164537e-32,0.000215300293723799,0.016222791678788,0,0,0.00177995203621499,4.61249689029152e-29,0.000160998496931768,0,2.61508861990982e-121,0.00524575523693414,0.00385384183099495,0,1.29075620137673e-66,0.00208301592597559,0.00587346604268131,0.00508216287765947,0.00123912432631251,1.2168745655372e-198,0.0182317568156791,0,0.000691627096048646,0
C>A,GCG,0.0248655081193095,0.00172706030872917,0,4.79927603098466e-197,0,0.00468819815036038,0.0183382575181867,0,5.37881147324748e-21,0.000287204791180443,0.00100783568074437,0.000906320578212851,0,1.98598485284282e-05,0.0309696031748366,1.80027401482608e-297,5.2832827548956e-05,0,0.00682456812686289,9.46499575506831e-06,0.00138853969681176,0,0,0,0,0.00701236162985061,0,0,0.000219232143294851,0,1.61787943671655e-153,0,2.22053739835025e-132,0.000522232253176268,0,9.63422666446696e-05,0,0.00217664579755455,0,0.00366942852384589,0.000983118180736769,0,0,0.000370866239473152,0.000514919143347412,0
C>A,GCT,0.0558585776023348,0.00518161041737205,0,0,0.0556159987396447,0,0.0119178564806437,0,0,0,0,0,2.27365728571459e-05,0,0.230294829673564,0,0,0,0.0252936690642437,0,1.40967657493647e-36,0,0,0,0,0.144645894957531,0,0,0,0,0,0,0.00544421882852481,0.0110304279222011,0,0.00064282764964017,0,6.50501316286401e-194,0,0.00455198416501694,0,0,0.00723332592168824,0,0,0
C>A,TCA,7.72355235911471e-134,0.0586947842029166,0,1.03608445938901e-271,0.0217410365569114,4.16255073856809e-161,0.0332128275725334,4.13273056129028e-191,0,0,0,8.47565058379274e-69,0,2.73122242255786e-244,1.11264853268311e-308,1.11253692925374e-308,0.00143568931678544,2.34445363587366e-214,0.722397350849079,0.000323900621782622,1.70660756460995e-09,4.35663140341488e-172,1.1125369292536e-308,0.0125785723531018,0.00245515485644438,1.70648494140512e-13,0.000670102029815385,0,5.41369571199961e-75,0,0.0739160069283235,0,0,0.00132895781796299,2.53363116285019e-195,0,0,1.0212349422556e-47,0,9.06423853227409e-37,0,0,2.55678825773299e-65,8.2687710543063e-180,1.98029689225395e-05,0.00954808782791434
C>A,TCC,0,0.0325671035809244,0,6.98217189267971e-45,1.18795055378267e-308,1.46052081754796e-107,0.0462999105917495,5.42662163305321e-115,0,9.88715180085618e-266,0,2.59135406303176e-211,0.901609924930753,4.20244940237076e-194,3.77480857953053e-227,0,1.19834504553927e-297,5.16088894178537e-51,3.63316190086425e-252,0.000506493541169823,0,3.9433932562186e-247,1.00951818546134e-209,0.00214826738983676,0.00906362605347522,0.100979729845562,0.00407765734343545,0,1.53280651599887e-150,7.62798031386101e-270,0.0219713860758021,0,0,0.00407262073598228,2.77096231727115e-262,0,1.565924507369e-284,0.00301818182839758,0,1.15231124256215e-37,1.32003723061094e-12,0,0.0136050626548686,4.12381724175824e-134,9.62249191010651e-151,0.00396772736788451
C>A,TCG,0.000684772175228409,0.00560514868673904,0,0.00566278328382889,0,0.0113215972053542,0.0127938998984053,0.000481433067151103,0.00616907572112011,0,0,0,1.16875656961126e-39,0,3.11658191710798e-222,0.00303012759516065,0,0,0.0356237016119061,1.20452227454588e-05,0,2.12859292553317e-95,0.00552424755304148,4.67784846435249e-05,0,0.0245556222048533,0,0,0,0.000360354197789622,0.0111343272391991,3.45127188923376e-177,0,0,3.42314142931651e-05,0,0.00326711641580921,2.11225755356932e-186,0,0.00223598110007807,0.000216688501209706,0,0.000890143688151779,0,0.000181025897380335,0.00118797602800453
C>A,TCT,0.0538227436830435,0.048514901302072,0,6.54524746396187e-95,1.36495121943664e-276,1.15357121325445e-148,0.0336987275207752,3.55804515582981e-258,0,9.18191382105536e-161,0,5.65091610706205e-114,1.19456115047936e-255,0,1.11254581271448e-308,0,0.00107120672116161,5.53824663489833e-117,6.6611430264897e-43,0.000602503689599324,0.0156195500147052,7.21782358954706e-27,0.650439869035865,0.00125431175931573,0.00221204477549053,0.0968198317453105,0.00052922798513626,0,4.73767655348441e-30,1.29129290216796e-186,0.0356659902152586,1.1125369292536e-308,4.078776287931e-23,0.0156517802432116,2.56086276797498e-207,0.00238070785962113,9.57934804571117e-291,3.02109072885295e-135,0,0.0143685861331491,4.02981205759484e-84,1.1125369292536e-308,1.72527465661708e-60,1.6325037720727e-115,7.47092318608481e-55,6.70211783018831e-148
C>G,ACA,0.00852997949320313,0.0155919898972089,0,5.99950672778542e-123,2.42061362535305e-49,0.0335375355159824,0.00777847182745214,0,0.0250646715935434,7.05140003374346e-59,0.0116059419062715,0,0.0276867620935731,1.18181237896424e-290,0,0,8.20650902459171e-126,0.00152179349565434,1.11253693662457e-308,3.04994783789149e-05,0.00118090299578216,0,0,0.00101814304737534,0.000586048247748266,0,0,0,4.13346719804808e-127,0,0.00276501324317932,0,0.0143748108385899,0.00419590585051925,0.00174436718572558,0.000331432334956846,0,0.00224114832221198,0,0.0197501169884189,0.00216194236493174,0,0.0468230727147757,0.00447472280882818,0.000465147709045422,0
C>G,ACC,1.46366066825102e-223,0.0178270804547225,0.00232020636552634,0.018529014635632,0.00592556054082381,0.00578713160644307,0.00243524273661049,0.000264721355254659,0,2.96711739444928e-06,0.000815397281949106,0,0.00505966173506123,0,0.00380652291520402,0,0,0.000715442657101054,0.00149410401185719,0,0,0,0.00730345667870761,0.00327380759301259,0,0.00462211029588917,0,0,0.000434415011868039,0.00160497203016146,0.000673386648456539,2.42973044146136e-281,0.0114876776488997,0.00114377953092989,0,0.000176061035113465,0,0.000473831653257749,0,0.0105041315459549,0.000857650019964281,0,0.0281312907998044,0,0.000612678266551462,0.000372735646212636
C>G,ACG,0,0.00701165990690408,0,0,0,0.00334411523137792,0.00149041114076485,0,1.14782899040443e-94,0.000735563666948082,0,0.00116291283069187,0,0.00520687733025823,0.00268522951176285,0,0,0,1.41900122551456e-26,3.21990126413629e-06,5.15447420982585e-08,2.56565292940521e-65,0,0.00111999483224792,0.000147696334905201,0.00491406848420803,0.000367709564345431,1.76267100924178e-142,0.00050232862304367,0.0036927679235879,0.000221125376277719,0,0.00162882177544589,0.000325379510103286,0,0,0.000534333877278867,1.50774302258298e-05,0.00458149490303114,0.0030909091723587,0,0.00222426796212513,0,0,0,0.00140761861651774
C>G,ACT,3.16294511522197e-06,0.0312949675852918,0,1.31718024006883e-09,0.00640481343060761,0.00317051286032092,0.00276951065820738,0,0,0.00132019580193131,5.2819835557219e-90,0,0.0151768927475864,0.0169857815040728,0.0130254716522048,0.014289922387813,0.000591184783162762,0.0110184565769228,0.00396524862555468,4.73413248316852e-05,6.81031870815707e-05,0,0.0135852288495896,0.00440543427955291,0.000539686407508264,0.00375062371790221,1.16953123082605e-283,0,0.000160276958563723,0,0.00386824321129776,0,0.011697701036696,0.0043810261974331,0,0.00012178885635019,4.4477713439936e-233,6.29174894132699e-25,0.0234596902347507,0.0204732355251502,0.00183019481704083,1.35787835416719e-87,0.039086072243923,1.11253692925519e-308,0.000265449875263286,0.00090605702744671
C>G,CCA,0,0.00215396025408364,0,0.00516944457389485,0.00274065488332307,0.00622552063076289,0.0103838317230603,0.00244344459505796,0,1.87568213473793e-121,0,0,2.12828737959864e-304,0.0181197320697793,0.00289265015296959,0,5.62499855535781e-05,0,0,0,0,0,0,0.00228574955058924,0,0,0,0,0.000614732953969058,0,0.0061490426566561,0,0.00323967033672402,0.00110500000051236,1.12468432564706e-245,0.000153726605325132,4.75124405886523e-53,0.00117935078870542,0,0.0122383039455563,0.000430293459227489,1.1125369292536e-308,0.0468296946807295,1.17877351695899e-269,1.13022677684005e-136,0.002794929171956
C>G,CCC,0.0115649188664019,0.0121974343881544,0.00179385828427401,0.0178703273784217,0.00290560366619437,0.0445381900904098,0.00830219481561166,0,0,0,0,8.65215243756048e-93,0,5.21935458410384e-126,0.0150034703193665,0.0072662262061169,0.000485993055036457,0,0,4.35573838890156e-05,0,0.000168608689453751,0.00432095953844216,0.000284055622472553,0.00262816060085851,3.0096269003614e-209,0.000631805275911851,0,0,0.0029176430492361,0.000478553167484328,0,1.47815463478926e-251,0.000771856244842381,0.0022343962977907,0.000115238810777746,0.000800140434144623,0.00161445229757461,0,0.0162513898519379,0.000122396873154065,0,0.0312182498342696,2.03602923798392e-259,0.000214745907781611,0.00388446461210253
C>G,CCG,0.00377649499445887,1.60522043897596e-10,0.0053907628515211,0.00301294409993868,0,0.0170682186693553,0.00350143243127571,1.94709733141008e-182,6.19064110325249e-136,0,0.00238405670955179,0.00156308834906846,4.69158092931461e-180,0.00133469302625668,0,0.001968108185338,0,0,0.0245146728512565,6.62914994998794e-05,0,0.000325728641595472,0.00600421147246829,0.00197626455318854,0.000318072080102469,2.70530589014933e-162,0.000194022227444741,0,0.000501541015354925,0.000908872137065856,0,0,0,0,0.00142720749721407,0,0,0.00138181868746046,0,0.00386017787088395,0.000332432999890097,0,0.0018357123898681,0,2.47546602468453e-166,0.00280547885443116
C>G,CCT,2.50111720101948e-216,0.0285327348811899,5.09405297684369e-07,0.0205433385453885,0.0145490285490037,0.00766037581045701,0.00725501991997742,7.6898974844236e-62,0,0,8.77385704595938e-08,0.00304258110175913,0,0,3.90897037211623e-11,0.0194471715181501,0,0,0,6.06657679157055e-05,0.000261491925347182,8.71429292229966e-196,0,0.000471806784931987,0.00473414774488728,0.0111930773884218,0.000737561675413374,0,0,1.31712683682438e-30,0.00652784279290837,0,0.00932476994282399,0.00152612827994818,6.69562310636141e-218,5.82993001899352e-05,0,0.00532211616752085,2.74943054834885e-257,0.0120940861631674,2.57586762617248e-202,0,0.0511034990075981,2.56672260603018e-194,0,0.00164142766726976
C>G,GCA,0,3.40242318780755e-122,0.00445680817476855,0.0159266046512161,0.00652466005130896,1.71340728084679e-300,0.00596332073971791,0.000933356248046601,0.00726704624596734,0,0,0,0.0125659230716061,0.00264475042288197,0.00884016830352478,0.00562168502679528,0,0,0.00200950479612808,0,0,0,0,0,0,0,2.79240820077468e-305,0.00152463331243355,0.000863157294583085,1.44834795190881e-227,0.00114173392852731,0,0.00287328896337302,0.000519756918251169,0.00197970317875,0,3.53866942576298e-47,0.000361403598911165,0,0.0082835372815171,0.000412561184458502,0,0.0294030685933415,0.00208514091490408,6.36514722398601e-05,4.88235974316815e-05
C>G,GCC,0.000682818959045791,0.00823349991251639,6.67553590123231e-273,1.93054053734559e-19,0.0179238929152794,0.00436767004952187,0.00630351366734857,0.00206342694074507,0,0.000685143004283096,0,0,0,0.00235323325984299,8.5285081765164e-37,0.0249913898783883,0,0,0,0,0.00125873633851764,0,9.1866665950838e-231,0,0.000445212645310948,0,0.000145519328491474,0,0.00152963577222093,0,0.000397999585913848,1.1125369292536e-308,0.00588028219089083,0.00183591366884578,0.00348679197723807,0,0,0.00197553230597021,0,0.00788122629772507,0.000904849992199228,0,0.0178911447029031,0,0.000324648751336412,0.0016477723454629
C>G,GCG,7.42207268141425e-276,0.00023922925767226,0,0.00488642610642457,0.00213484064552289,0.00336420511178659,0.0043112939971782,0.000826548175283093,0.00139029163998474,0,0.00316115141523643,0.000249477090891086,0.000282782464847917,0,0,0,0,0.00051317312460334,1.89372639598989e-05,1.38107502943302e-05,0.000372696478759035,0,0.00261477428750977,0.000844541789531113,0.000109875274360159,0,0.000169728411295712,0,0,0.000146864840894889,0.000194263911218026,0,0,0.000125257936598686,8.03219455628642e-05,4.09673199932957e-05,0,0,0,0.00279408370046291,0.000167287677123061,0.00138785085813441,0.00496839749164172,0,0,0.00119824967993248
C>G,GCT,5.78440385038412e-150,0.00472974123903636,0,4.08299204164678e-165,0.00294849178152988,0.0301800991820456,0.00336757264811893,0.00169731657011851,0,0.00342276360986762,0,0.000480345276546904,0,0.0140349770256041,4.57450037147418e-29,0.00891890923270202,0,0.00346335877422008,1.67007369182635e-266,0,0,0,1.57203952416002e-166,0.000797280258005971,0.000840521415369166,0.00183467097423933,0,6.37134057267733e-105,8.24755147174422e-05,0.00423087396165329,0.00284132093081655,0.00800739083648228,0.00881853796832517,0.00245016495493963,0.000940851947174058,0,0,0.00199528185144642,0,0.0087168988655868,0,0.00263816692671961,0.0341816101917054,0,0.000380746045072619,0.00139586415368465
C>G,TCA,3.92917436071487e-86,3.08209100637673e-173,0,4.51966151797393e-33,3.28744320393226e-276,0.00632031693796178,0.00334688527293727,0,4.54960709931563e-171,0.0190733222704595,0,0,0,0,3.36750695798979e-125,0,0.000218841751817354,0.00183871627049912,0.017971735879995,0,0,0,0,0.00559622334265949,0.000509740905686972,0.0031951081505093,0.00024778089277258,0,0.000510073073992205,0,0.315598414446478,1.11370689939835e-308,0,0.00161666445781933,0.00646971490958253,3.12851067671222e-27,0.000119817327541722,5.04247743564872e-102,0,0.00425275020524341,8.43068952758641e-14,0,0.0220674264761495,0,0,2.57108460093574e-21
C>G,TCC,0.0160567958913684,0.0244975957201036,0,0.0130073338148819,0.00348060030733988,0,0.00568888428547616,0,0,4.73971497563049e-123,0,0,3.12543642487598e-159,0,5.59090636419931e-175,0,0,0.0100390385140874,0.00737399794509785,0,0,0,9.60254541240302e-77,0,0.00384155303730558,0.00257629264961177,0.00115836022358881,5.9517098761565e-270,0.00055643561514286,0,0.0693830006015554,0,0.0272459064770473,0.00137553163577966,0,0,0.00270532085940326,0.00110248222787447,1.1125369292536e-308,0.0105775228408062,2.38469179945427e-147,0,0.0439174001818135,0,0,0.00376758295116404
C>G,TCG,0,0.00269898097870838,0,0.00498251384014237,0,0.00551067411883488,0.00260752017131732,0,0,0,0.00622577524774615,0,0,0,0,0,0,0,0.00116280102258309,0,0,0,0.00289517322020504,0.00134032335959372,0,0.00131144064677614,0,0,0.000422335116588305,0,0.01424769359339,0,0.000219397715319707,0,0,2.03468173258995e-05,1.02968818360591e-157,0.000889490760412808,0,0.00300269797487557,0.000306652186066191,0.00263660680645576,0,0,0,0.0020560308756723
C>G,TCT,0,0.0235535385633489,0,2.80713087641761e-152,0.00879471184716019,2.27523209293426e-216,0.00165028300899191,0.00081511629764621,0,0,0,6.02505130765283e-294,2.75734346160816e-275,0.0314528205381465,0,0.0427050177473081,1.11253703575604e-308,0,0,0.0003540176960031,0.000814068252376846,0.00333281949605429,0.0163525473919062,0,0.014648523083217,0,0,1.1125369292536e-308,4.67791229317428e-34,0,0.399180806194424,0,0.0552253931211272,0.00436637610206135,7.29880418460204e-116,0.00153166143448709,0,0.00768589219729436,0,2.50904578816684e-37,0.00154985168362575,0,0.0403075460932671,5.03893244584965e-261,0.000455602500454344,0
C>T,ACA,8.72330975531757e-27,7.65742990792982e-52,0,0,0.0193608627046776,0,0.0084360368974691,0.0146452804142307,0,0,0,4.36531129740378e-17,1.11253692925362e-308,0,0,0,2.72045046415187e-264,0,0.011307539892868,4.4224884202834e-103,0.00534040630269986,0.00329966184324864,8.27217261528565e-90,0.00332351273270745,0.00200129807587415,7.01512411554803e-111,1.11253692935965e-308,1.1125369292536e-308,0.00288454881071179,1.95462774803416e-85,0.0072894956568676,0,5.30636742986584e-05,0.0804238805429566,1.38282970162991e-168,0.00206877376685791,0,9.29223599795134e-176,0,0.131475350399583,0.0263922340580813,0,0.00758205321885643,0,3.40995392428462e-07,0.00444047657970881
C>T,ACC,1.13291691228789e-149,0.0107278437357466,0.937816227750088,7.3650038999931e-100,2.28473195780268e-15,1.89733676118713e-05,0.00273773439467866,1.68269693680773e-252,0,3.87978164464288e-153,1.11253693336588e-308,2.48287009340355e-273,0,4.57493547198953e-220,3.72289411387187e-166,4.35712069303192e-279,0.00311372955777474,2.00353017119225e-85,4.68004453102492e-72,0.017353206144649,3.14337744185631e-258,4.0899587376427e-74,3.94664842294498e-241,6.83275105854731e-110,0.00854229294522013,0.00571117467467355,0.0441068347486725,0,0.00255269107887798,3.2718065398069e-152,0.000145435746522347,0,5.98300122257788e-219,0.021615392931225,7.65284768811973e-48,7.00135639134732e-214,4.11414449992122e-283,0.0117832609477182,0,0.0180017213008939,0.00328747081056481,0,0.0103730487776164,1.11253692931672e-308,0,2.11687542179909e-56
C>T,ACG,1.99261934222824e-58,0.00429558210422083,0,1.72325554382895e-158,8.74571289034526e-193,1.7775312925549e-228,0.000943324758747631,3.53936193039365e-212,0,1.26268039817902e-146,0,1.1551869605282e-130,7.63394394918574e-236,3.5472963336863e-273,8.4976443825281e-220,0,0.000218399980741838,4.49759528848022e-230,5.72598534209548e-146,2.22431281000949e-135,3.00637528220167e-145,9.96733659153498e-118,1.03235676343047e-261,3.7525716417641e-05,0.000908301045736964,1.77727465791717e-60,0.000338629665680978,0,7.11563904207627e-11,2.07507724887111e-301,3.24249397058767e-97,0,0,0.037675569544278,3.10700244818528e-273,7.62523541088481e-54,0,1.45510930998096e-115,0,5.74704070575881e-64,0.489711707067944,0,0.00957351016940941,1.27881102436794e-235,2.35379197758636e-94,0.0017234322662588
C>T,ACT,3.59854327588795e-122,0.00878430384767991,0,0.00120517804114397,8.5115228330705e-206,3.48374350287018e-158,0.00290722685586106,0,0,3.82223890677923e-126,1.400949249704e-159,8.8180471555569e-160,0,3.34566379934404e-164,1.58079541293147e-19,6.61161902028165e-249,0.00405681659945506,5.65071532183271e-187,1.53661781166261e-180,0.00671408734428495,3.64857473627224e-42,0.0180340689167939,6.2716539074982e-235,0.0304427968021709,0.00843538354620248,2.44369693619789e-68,0.0132489963879818,0,0.00151917126159188,3.93304393425093e-222,5.25254923032446e-06,0.861631464594778,3.54231617075183e-239,0.02536914616031,1.86106581940755e-267,6.30122650627484e-47,2.04820537829048e-196,2.575531628211e-16,0,0.051369465282039,0.0105406616966901,0,0.0107865727792895,9.52343054871554e-159,0,1.11253692925363e-308
C>T,CCA,3.42588253184532e-104,3.65484177393462e-44,0,1.88013837853991e-96,3.41865848534587e-100,2.05232913455144e-169,0.0102061022964731,0.91677484451776,0,1.16389374936225e-208,0,8.39919581864337e-210,0,5.02025894043557e-252,9.86275742478248e-247,1.1125369292536e-308,7.64153253202238e-139,2.98089902182442e-170,4.74561560223913e-146,0.0472941701788258,7.96405780142572e-155,9.34220826234245e-92,4.34188622463572e-220,1.09712859522693e-11,0.00909417490446964,5.42708819520446e-58,0.126705848652869,0,7.16154006409714e-53,2.25762313010303e-242,0,0,6.87132222719255e-272,0.00231291955908056,2.7474552635195e-190,1.61103556655861e-12,1.11253692925362e-308,1.18383979144927e-23,0,0.00512292399407705,1.2038285340408e-54,0,1.77377308916685e-20,5.50656473226278e-249,4.50011482217968e-09,8.72431509644553e-71
C>T,CCC,6.66466530922231e-172,3.44973317757343e-63,0,2.97041135544551e-148,1.58270758641642e-120,2.29999836848609e-262,0.0101882957489023,0,0,1.70333768037082e-238,0,1.35365270480302e-112,0,0,1.29719425621146e-293,0,1.24677793251236e-298,1.41124321735211e-254,1.64057204805408e-223,0.0538879514812952,1.03621878485222e-183,0.0286361669914806,0,0,7.70126030215095e-20,4.68263818404624e-183,0.13255281460518,0,6.1461990442155e-51,0,0,0,0,1.03765818369993e-29,1.17996853894657e-207,3.17752338647795e-155,0,1.82477138463642e-89,0,3.55601487729113e-63,2.72332120024898e-283,0,3.92155648462805e-55,0,0,0.734374037535504
C>T,CCG,4.72742369745151e-126,4.97140400998523e-103,0,1.64953402636888e-44,3.97129840903095e-127,4.28150687738914e-160,0.00400624787387483,6.50609765785013e-158,0,3.34564197378104e-295,1.39945834698579e-294,8.55550131354695e-222,0,1.35370257026679e-261,1.53565110188752e-220,1.1125369292536e-308,2.32698717673084e-14,1.79193438435071e-223,1.41788785081309e-171,0.00561882595845955,5.56591601400298e-215,2.88809019265936e-43,4.76924050730072e-236,1.5473891726927e-12,3.05041612040542e-22,6.68700686832743e-69,0.0223035160186517,0,6.18084649176288e-142,0.942575483650148,8.73119574001696e-05,0,6.07022366143176e-252,0.039513916792598,4.72340717764974e-150,0.00549697324008725,1.20028338851831e-140,7.26443494934467e-06,0,0.0147701337470985,0.152681599183796,0,4.35739046179014e-35,0,7.99713401416866e-101,3.7477012793495e-27
C>T,CCT,4.08651839912157e-156,2.2278611675058e-38,0,6.3541322707785e-94,5.58868533142919e-113,3.02316086434808e-211,0.0167389237897887,1.56665524851001e-290,0,4.42379982501488e-221,0,0.909037904355036,0,7.66795504095911e-284,1.39010727588541e-236,0,5.435457855653e-46,8.40436358767708e-236,1.91388622503866e-160,0.0558424197955188,2.66183015869172e-177,0.0409492263925868,1.60045908481059e-241,3.41748088200867e-99,4.94617167723605e-42,1.11062205392024e-112,0.150502560145874,0,3.04147395174863e-39,0,1.27085569504133e-289,0,2.01446104225824e-272,0.00437762526095257,6.6659111605632e-200,9.42043289470122e-260,1.1125369292536e-308,7.10300302761249e-43,0,0.0033554837706961,2.08023192050863e-239,0,4.16967074541197e-15,1.0797217082297e-278,1.55857960260177e-218,1.11415513378248e-134
C>T,GCA,4.97827542072111e-190,0.00546172378093987,0,0.63318385556358,0.00381241797239337,3.24826012342008e-197,0.00238065411424217,3.38502448250731e-187,0,6.77448221722679e-224,0,1.96925152660511e-104,0,5.3356755543998e-271,4.74089656543169e-288,0,0.000430744843495758,0,3.54270276948373e-106,8.16474807479764e-05,2.42326292821966e-151,2.97625319689132e-26,2.71497401201995e-158,1.08471364041835e-08,4.08248061381989e-150,0.0145441222486387,3.17696391414807e-168,0,0.00180884588350114,0,0.00815821710075437,0,1.94637300617661e-78,0.0728162338783981,6.872310199863e-91,0.000264076828137155,1.04581228186601e-179,1.78274507248299e-39,0,0.0408279121207889,0.0060859067788916,0,8.2326153824774e-08,0,9.20781833896404e-07,4.48990767068901e-296
C>T,GCC,2.26734272078005e-173,1.61914763317496e-295,0,2.75120017995222e-15,4.70614615118599e-145,6.67042143901879e-232,0.00307171192382829,0,0,2.10505424581822e-220,0.851096979304552,0,0,9.36408862657733e-238,4.48493928166028e-270,0,0.00119800885947346,0,2.05154693983984e-164,0.00922088052056315,5.61948887720968e-155,2.87970423438118e-62,6.19489306151919e-240,0,0,9.35704975132266e-17,0.0288395599560789,0,9.41415423901512e-139,6.9765264161648e-285,1.78761037054673e-226,0,0,0.0604460093912392,1.44887683742747e-202,2.23228686932394e-142,1.11253692934935e-308,7.47423955755265e-16,0,0.0425765985606543,2.56111896767176e-92,0,1.27820120604298e-72,0,0,0.0356567213730733
C>T,GCG,0,0,0,1.62807279683217e-62,0,0,0,0,0,0,0,0,0,0,0,0,0,0,0,0,0,0,0,0,0,0,0,0,0,0,0,0,0,0.0738956232720784,0,7.28144911489034e-06,0.946685028258194,3.0082358876709e-136,0,8.93741283557843e-131,0.192117668432069,0,0,0,0,0
C>T,GCT,3.81280494405422e-215,3.93590601021612e-42,0,3.99021009848774e-147,2.47452714997122e-124,2.39994326701114e-197,0.00198043263816577,4.79458730965634e-221,0,9.88776615030965e-224,0,8.28237915206767e-126,0,3.13184832067499e-275,2.48757769275677e-307,0,1.11253700521489e-308,1.07674901072697e-151,9.15022052804232e-241,0.0136427044775834,0,3.44400498817677e-104,0,0.0226144637368832,0.00316207676245461,2.88976425193039e-187,0.0103939633360233,0,4.32231740739984e-47,0,1.99938432321295e-73,0,2.12779140769563e-301,0.0552681681952833,8.12202044879609e-280,0,0,3.59567703401683e-36,0,0.0291958476219234,1.22929024562909e-212,0,1.06458141928763e-23,0.924512028735941,0.00511397030872773,4.51078022862046e-69
C>T,TCA,1.95479914023921e-151,1.66695256641755e-76,0,2.07559376663441e-121,4.53685376543872e-124,2.94191296096347e-214,2.9294079523248e-16,2.38760345213183e-247,0,5.53424577746452e-243,0,1.29016905021299e-241,0,4.13950181501691e-290,4.42062676443395e-266,0,0.906531360641458,1.3929788597154e-293,2.58786006730431e-171,0.205608652435378,1.83193434322779e-196,1.77324558457949e-90,2.53188812496225e-240,1.07263743150514e-269,2.27959279485835e-44,4.16954636921855e-102,1.78307638582326e-148,0,4.53599898870671e-72,2.24927278159394e-268,3.677395481361e-64,0,1.1125369292536e-308,2.14966405511361e-39,6.64618302012692e-222,5.95212125633424e-24,1.66159143773859e-306,2.64481178622317e-60,0,2.96582653997159e-39,1.99422668281976e-44,0,2.07466324744812e-46,0,3.47910704819547e-28,2.52182924403889e-207
C>T,TCC,3.62967176898691e-216,4.31808071045412e-191,0,9.8368239270214e-249,1.28415112499993e-197,0,2.37608536222654e-64,1.01675076295245e-188,0,0,0,2.50935431874063e-204,0,0,0,0,3.00031408151482e-25,2.43138432597489e-288,1.516276378622e-249,0.415358631448022,3.68463270482929e-302,9.8896462518152e-110,1.31424989583541e-299,0.0241307256427141,0.0181456263185783,6.65461050562553e-222,0.233088616042609,0,8.20665944996997e-202,1.6466190487887e-305,0.00179021240950992,0,0,1.42940888553667e-218,0,3.5930525170729e-86,0,2.38847295632371e-198,0,1.60260852723052e-169,5.28802750418347e-132,0,1.98690080774064e-184,0,0.192726924349526,2.44094231802014e-15
C>T,TCG,0,2.73571897818536e-227,0,2.12770619943046e-178,0,3.71977601088597e-268,0,3.81478315197692e-213,0,7.43519079174849e-278,0,0,0,0,0,0,0.00943249195798634,4.70887920150444e-250,0,0.0652449855418773,1.24650217322826e-308,0.867739901314911,0,0.0135940519717777,0,2.62961842444539e-125,0.0320469684749678,0,3.05658702566592e-138,8.83360591155578e-292,0.00303798329530453,0,0,5.43453992251792e-31,1.03491093021415e-297,0.00614028908448278,4.8606200584203e-256,2.04917204217785e-100,0,1.44675830457153e-82,0.0596037267604982,0,2.17941326261001e-173,0,7.80732605858402e-25,5.38851319832858e-99
C>T,TCT,6.75139328242428e-122,5.84654373460655e-49,0,1.22163066468662e-87,9.1539744716407e-113,7.76625368648514e-186,0.000103499694150304,9.65090250189564e-289,0,6.27878452750887e-216,0,3.59442454724307e-265,0,3.19591995164476e-259,3.40548687332727e-240,1.1125369292536e-308,0.0556530928428951,0,1.23623604149375e-162,0.0828562570046528,5.39960480160102e-156,8.24042894632396e-33,4.32642850925504e-236,3.3059590839336e-184,4.92749762833642e-171,4.07199090472272e-77,0.129862755929252,0,6.53607823794539e-62,6.13792666194809e-268,2.32217121757472e-77,0,1.37781958612545e-297,0.00239977114065863,4.64977831464992e-173,0.000417898252888805,4.77273633416749e-273,3.96193304132008e-21,0,1.17560802580747e-06,6.56955836204198e-35,0,0.00103060592155253,8.16489519515525e-283,0.76735190583043,4.69359688919523e-132
T>A,ATA,0,0.0149412196523291,0,7.10786279442868e-42,0.00220449607080319,0.0201852045848077,0.0101366820627858,0,0,0,1.19708351983453e-102,0,2.79215026300143e-234,0.0290001343228594,0,0,0.000435119812687149,0.00665467441463826,0,0.00182875369469017,0.000669987077781081,0.0119470361995395,0,0,0.0152884703142395,0.00186512577194958,0.00264536905132971,0,0.0011567420352459,0,0,0,0.014362796223247,0.00486827665726129,0.0692768402281551,4.15327086612931e-05,0.00381623058423387,0.00800818690065771,0,0.00791991583868492,0.000638318552649264,0,1.1264796614054e-241,0,0,0
T>A,ATC,0.00311061593124923,0.00176285813240145,0,4.13545395423116e-58,0.00854723174494398,0.0269488291810315,0.00328808702048092,0,0,0,0.0297172696745633,0.00696217531281924,1.80483261531565e-52,0.0104317163398157,0.0018618406097281,6.96547405850445e-08,0,0.0151183593396577,1.40043694858056e-214,0.000455063693913238,0,0,0,0.000880598548391728,0.00176091981044822,0,0.000371404887827213,0.00732134481745496,0.000742536076205303,0.00173109577019522,0,0,0.00493417363074624,0.00233518454424436,0.00822211437469405,0.000181334886112976,0,0.00638258296340258,0,0.0110378880274983,0.00293239697009498,0.0295214565548615,0.0110958873968179,5.49219402301163e-129,0.00435043985705565,0
T>A,ATG,0,0.00624489528893065,7.75092238235596e-133,0.00680384756164073,0.00238324738480808,3.00150561621394e-121,0.0149693954930063,2.53561727812858e-86,0,0,1.1125369292536e-308,0.0118375879250081,1.4131270886587e-250,0.0285752489027299,5.35159254303065e-63,0,6.70974525759575e-52,0.00642007893568348,0,0.000511044577781753,0.0017541117775387,0.000358126596060403,0,0.00375029897117056,0,0.00361919528047322,0.000700245611048966,0,0.000234049043920561,0.00556852436254024,0.000981520227806667,1.884500216704e-276,0,0.00111050938070143,0.0590843585697611,5.01952821000922e-05,0,0.00523407925638182,1.44546015800099e-307,0.0215542517363763,0.00175831177747303,1.18372855602723e-137,0.0129194647727409,0.0017751296364103,0.000415823470635557,0.00462515873276689
T>A,ATT,1.71630377711521e-155,0.00282125006149752,0,4.70106000269935e-178,1.6627385187223e-183,0,0.00309965612716793,9.79138264628314e-246,0,2.22470913342655e-242,0,0,0,0,0,0,6.85432793936526e-100,1.02804433367763e-101,1.39771188307509e-82,0.00362622299180832,1.1558878741181e-171,1.5678056873578e-145,8.30305204853069e-184,0.0357485535236977,0.0596442642615648,2.37655638051591e-105,0.0111902604952534,0,6.04987148264861e-186,0,0,0,8.98796276888416e-66,0.0238837074744039,0,1.76767852814832e-64,1.29478507464023e-158,1.11253692926118e-308,0.910408009478511,0.00670587139164177,0,0,0,4.03102554498743e-234,0.0021150107043953,0
T>A,CTA,1.67452745257848e-170,0,0.0055004725709474,7.77200377044292e-12,0,0,0.0131649307373264,0,3.67599463614433e-15,0,0.00830310797522357,0.00233822583565788,0.00184261740734265,0.00992461024475706,0.00947241223350271,0.00511457800436053,9.47791758326764e-09,0,0,0.000142827879343541,0,0.000322067917157839,0,0.00247317461137876,0.00397695033500836,0,0.000447224339751485,0,0,7.74637157755532e-249,0.000186465685425236,0,0.00425912211216027,0.000632792477300445,0.159292950811978,0,0,0.00124834344894174,0,2.59101292867705e-99,0,7.2216883935591e-218,8.28600636030329e-74,0,0.000695219922469449,0.00175657574016713
T>A,CTC,0,0.00449309561588662,0,1.05333057862472e-256,0.0298374280733845,9.54929554042547e-248,0.00992090855004022,0,1.08600220156089e-258,0.00908973344021992,0,4.82618689760401e-08,0,0.00326753208844337,0.0353187067531103,0,0.000124063837182377,0,0.00371451655184444,2.43616672822497e-05,0.00124322515480722,0.00287584177061112,2.09515804814617e-252,0,0.0196349668783629,0,0.00023718283613835,0,0.0463293161308735,0,0.000178899204557,0,0,0.00288480507913944,0.0897440465097698,0.00192949362958997,0,0.00256144704962838,0,0.00300812570891749,0,0,0.0233521004200013,5.79200945022449e-117,0.00142597127646076,0.0033830873089475
T>A,CTG,6.68705592867737e-55,0.00293169930668498,0,1.92872774808325e-34,0.0371327611389325,1.3896538574851e-266,0.0343462199957083,5.30393964359515e-299,0,0.00894964862940621,0,0.000956978355752804,0,0,0,8.42653278305185e-201,0.000278002280574443,0.00400221013620928,0.00114604154263561,8.96662200094893e-06,0.000668985752167751,1.01376567285901e-31,0,0.00211065882051017,2.60883057108651e-197,9.50199262836317e-107,1.11253692925432e-308,1.57026643027403e-129,0.012672533994583,0,0.000703958019002662,0,0.00695174903159459,0.000970037732082696,0.236744541580144,0.000365856979764598,0,1.51041832005446e-180,0,7.86394277757629e-102,0.000277799341210959,0,1.75487959699486e-306,0.0046296797826323,0.000574988520368853,0.00316779165826985
T>A,CTT,7.00972941443173e-142,0.00830072752444031,0,0,0.0215529686293652,0,0.0124281733125882,3.1766811771428e-229,1.1125369292536e-308,3.27567051088787e-285,0,1.07545211094807e-214,0,0,0.0246136983919403,0,0.00256010568936708,0,0,0.00015871748231208,0,0,0,6.68680546650602e-05,0.0653314485437234,0,0,0,0.0889311156770092,0,0.000247720021615365,0,0,0,0.0701286768060211,0.00774635040341367,2.83551179836294e-161,0,0,0,0,0,0.0119911938272408,7.01120248013916e-12,4.78746763214101e-152,0
T>A,GTA,0,7.75810431624582e-142,0,0.00327681551625176,0.0136662016980282,0.00635026963232555,0.00982978351345004,0.00178285668350174,1.38898065322438e-43,0,4.23524804972004e-18,1.10198519503252e-11,0,0.00215070092860656,0,0,0.000320118287241523,0.00212428147130438,0.00587206165064395,0.000340850437850175,0.000644340864843128,0.000557463950763074,1.91122158340129e-52,0,0.001603945337375,0,0.000401791335499472,0,0,0,0,0.0157057289896929,0.00602095033994033,0.00159221255548505,0.0438280826677074,8.09399441179618e-05,0.00376331421534181,0.00289196786835999,1.1125369292536e-308,0.00304883435784332,0,0,0.00955746405777106,0.00304949307767503,0.00123316542477194,0
T>A,GTC,1.19747209777242e-110,0.00222654121425889,0,1.98714352965875e-74,0.00948496601682281,0.00481484395386595,0.0031037646489184,0.0010641320041424,0,0,1.51565479192601e-42,0.000469658624676295,0,0,0.00980624154614782,3.70562296048293e-161,0.000501484346134924,0,0,0.000200122479169793,0,2.78305317698643e-122,0.00478055884340498,0,0.00291605540696636,0.00161229412833385,0.000236259361709996,0,0.00351713889490489,0,0.00015198893974577,0,0.00533437820820909,0.00246469405814008,0.0120695326835794,0.000384574811145431,0,0.00100961829515491,0.000332487144361529,0.00467193442231792,0,0,0.0146435672828953,4.27431955833187e-72,0.000575632021394289,0
T>A,GTG,2.76826406409476e-19,0.00218163979164199,0,0.00476161285763512,0.0184589142567285,0,0.0157710409255904,0.00143324428162349,0,0.00175859739910718,0,0,0,0.00783380184336605,0,0,0.000430087418355703,0,0.00392972748716919,0.000217507882924071,0.000556680968119328,0,0,0.00111793401969978,0,0.000725380270986994,0.000268030904572302,0.0146536665542517,0.000287709686649703,0,6.59533853969574e-05,0,0.000847918879147478,0.00292935618977569,0.0326415989493881,0.000136683132509204,0.000802168632142426,0.00176114224264664,3.7780063062303e-78,0.0040201214422721,6.94533273074897e-105,0,0.0211913948112613,0,0.000567960334239707,0.00196087571795746
T>A,GTT,0.00621374272529227,0.00332016205951665,0,0,0,0.00283896832348148,0.00610827607814137,0,0,0,4.90785650748961e-130,0,2.91564518612536e-12,2.16774859529021e-199,0.00136492715715041,0,0.000561504717430504,0,0.0112724835781082,0.000291632629610795,8.07046633436529e-203,7.95777629459995e-72,0,0.00969383037391712,0.0278156378352767,0.00238746923224512,0.000242983007148684,9.00968290831183e-302,0.00540920371837676,0,0.000441148645408839,0,0,0.00349975476735486,0.00996011712642984,0.00155605819658696,5.17081509882445e-289,0,0.00492064715397947,0.00211211976658445,9.58075099298114e-05,8.22731487025798e-149,0.024547883418055,0.015376549556328,0,0
T>A,TTA,0,0.00762670379004548,0,1.11284411161498e-308,0.00545585331417393,0,0.00876215485534663,0.00385616216714577,1.1125369292536e-308,2.43384959507772e-145,1.13035358178146e-211,0,0,5.17621572465159e-284,0.000609636790437443,0,0,2.4846504644629e-116,0.0130501756296557,0.000238916308451573,0,0,0.00789200326412816,0.0200993052803089,0.0181819004029593,0.0158786929221323,0.00203170877478018,0,0.000701101420964153,8.20145756267001e-147,0.000182560381705806,0,0.260504187732311,0.00727758694468227,0.0529599284182069,0.00184047915397791,0.00153663142570796,0,4.44438299360005e-291,0.00355671450522885,0.00800486420274875,0,0,0,0,0.00604545500108686
T>A,TTC,3.18743624621419e-62,0.0244940898472436,0,4.10557757590854e-72,4.55627809444606e-72,0,0.00357868753803537,0.00151042706938312,0,0.00208683329841809,0,0.00353541577410679,0.0230746901537515,0,0,1.93330169047171e-305,0.000304359252248919,0,0.0162440143379457,0.00030414280724781,0.00107245088843666,1.16837352739057e-231,0,0.000625282527778209,0.0453179722359769,0,0.00228984769210065,1.1125369292536e-308,0.00603328534709761,0,0.000126459430274708,0,0.0248783250430528,0.000287166457094327,0.030682243608259,0.0003003137475286,0,0.00571094517394152,0,0.000588946418273189,0,0,0.0153690164515747,0,2.19560005517748e-31,0.0027252799219474
T>A,TTG,2.42847478762155e-63,0.00746765360834477,2.88632789125937e-246,0.00749601348004276,1.112536940413e-308,0.0268270363087782,0.0116515745225261,6.32158160354954e-116,0,0,0,0,0,0,0,0,0,1.38603354285436e-106,1.82402066989353e-131,0,0.000609990891375099,0,0.00564019027092375,0.00623501338394896,0.0152860120166754,0,0.000678241692375991,0.00985389395971045,0.00169960338732497,0.00360123708637823,0,0,0.0221043191028182,0.000394050578154091,0.0481191473973778,0,9.72388083141142e-287,0.00133300456897802,0.0126962232175711,0.00504114141074448,0,6.3492538968933e-130,0.00598744290107892,0,0,0.00727884142777373
T>A,TTT,2.2992146587113e-208,1.86369615041673e-171,0,1.02913160262406e-266,1.77305477817515e-173,0,0.00194482465784282,2.93376897053488e-190,0,0,0,4.34976143502598e-255,0,0,0,0,0.0028666939079559,0.759136715521242,1.42267007224856e-250,0.000813336028037988,1.11253693021133e-308,0.00119637342164954,5.11099299478909e-301,0.010967487030874,0.260508444733052,4.49519047178453e-162,0.000673694041102673,0,0,0,8.21773811782646e-191,0,0,0.00743875081536324,0,1.2520286816972e-133,0,4.56566436050759e-248,0,2.86936097841236e-165,7.93162015922456e-73,0,7.75234009284707e-297,0,1.59066113238632e-25,1.04087913862856e-99
T>C,ATA,1.48141447932789e-93,0.00623231835065413,0,6.16848120276953e-05,5.52256158864567e-83,2.72342047598359e-132,0.0068149480614927,1.59825382160859e-253,0,8.25263094871031e-269,0,6.00306144512527e-183,0,0.750990377346129,8.39299504976049e-243,1.10720450588809e-236,1.0980688602133e-55,7.20340411403013e-216,3.72083227997904e-176,0.000247884495107585,0,3.49906951045581e-10,1.69518376569667e-233,0.00522737842730963,0.000232202541467056,3.19552899658318e-137,0.000888889877496501,0,4.95362164010461e-182,0,0.00182023381822875,0,2.26696698961117e-294,0.023766240432008,1.16655740064846e-238,0,3.68458628287498e-125,0.0853451361054176,0,0.0848652548576251,7.85917154525991e-14,0,2.37209827051908e-17,7.78385072291032e-288,4.3142290488369e-65,0.00433678701542538
T>C,ATC,0,0.0179576306223957,3.7184097864002e-207,1.10649096445596e-05,8.99156548135061e-05,0.00504058188046306,0.000160430731745289,0.0034340584391418,0,0.0145963127665152,1.07105239805243e-284,0.00664670161686181,0,7.38990365470608e-05,0.00409774672761641,0.0420033622965638,0.000263693941180865,0.00281505117131679,3.61073644013291e-110,4.75104173495951e-70,0,1.21943270168817e-234,2.86405433714959e-307,0.00557419765921562,3.78278184515299e-05,0.00606382752675072,0,0,0.0127596422547154,2.35277414474931e-82,0.000479532758630699,0.025747479321861,0,0.00505092831138925,0.00344788501932167,0.000125913358648612,1.11253692925547e-308,0.0576983114182181,0,0.00873792511687887,0.005002300120835,0,0.00440862216094624,7.53034434218345e-160,0.00182207436446758,0.000802702042246906
T>C,ATG,9.15564936882261e-214,0.0188332240201889,1.1125369292536e-308,9.38497099202355e-41,9.92965866308056e-14,0.492970872067822,0.00458671680903521,0.00302615645808973,0,1.52136392936246e-53,2.86574066694522e-275,8.46821317337062e-144,3.81726501416815e-301,9.89243474062931e-198,6.61150963993864e-137,1.11376473834577e-308,0.00058101527825841,2.86937527096323e-291,2.49962380584864e-197,0.000134813354378924,0.000385080867136132,3.84067471145665e-103,0,0.0137476020927617,0.000373380582103372,2.05521289659702e-138,9.97017584113881e-82,0,0.00027823728165605,1.03589351192973e-217,0.000418610342034724,0,2.95163259163625e-176,0.0327071582726872,1.05279251583307e-291,0,4.97512101975058e-301,0.0852041851489812,0,0.0319015992003578,9.17456983794029e-12,0,0.000264853541620834,7.85123315355047e-250,1.11968275078744e-122,0.00926155781679856
T>C,ATT,7.45491775424185e-222,0.0218401767211016,0,5.13214849392033e-11,0,2.70420813243268e-149,0,7.10829086166909e-301,0,1.59659612757544e-85,3.23194070786455e-286,1.11646669214071e-270,0,2.94958184452899e-76,0,0.749327210300815,2.01552248325525e-06,3.03570961087247e-160,7.89978803525424e-279,0.000494999280638065,3.06757366968055e-108,2.32835950547893e-18,0,0.0596252389935124,1.43549128073189e-22,4.0751752356628e-120,0.00280526935592023,1.1125369292536e-308,0.00795911291103995,2.01932117934481e-224,7.20802736955606e-176,0,1.08477623357334e-69,0.00282572262050375,4.29800219398605e-292,0.000610979376456443,8.68935631396457e-230,0.0580573709433566,0,0.0631301596320603,0.00768440364093786,0,0.0151356752583565,0,9.95269984099703e-102,1.29760063096838e-95
T>C,CTA,0,0.0278751980098037,4.1450020968889e-77,0.0534425470710424,0.0151684454055384,0,0.00494805813131472,0.0139030053815315,3.17266101208802e-42,0.0223016524892609,0.0590535232920401,0.0103295152292345,5.55538882070405e-05,0,0,0,0,0.0155081790385793,0,6.53846429689681e-05,0,0.000921563781583923,0,0.0118132538051126,0.00707815845812797,0,1.19320569438488e-11,0,0.010001777282796,0,0.000201480374697104,0,0.0135485468857507,0.0120531250893342,0.00466358171015246,0.000382004481271443,0,0.0552549331463429,0,0.0062403467113123,0.00102113109917377,3.77685764309927e-104,3.78089931742115e-100,0.0196326506001541,0.00129441626431881,0.00363383193465308
T>C,CTC,2.2346994642232e-06,0.0102705605123452,0,0.00654579178753308,4.90742945145507e-220,2.40770324013515e-49,0.00233702965668522,0.000952915657254804,0,0,9.35491561758899e-139,3.37260366021392e-181,3.02400315537562e-281,6.2033307592115e-270,0,0,1.43876652058679e-200,0.0137821512924003,5.86637200390425e-06,7.79615561709105e-05,0.00377641965373044,0.00105121403387782,5.03183348824623e-175,0,1.20136928054835e-104,0.0103716898463173,0.00100277743867306,0,0.2167786012254,2.22920636304753e-283,0,0,0.00567979612842171,0.00328814363167356,5.19613235132412e-123,0.00268521516217202,0,0.0481019537564351,0,1.60712929757075e-07,0.00294227655741749,8.35145454778359e-63,0.0159357085382324,0,6.16495380686384e-176,0.000132540688923147
T>C,CTG,0,7.00746432518624e-21,0,8.10827706463861e-05,5.90546326689954e-258,5.65582401826032e-33,0.00517384153713133,0,0.858863982235987,4.16618406316659e-35,0,2.31827798780251e-260,0,1.46656203790364e-196,1.74708525306902e-93,9.40822354141603e-285,1.77622599629865e-41,1.26268618896193e-145,0,4.2927192213801e-259,1.15939087883092e-09,1.05308890754569e-299,0,0.000858198638944671,0.000103019603487876,1.8180801310112e-235,0.000704974350459941,0,0.100094269450429,0,0,1.1125369292536e-308,1.09243376167624e-278,0.0313896512855789,0,0.00204730831064991,1.17595544044139e-283,0.0429966313944103,0,0.032423647168234,0,0,1.49062497615411e-255,0,8.68974078603084e-51,1.71591227657017e-71
T>C,CTT,4.16089363798508e-154,2.44235378982159e-193,0,3.84345309109978e-84,1.4155376828957e-160,1.7201242026314e-221,0.000209199023751288,1.8747120406241e-202,0,0.847180601183008,0,1.51953464884501e-277,0,3.54876895549028e-248,0,0,7.09393709202126e-93,1.54111602020775e-227,8.35100887693797e-177,0.00155591491365496,8.06048070314115e-218,1.2442794380732e-47,5.32379839889543e-213,0.04205896695997,0.0244958869913168,4.05656850051008e-44,0.00757914953392774,0,0.372630597569826,4.25380125374858e-228,0.000196967297032631,0,1.8822263798172e-259,0.00369978589615749,0,0.00790132854765276,3.94332012527963e-275,1.5990783844415e-52,0,2.03766127668792e-16,1.49228970850628e-49,0,7.8244071588453e-133,0,3.64174514170736e-93,8.47399987905216e-32
T>C,GTA,3.85794039027391e-65,0.0131260044127338,0,0,8.37457332001409e-146,0,0.00356239989894193,1.56287661718518e-65,0,0,0,0,2.93704120936839e-39,0,1.77800863878012e-301,0,0.000472363330452852,0,0,0,0,3.75407966782547e-05,0,0.00140036616079337,0,5.23337012500073e-277,1.89606004121271e-202,0,7.06925565305272e-282,9.0198868378927e-302,0.000248455278062883,0,0,0.0262659482560945,0.00578502143739391,3.09903514060009e-05,0,0.0895726564492801,0,0.00264251228240951,0.000695632590863279,0,0.00455109680508901,2.1045233427246e-208,0.0013947906476233,0.000733211238484452
T>C,GTC,4.40405805308158e-96,0.00666901094750355,0,1.48933082104851e-28,7.24366200516486e-70,0.0244672412238065,0.000816859237160422,0,0,0.00945403897522058,0,3.56897575533302e-166,0,0,0.0093948259536027,1.72151971517367e-72,0.000237877087703105,0,1.23543803919954e-76,5.09088783446726e-05,4.26857451909022e-05,1.64193548424795e-06,1.79027978086468e-86,0.00274535745486354,0,0.00684551272622953,0,0.0119233207419366,0.0164438311004333,0,0.000257349801806018,0,0.00368518800121012,0.00214162137817092,0.00253374049515112,0.00108900191732237,0.00362718934586153,0.0319360658594035,4.98474002146928e-263,0.00675873777598047,0.00165834556688248,1.1125369354782e-308,0.00645297913673227,1.06240377220467e-282,0.000444941617488359,0
T>C,GTG,0,0,0.00231465751082892,0.0153790835750472,0.00268732732563247,0.0248034036988909,0.00191853189797487,0.00231789637836858,1.1125369292536e-308,0.00787681629997905,0,3.5477569414782e-23,0,0.0111905705273947,0.0185849731173943,7.86238891910499e-284,0,0,0,0,4.22944866668819e-46,0,0,0.00415537240578158,1.86534483371614e-45,0.00877718115707644,6.78720399653541e-05,0,0.00316616951732681,0,0.000196317686900778,0.00342097183082456,0,0.0187229774099693,0.0020287679453823,0.00111462964622874,0.00441902191182288,0.0548284208255346,0,0.0180089257446225,0.00196252609462322,1.1125369292536e-308,0.0102231223450631,0,0.000569183820274127,0.00223292732951102
T>C,GTT,1.31247618075055e-137,6.10472765263531e-32,0,1.49716365772575e-110,6.40979720677792e-56,2.66780554252414e-202,0.000820860332265955,2.09820756902797e-93,0,6.33305793423417e-248,0,2.98248064567964e-79,0,1.5219681210901e-263,5.86953821939725e-200,2.51753228299021e-250,4.09795234551766e-87,2.0115668364146e-264,2.1605383686084e-186,0.000641634097557118,2.75466966212617e-173,0.00144835931507677,2.33400448261197e-274,0.395116964788906,0.00644548468795023,1.54007697441595e-10,0.00361584615965319,0,2.29529406495986e-81,6.85928806303318e-190,0,0,1.1125369292536e-308,0.00286156302692994,5.13213412182148e-146,0.000904522575424451,9.64313894193762e-279,0.0422649479405094,0,4.03577991632232e-34,2.84527194524457e-146,0,2.24510609386712e-05,0,0.00148769321114005,0.0386254312839667
T>C,TTA,3.2273894193959e-176,1.17455131223483e-63,0,5.78101004382233e-05,2.94617577011861e-181,1.55055543438085e-169,0.00150794084041783,1.11256258416841e-308,0,4.45878002684028e-266,2.19333997434284e-255,0,0,3.86045104731623e-213,0,1.1125369292536e-308,0.00167135099752765,0.01683998291209,3.79757833641103e-239,0.00175805147931634,3.9586182250425e-74,0.00223482618109767,1.14844036534373e-308,0.0720932496641327,0.0347973242369541,7.99588491136699e-244,0.00520690574861342,0.93713470394209,8.57280367243754e-253,0,0,0,5.1909400589053e-133,0.0181566998837005,4.48312735398805e-123,3.66052585724258e-111,0,0.0607181074446153,0,0.0130633155395071,2.00706441596579e-272,1.1125369292536e-308,0.00598959731602926,1.44979343737941e-127,7.18908991403991e-87,0.017916939025785
T>C,TTC,0,0.012570069926727,0,0.0263256194631349,0,0,0,0,0,2.38481160757652e-272,0,6.02829043740538e-135,0,0,0,0,9.56914692242087e-28,0,0.00395424582589946,0.00054974388803079,0.0015642861236996,0.0044248685969378,1.69848036277195e-191,0.0161008840231099,0.0297497467816148,0.0108563968943462,0.00149020341091205,4.00201520965015e-28,0.0173290487164475,0.0062705515713057,0.000155925282836332,0,0.0494765765427572,0.0118341852176028,0,0.00119717865947069,1.66589878573142e-203,0.0513115732629852,1.67658397673057e-59,2.21225784731937e-48,0.00474607582406471,0,0.00536747951914048,0,0,0.00284791565089901
T>C,TTG,0.00965270261192455,1.74427256943284e-09,3.65361042498336e-274,0.00620908745800387,0,0.0347395664669226,0.00102746147837098,3.70800165368717e-119,0,1.4279848753436e-05,7.99840856701441e-191,0,0.0017953593249139,0,0.00528347746227316,2.65069187311688e-292,0,5.11457242373728e-09,1.14354779279332e-35,0.000103482080950496,0.0017085522636574,0,0.00331129090553346,0.0274786735221517,0.0159612384985332,2.36441655506564e-189,0.00333382061558188,0,0.00192890651811131,4.14510760233637e-257,0,0,0.062461891387145,0.0168868988442439,0.000466289272976573,0.00134188201906455,0,0.0444252073284558,0,0.0139132993141694,3.5120836222741e-163,1.11372744279425e-308,9.77699591369004e-06,0,0,0.0140807621615327
T>C,TTT,0,0,0,7.29758822740863e-24,2.19937355548861e-303,1.04555814109518e-139,0,6.76753685800822e-275,0,1.17758379451572e-69,1.40504058728003e-278,7.48421090635865e-242,0,0,0,0,0.000428821716934399,0.075276359319192,0,0.000795862332864279,1.07055259952604e-173,2.43712464606175e-57,0,0.038556274339783,0.0942207680244967,0,0.00502115521302377,4.64447596342362e-199,0.0184617355123325,0,5.93981753979174e-179,0,8.12936983324546e-174,0.0332280284793206,2.9137786616163e-227,0.000191177714480583,1.98546507473804e-245,0.0586827759218921,0,0.00328724131340317,1.94720592377987e-30,0.854456175014453,3.76598760586779e-83,1.18044309285227e-66,1.00783779125323e-307,9.42502592881306e-64
T>G,ATA,0,0.0197021280082833,0,1.24167482834677e-262,2.78049938690293e-260,0.00443522435614036,0.000750311370299451,2.04534845401766e-119,0,0.0044424762885789,0,0,0,0.0150051130837552,1.11253692925361e-308,0.00848425688238014,0.000279158354753476,0.0300206686986832,0,0.000412562107189754,0.0124709736934278,0,0,0.00237404218105118,0.0100230896759278,0.00129689155156769,0,0.00288530316898405,0.000586847623102216,0.00104250031821692,0,0.0150756621108181,0.000687405895778636,0.000126175169156245,0.00143004678506884,0.00108020282932571,0,0.00138740830336806,0.0343865767234291,0.00389204793862681,0,0.00194294471539649,0.00646510258382119,0.0103143974223473,0.00143899733075437,0
T>G,ATC,1.91297821338724e-169,0.0231533512931367,0.00663550541044758,0,0.000246986900892751,0.00360619794985396,9.63900893449901e-05,0.00162653344425066,0,0.00303527114799243,1.84232373961423e-259,0.00294749608155103,0.000297887386637822,0,0,0,2.14958628536235e-146,0,4.85502245959951e-07,8.87998396671504e-05,0.0213114441120375,0.000709340614893075,0.00121298925415743,0.00361664942661,0.000945196920953656,4.64521973924149e-49,0.000312992561613464,0,0.000476301574030322,0.00465094482670675,0,0.0099387997970427,0,0.000211312184310952,0,0.00418472803332383,4.92680149433815e-05,1.10065855213636e-215,0,0.00238976740695712,9.94996002099925e-05,0.00782995382732587,0.00393617922312174,0.00441317107624606,0.000255108818469396,0.00440351466429761
T>G,ATG,0,0.0172654130275673,0.00627615034622912,0.0179667178899647,0.00175492027012302,0.042954795842728,0.00100755895955172,0.00218207360430522,1.1125369292536e-308,2.22446879891635e-89,0,0.00248660972616929,0,0.0027385736069367,0.00724177169703965,1.38106860061006e-63,0,0.0022273902658985,4.84139489903833e-164,0.000185528343467507,0.0109301730424447,2.06609642470988e-231,0,0.0126311438069,7.81731574476943e-05,0.004532742430565,0.00083225045338447,0.0145878411307089,0.000950760363441383,1.43714137262375e-95,0,0.0348198281118109,0,0.000201750954696224,0.00369426644106123,0.000767415525953722,4.4016208050329e-28,0.00284685533067371,0,0.0126571476712059,0.000704333517470545,0,0.0111985941963662,4.04613101719238e-302,0,0.00533339134767486
T>G,ATT,3.80440126815672e-213,0.0568621273359148,0,0,0.00208046013949594,1.11253692982652e-308,0,0,0,0,0,0,0,0,0,0,4.77280829550125e-05,0,0.00147743778899823,0.000315600771598318,0.132939925123806,0,0,0.0172852837425486,0,0,0.000353562491893328,1.1125369292536e-308,0.0154684434194751,0,0.000264558036188242,0,0,0.00134852793782159,0.000356266235051797,0.0650980157845079,0,0,0,4.87246512248238e-21,0,0,1.28483050904889e-43,0.00861540371564533,0,7.37398096164607e-29
T>G,CTA,3.92195843584984e-249,0.00523110358594077,7.04410263934576e-194,4.06626743536486e-07,0,2.21942941348077e-242,0.000809969729825683,0.000908423417019947,1.66708539674105e-41,0.00185647841326468,0.00331380838422537,0.00228665723285264,0.00396433318296736,0.00361410468202428,0,2.97822042605025e-90,2.86109455830682e-79,0,3.18846935077961e-307,6.22490356506634e-05,0.0169088824814061,1.16556311672904e-186,0,0.00130360961067233,0.00443850457100015,0,0.000221229298752501,0.000115292372429868,0.000292889432428039,0.000687248040980748,0,0,0.000906726825799267,0.000709675777701752,0.00582022293543057,0.00171263421506915,0.000314188721669578,0.0022945378720654,1.1125369292536e-308,0.00339225876664803,9.51224467440163e-05,0.00202569847697133,0.00973487029063431,1.11269915631744e-308,0,0.00117656764817018
T>G,CTC,0.000234072937527567,0.00626528666025386,0,0,0.000524618293955062,0.0094804925264389,6.88065646200986e-05,0.00126081651563148,0,0.00809546372530355,0.0032577889596837,0.00426816614364852,0,0,0.000342583588953305,3.39043573453537e-48,3.04306150356153e-81,0,0.00249340619649057,2.5637113520703e-226,0.0217050280823442,0.000764002811800847,0,0,0.00698345123892347,0.00272297789754933,0.000635271815887966,0,0.000933128946741697,0,0,0,0,0.0026628177593691,0.000818656391423915,0.0311267342602308,0.00670232684845523,0.00146073776214234,1.51259641989013e-105,0.006804992763032,5.92053206651502e-05,0.00982071207894399,0.0144648588353103,1.11254284402595e-308,0.00143958310767141,0.00180388122065504
T>G,CTG,0.00111270248492042,0.00287520737551447,0,1.29867562015589e-125,0,0.00999701034526379,0.00423895404653089,0,1.1125369292536e-308,0.000603640780882691,0,0,0,1.45164367949826e-286,2.10962922708811e-42,0,0,0,6.43344359223516e-73,0,0.0123572250576906,0,0,0,0.00152086883171757,0.00593127063239036,0.000527759035266062,0,0,0.00676448601836512,0,7.46419192305906e-124,0.00112079468341364,0.00357024505279214,0.00857350777430714,0.0139627861203822,0.00376630558069583,0.00216476912619628,0,0.0118443671854225,0,0,0.0246088989368109,0,0,0.00397300894620791
T>G,CTT,8.32833054900032e-157,1.4654212827055e-203,0,1.8839347943477e-43,8.35969800732735e-295,0.00924890738587371,0.00134875339474947,0,0,3.3285224747678e-107,0,0,0,1.15574774135578e-172,2.53431336714115e-135,2.54930966855393e-157,0,0,9.49109125816201e-31,0,0,0,1.21356685883657e-251,0,0.00359699435179958,7.38210596375001e-36,0,0,2.67362016534658e-91,0,0,0,0.0166776285913483,4.93713834771189e-80,5.9284074979004e-257,0.568627299455194,5.75801952961363e-255,0.00206831881270494,0,0.0045231446754133,0.000688406043779827,0,1.25810503880793e-68,0,0.00048287918685828,0
T>G,GTA,0.00100800182919607,0.00291892762849963,0,0.00190394519592424,5.30297185360425e-11,0.00424252904003261,0.00041662958537053,0.0024408778969361,0,0.00438463522275584,0,0.00344075327551006,0.000398637026417705,0.00409451169001003,2.84507214294805e-105,0,0,0.0010736633458908,0.00348420999292523,8.19448633724982e-05,0,0,0,0,0.00291360879889429,3.5393885572948e-14,5.81599797207438e-05,0,0.000226399184170582,0,0,0.00531354731147494,0.00352921628670179,0.000382934528109471,0.00238957584407036,0.000284786764067655,0.00395156050051072,0.00218827771299615,0.00334140510168496,0.00337114693024949,2.6405589718426e-164,0,0.0100671374245277,0,0,0.000460435060428833
T>G,GTC,0,0.00552768142599069,0.0139845787476822,0.000473346983060828,0.000202880251567695,0.00342174753414945,0.000161316758044015,0.000545471100849591,0,9.34134219520606e-292,0,0,3.34997226183181e-53,0.00172522198763318,0,0,0,6.42236359839071e-08,0,7.79126677847251e-05,0.000120612591832628,0,0,0,0.00184057643769742,0,7.68705815205355e-05,0,0.000318853356346665,0,0.000103408181397809,0.00250748365110636,0,0.000248665607928968,0.00124050942894444,0.00606414477241182,0.00268125225700182,0.000792382887730397,0,0.00274243969174487,0,0.00190618113034004,0.00444806037160168,0,0.000641044045759343,0.00149070830680272
T>G,GTG,0.00343011339453496,0,0.0135102625823887,0.0170016952237174,3.3105214637649e-46,0,0.00192265153084635,0.004247597308364,0.014807331650816,1.11254748732393e-308,0,0.00476595794465305,1.46879242218991e-08,1.11253700531145e-308,0,0,0,0,0.00860933139031827,0.000100130691908989,0.00292852739708644,0.00179937100953987,1.5193554512213e-88,0.00499798671376214,0.00757390953826959,0.0119424099440738,0.00155840992070381,1.11439321138237e-308,0.000152002748054172,2.2732669729176e-44,0.00100592052125101,0.0100794298169061,0,0.000714978501071551,0.00304395488424051,0.001350896181763,0,0.00269750309281289,0,0.00819843125429323,0.00101383995425561,0,0.0227382412080019,0,0.000181871126929321,0.00865284423726374
T>G,GTT,0.000824919527368337,0.00406561877749812,0,0,3.55844937304933e-146,0,0,0,0,0,0,1.10702670080511e-145,0,0,0,0,0.000274793556578071,0.00156749911878584,0,0.00090641939753621,0.000588603777284691,0,0,0.00795857393728951,0.00839635906928171,0.00152987565925595,0.00271080616468247,0,0.0064002586826188,8.66692841875145e-264,0.000158069278011254,0,0,0.00297335150555312,0,0.124930610332086,0,0,0,5.8238908984346e-253,0.000360994264810665,0,0.00839802128471312,4.13548981739506e-33,0,0.000322264863609458
T>G,TTA,0,0.0124912458418737,0,0.0127023521303649,1.58577306000652e-40,0.00564097996790623,0,0,0,0,0,0.00756154268737505,0.00227800895971392,5.55021795592529e-148,0,0.0213792534205014,0,0,0,7.34015798884118e-06,0.0388805899272997,0.00254454988661908,0,0,0.0253704486513843,0,0.000103291433184118,0,0,0,0.000153522351512952,0,0.103964119069307,0,0.00060531239152653,0,0,0.000659657406620102,0,0.00479645237144479,0,0,0.0109180185305367,1.2410779363519e-195,0.00042114283287265,0.00165742105404862
T>G,TTC,0,0.0308239706321025,0,0.0101700243316222,0,0.0106386760268232,0,0,0,0,0,0,0,0.00467824641216632,3.60591277706324e-119,5.95557325250197e-148,0,0,0,2.77933292310287e-05,0.0495792058925585,0.000419425479229145,1.25078731126495e-304,0.000787691665865059,0.0197973207814406,0.00158047352894078,0.000955856920087475,0,0,1.9759916711184e-179,0.0002000428056107,1.1125369292536e-308,0.027489777003675,0.000447488121210396,0,0.00794229775827539,1.1944487910696e-92,0.00291810942504514,0,0.0069536118887096,0.000564312478768477,0.0836099856482733,0.00888185236990322,0,0.000579367285557545,0.0034223059292738
T>G,TTG,1.51284761767648e-44,0.0163019090864118,0,0.0138409728814631,0,0.0126277977989899,0.00245425936016675,0,0,0.004227322212653,0,0,0.00388821436292355,0,0,6.05752552393531e-217,0,0.00498664965708576,1.25803431163548e-91,0,0.0110022272035632,0,0.00254572711897866,0.00060016448553543,0.00855802913417533,0,0.000744494125840112,0,0.00123088414640751,0.00669564140610218,0,0.00468336909852456,0.0497534391596253,0.00175773694270907,0.0025666962269333,0.00461113758176881,0.00147003822605613,0.000991184831859744,0,0.0132914300118631,0.000512128209042043,0,0.0170954251916307,0,0,0.002687470045091
T>G,TTT,0,5.36776559417331e-103,0,0.00134028541300311,0.00160951171631883,9.46034594203441e-250,0,6.7976441548335e-295,0,0.00463441054019577,2.72139588781741e-222,1.21882914728604e-245,0,6.6724018276493e-148,2.73024418489819e-223,8.39194039733333e-180,0.00111996641338469,3.7838372849733e-98,0,8.17532240939894e-224,0.605713345000422,0.00131170541345037,0,1.3310361798595e-86,0.0231621871220189,1.98186082472935e-258,3.97803591956788e-205,0,0.00722296858573512,1.6735500233642e-189,0,0,0.141877551142161,0.00877028252659551,0,0.111820377479287,3.8428584663546e-190,0.00911738502492343,0,1.54329902682737e-60,0.000573501452565158,0,1.27117862725205e-41,0,2.58840524218593e-35,3.37680841406544e-112
