Mutation type,Trinucleotide,hdp.1 (SBS1 0.999),hdp.2 (SBS13 1),hdp.3 (SBS5 0.998),hdp.4 (SBS17a 0.997),hdp.5 (SBS17b 0.998),hdp.6 (SBS40 0.998),hdp.7 (SBS2 0.999),hdp.8 (SBS7c 0.998),hdp.9 (SBS7d 0.999),hdp.10 (SBS28 0.987),hdp.11 (SBS44 0.996),hdp.12 (SBS9 0.995),hdp.13 (SBS18 0.995),hdp.14 (SBS4 0.996),hdp.15 (SBS34 0.989),hdp.16 (SBS41 0.989),hdp.17 (SBS8 0.989),hdp.18 (SBS12 0.997),hdp.19 (SBS36 0.997),hdp.20 (SBS26 0.989),hdp.21 (False Positive) (SBS7a 0.847),hdp.22 (SBS22 0.99),hdp.23 (SBS3 0.989),hdp.24 (SBS37 0.996),hdp.25 (False Positive) (SBS44 0.825),hdp.26 (SBS29 0.985),hdp.27 (SBS16 0.968),hdp.28 (False Positive) (SBS1 0.234),hdp.29 (False Positive) (SBS36 0.774)
C>A,ACA,0.00179255409427919,0.00175441399266693,0.0103757649111377,0.00366973091688203,0.000656232782618296,0.0299677226796239,0.000129537410413494,0.00414046756601756,0.00164844752110744,0.00739358578000787,0.000565285332494056,0.000239816067921742,0.0553110391023806,0.0362988209066046,0.00884669733893926,0.00220657218381035,0.0385629317998071,0.00260985618370301,0.0276257224846051,0.00114843865954487,6.59717826139515e-05,0.00319352502042426,0.0218296318023822,0.00288961245875561,0.00263949804914051,0.0531314955615174,0.00474378338161965,0.00156223529196209,0.0228422156114236
C>A,ACC,0.00327391159937189,0.00105333103313691,0.00907337233753407,0.00190987747605649,0.000443371314745526,0.0133861063042771,0.000439111438215782,0.0011489290975569,0.000843589342464254,0.00791757236558626,0.000705866279159819,0.00380380866232489,0.0154784209841638,0.0311485188185423,0.00888862871391689,0.00155510175719188,0.0415692495468017,0.0018542021518074,0.00781623169994003,0.000677467913632727,0.000150981559291483,0.00118871485413962,0.0174079022406599,0.000800005942144906,0.00142014065818663,0.0451338363757509,0.00531887078913831,0.0045025958179353,0.00761509560486338
C>A,ACG,0.00032452962343364,0.000280013121945285,0.00167861100766501,0.000441352889565231,9.05848993435929e-05,0.00280502440162339,6.42847741724232e-05,0.000414543719747894,0.000253322747153989,0.00115475072319183,9.77353644376245e-05,0.000183692460014925,0.00200923183217245,0.0179563363543808,0.000345781476650547,0.000491754831263287,0.00421479859253235,0.000187090203772184,0.00162170222406514,0.000272745041902999,5.61767107311137e-05,0.00119431116544495,0.0011343701545343,0.00143212605636527,0.000684747410792509,0.0177220692632482,0.000789104284712475,0.000751137145491112,0.00109321303200528
C>A,ACT,0.00188458152257657,0.000422104450850543,0.0056556380357855,0.00173039283924518,0.000443869734093512,0.0152404466509246,0.000296780407720683,0.00190238639179732,0.00557251098383183,0.0037733056995961,0.00590892585498664,0.00165416832303938,0.0220731631021152,0.0312337815986913,0.000892870121253286,0.000701522723311479,0.0457389745764443,0.00111418676375216,0.0189023138871926,0.000863987135390966,0.000160418106223249,0.0018076267806501,0.0109589273448327,0.00140013897098659,0.00132548085562338,0.0323930298418687,0.00439953811543094,0.00268622576667721,0.00542590951686172
C>A,CCA,0.00125810826193951,0.00140350840007876,0.00639014360448174,0.0013314576707341,0.000159303491778853,0.0225960333645061,0.000201028073793783,0.000328920792461714,0.0138237326746007,0.00306043025412765,0.000184218595523207,0.00471723062050886,0.074212413215033,0.0800781653591823,0.0084422546000562,0.00149192805841196,0.0381020089690624,0.00390607305869974,0.0488390481604961,0.00131320530270286,0.000489781254820605,0.00257155061736884,0.0239351537498162,0.00341042695854019,0.00247107560374486,0.0382257141597591,0.00666590541747444,0.00562273531014895,0.0225837204233157
C>A,CCC,0.00175211924628544,0.00106777639532247,0.00473024966451715,0.00235466066547743,0.000162541050500118,0.0152025790488841,0.000127127121648991,0.00349180450812396,0.0039063087151003,0.00850798351327585,0.0303697276938903,0.00148391120221558,0.0183963945152396,0.0915580513944389,0.0024826360378288,0.00178884341596381,0.032892901033977,0.00289906497054262,0.0176648420031486,0.00227217717469177,0.000195771645241233,0.00452291327633348,0.0300840614374136,0.001022406396864,0.00575115821898759,0.026371621230288,0.00363340040675513,0.00231410953957262,0.00545234621724709
C>A,CCG,0.00052686395055793,9.88655122889473e-05,0.00347068691443952,0.000285762676983827,6.00460957803065e-05,0.00209379618628551,6.22464655762394e-05,0.00173154957612217,0.000409522857977355,0.00172323327866364,0.00344376208774733,0.00144038984216472,0.012048421230142,0.0268338056213854,0.000909356221444345,0.000386342127643357,0.00336601727259294,0.00126751366383604,0.0079826537604287,0.000314917320512798,1.97731297941156e-05,0.000504871133265617,0.00164049506870405,0.000825602355220731,0.00229834920964817,0.0125955594936249,0.00355173543701298,0.000535452039608197,0.00173102210547862
C>A,CCT,0.000501513250590432,0.00016395882016294,0.00573099723826681,0.00153414357907889,0.000182366005122352,0.0153884747451887,0.000533163546241446,0.0135646320106027,0.00113675101960475,0.000966610154838127,0.0867969199348892,0.0023820978981231,0.0342554490139033,0.0677923144704201,0.00607294907352231,0.00231440793194711,0.0307593549867434,0.000475061627512671,0.0636652370796126,0.011065740854783,0.000354920551860244,0.000550516617006847,0.016077879275446,0.00206491221690744,0.0110983001717018,0.0415057639385541,0.00477584127104935,0.00221247970449486,0.00410119270783803
C>A,GCA,0.00211576321269975,0.00168233815534877,0.00958545056220404,0.00180369131891581,0.000646491501518009,0.0137737544342094,0.000196690981279714,0.00125513394468007,0.000633977625379642,0.00734857878174816,0.000671148083910964,0.00736844209621662,0.118288323522212,0.0309681282725964,0.00793657928292046,0.00283658429246197,0.0224580108287072,0.00216059177043757,0.0608594225552127,0.000693949909462889,5.5894784582645e-05,0.00224071200538019,0.00539792800411713,0.00361906807658612,0.00412082786480333,0.0820952655651552,0.00459492594434495,0.00149521917069633,0.0109581476050277
C>A,GCC,0.00127324420286903,0.00047554762851679,0.00729284442869395,0.00173835925930483,0.000186645476984971,0.0100667732987782,0.000115298687519714,0.000955415471244118,0.000797495090690326,0.0027340291361728,0.00488442031008721,0.00593395633612282,0.0173073100910521,0.0411064735674392,0.00153281116378977,0.00178505484212181,0.0247517530276292,0.000529744947831225,0.0225547264586121,0.000971082026041569,8.98174154131179e-05,0.00261668568835258,0.0107451831941995,0.00217073770337904,0.00410235336802054,0.0805822516888652,0.00449231536073378,0.00216053656942625,0.00545230562865899
C>A,GCG,0.000647443821933936,0.000235351575904314,0.00220736802149473,0.000369946877954095,0.00015532480515754,0.00250035350932518,9.09451369794892e-05,8.13031707082093e-05,0.000213031564008198,0.00192765375068631,0.000683150939755068,0.000378156595955369,0.00750438496505472,0.016222269848305,0.00095384736059212,0.001139046532804,0.00274334858610528,0.000240994527249137,0.00513099418559666,0.000311756494140563,3.33279262380426e-05,0.000650703349691272,0.000813378802977722,0.00106724227457719,0.000867110318961984,0.020602877259696,0.00147273244244173,0.00047261784465263,0.00309293159073536
C>A,GCT,0.000754359355698081,0.000716120375086562,0.00607317205862433,0.000987051051668116,0.000442924904372982,0.0107546214178421,9.95381464792873e-05,0.000400628751656025,0.00103634573674718,0.00647676438885689,0.0111984904219713,0.00801262230891821,0.0670181274812906,0.0196192977887349,0.00387246608868614,0.00110554486221748,0.0270653770886467,0.000660607385372811,0.0705857137758171,0.000915649509566561,2.66691497728876e-05,0.000836675883688089,0.00981611988935014,0.00100406904559921,0.00297574742501719,0.0754114938892734,0.0024309641133344,0.00116913421880458,0.00298332887332398
C>A,TCA,0.000453667737024085,0.069363041371595,0.00601422496391783,0.00159900493964952,0.000142300024074348,0.027044192157177,0.000389184028093941,0.00302572571012153,0.0126470817470554,0.0133223908776034,0.00132600657774779,0.0193492790451269,0.0724842680595228,0.0374020137511525,0.00513604491386592,0.00903540979760925,0.0229402090538756,0.00263454925460084,0.164865390718601,0.00100642234981789,0.0001847318428161,0.00160081846873147,0.00547008401964116,0.00137912057250239,0.00311781833544134,0.0394584041131856,0.00889240245394758,0.00346448526158295,0.00323489694239536
C>A,TCC,0.00366394768834586,0.0263155941544981,0.00773237044595072,0.000795674816155876,0.000116119572653101,0.0215568850446046,0.000668471555477134,0.0144433813595714,0.0100204309683979,0.00592150469236284,0.00188484875285345,0.00118111733011781,0.0439636714153778,0.0486700117505736,0.0041609271319552,0.00209427023073791,0.0244813236635004,0.00263406153483914,0.0719447370494782,0.000930699612967855,0.000319273384098949,0.00127599543567037,0.0177922268954833,0.00255490310463498,0.000645308082129465,0.0289487773768656,0.00327147926250301,0.0039853005591055,0.0638477702814714
C>A,TCG,0.000266444952519509,0.0109082444100191,0.00216339870509191,0.000288333789892596,0.000120372173211742,0.00283086937259896,6.29868577577854e-05,0.000106908241114622,0.000188487937498654,0.00133554525878011,0.000103279830842769,0.000308436045855966,0.0128002262030407,0.0108041177411986,0.000733555275044679,0.000897306773698977,0.00294399321493915,0.000588822261928783,0.0158049187398696,0.000168102647859288,2.81575070623511e-05,0.000174597621115615,0.000440994033196433,0.00154000026759886,0.000558931350651241,0.0163629924210771,0.00372717908405748,0.000940166231871688,0.0014019433626571
C>A,TCT,0.000956702671673351,0.0327962436564062,0.0110902328931568,0.000891594253474635,0.00207858464480127,0.0264661684012901,0.000654820686134726,0.00389269320973335,0.00175244034026227,0.00608672198828581,0.0148550137919907,0.0274165343135763,0.120768553713346,0.0427933715729779,0.00121070750571307,0.0048053798323516,0.0298207148580579,0.00210047353592268,0.213536481432634,0.00101342186653134,0.00062462599969709,0.00320690512628131,0.00869772282517317,0.00100860490536034,0.00363575389799363,0.0331707706504147,0.00490112885999853,0.00498363768680988,0.314453538047019
C>G,ACA,0.00249397339810762,0.00382729571379195,0.0100741367647542,0.00195014481176875,0.000242873247151577,0.0120336008211892,0.000236501779677565,0.00108301267041182,0.00154862152881345,0.00362024357838561,0.00424076607744351,0.00273991480596251,0.000458659696449077,0.00720649840382687,0.00278487105020389,0.0055024979535541,0.00344326221112736,0.00229706975912426,0.00111404063083045,0.000478678592390943,6.54664432912244e-05,0.00256207152330117,0.0225894420636567,0.0377593969039924,0.00219540633599988,0.00432858552949453,0.00418406735202099,0.00206734580147084,0.0136104359537718
C>G,ACC,0.0014725454348482,0.00115837240215205,0.00567126655632367,0.000646353605519427,8.59032247375553e-05,0.00913158212788037,0.000177471113877799,0.000264812546609887,0.00274804772220054,0.00312776736689294,0.000591380011116699,0.000904592304534727,0.00210384002448211,0.00264272116256239,0.00490691554725488,0.00352812735784819,0.00344964122549155,0.000543943012005107,0.00184688724582577,0.00077325237738509,3.1790630824694e-05,0.000878857852289209,0.0123098490416387,0.00853447306955094,0.00157060291513483,0.00172842204438081,0.00258967298708609,0.00148076294341544,0.0029965742825754
C>G,ACG,0.00036762945172283,0.000275140522702001,0.00161243020517649,0.000250909992218619,3.91194176949595e-05,0.00226838363320688,0.000104107169074322,0.000103643575523837,0.000811845235879343,0.000437321649959476,0.000121921684725372,0.00110949097910452,0.00170824833333921,0.00120175769661399,0.00118294625382018,0.00107010270258993,0.000719867566375987,0.000262352588480172,0.000505117379937849,0.000174843205303693,4.1963377359254e-05,0.000246620507002836,1.51459988982972e-05,0.00514727342261282,0.00021605010413458,0.000378505847230167,0.00172306027870166,0.000529103935640936,0.00182181877706828
C>G,ACT,0.00216092876455235,0.00440182356493832,0.00951931913047007,0.00070409644909625,0.000427037896007965,0.0151363126258306,0.000344963882041413,0.00173319720009129,0.00318636741898319,0.00183823291209204,0.00409427509515908,0.00593583148819159,0.00283434344419199,0.00273538268194723,0.00350331152729152,0.00813348281190784,0.00684175118960809,0.000366869127042614,0.0016533547964545,0.00152691524771141,8.07096050091889e-05,0.00179918674112446,0.0186060340677024,0.0181589857460101,0.00352446028111092,0.00623670764317087,0.0104740798390334,0.00130650598522408,0.00803258982210577
C>G,CCA,0.0010128868426659,0.00507172381348477,0.00651554710548721,0.00099400998234345,0.000214842143020853,0.00737378969182531,9.46685068177698e-05,0.000335362199394352,0.00213976722296143,0.00351339302229823,0.000630761389845233,0.000496968237139031,0.000109581388089355,0.00947752547393469,0.000921515101252538,0.00101362317764465,0.00509266389321698,0.00149632874481388,0.00201068635527533,0.000419757742232842,3.24310819242344e-05,0.00124460505108475,0.0218384278928222,0.00042951556790115,0.00166607478349074,0.00086363805556217,0.0058598853777825,0.00123099062523439,0.00400344185815314
C>G,CCC,0.00101824077352607,0.00121914890088478,0.00925846567560143,0.00053991597902843,0.000140054969967768,0.00943429663737198,0.000220132868193988,0.0018713758914783,0.000820859810088024,0.00126519672885632,0.000684776417150925,0.00128894832597749,0.00169273444863946,0.00712623746220582,0.00345796713342036,0.00102484515924166,0.00472230865059219,0.00108680220231755,0.00103919056459257,0.000682152029822907,0.00011107677475218,0.00099601580916017,0.0149763483425873,0.000737524052387022,0.00182540209200871,0.00865245090533741,0.00333050945596736,0.00232355648102153,0.00694453154078975
C>G,CCG,0.000595240427804159,0.000407215788703458,0.00254431231773719,0.000353390200408031,6.64215293532386e-05,0.00119349602708749,9.53027463853351e-05,0.000341195782171328,0.00153246237098729,0.000950521886806523,0.000136681541721485,0.000149162356614777,0.00377460147617581,0.00329951781415361,0.00102433229542007,0.000644601711441518,0.000168184936155797,0.000343160527515617,0.000197095332208634,0.000175460137679961,3.58312176619936e-05,0.000640622697730849,0.000725356184365407,0.00049637312906429,0.000811497346595324,0.00198275101700383,0.00225364428947157,0.00122009956534743,0.00266093371801032
C>G,CCT,0.000967494001295649,0.00607159538748773,0.00896110720724262,0.000753829349072022,0.000168701513641223,0.0146081270933119,0.000205427609021957,0.00443664613273563,0.000473036478628035,0.00257800122533652,0.000551578662994054,0.00298240846844308,0.00261727716279645,0.00657047190909266,0.0041588549419127,0.00709985924986156,0.00366665985918116,0.00237799962810013,0.00150406803712561,0.000762810225683079,6.53994193389469e-05,0.000771671173216353,0.0247855411140775,0.000696878364824917,0.0020057077668368,0.00743819819948375,0.0071744579242554,0.00196744589993866,0.0165097329201902
C>G,GCA,0.000588740632464244,0.00161783986111263,0.00455949149184002,0.000759053786023321,0.000124502552678095,0.00517676857626825,7.50445458517095e-05,0.000168195265413757,0.000407612215416778,0.000532464181154884,0.000568451423004058,0.000911683332788852,0.000256913817933859,0.00605916478166122,0.00108872255365243,0.00284297045216311,0.00134372556062646,0.000571381764524352,0.000840318712074152,0.000308397640091995,3.70812675655816e-05,0.00266756290285808,0.0145632951166901,0.00108313464567335,0.00148529540361693,0.00133147212854654,0.00291509012513967,0.000601821316156908,0.00197535187633805
C>G,GCC,0.00088970876531602,0.000709145246309533,0.00469430656555851,0.000420408394252603,0.00025480844019926,0.00517393662457731,0.00017321252077575,0.000505843495280345,0.000443340215000339,0.00200375134973086,0.00129430650451775,0.00179916243671971,0.00081604447086501,0.00596936656876824,0.00130084777256178,0.00260240114676537,0.00159438118154723,0.000981000883456931,0.00124038518050773,0.000557699251696825,2.92394651491162e-05,0.00124741232125095,0.00961274191133414,0.00152066806233442,0.00238722981065373,0.0036530101275876,0.00434438093006103,0.000628838365268759,0.00778149528656226
C>G,GCG,0.000347345895465172,0.000219420159757565,0.0013418800565305,0.000183477518739218,5.12808497858143e-05,0.00100192525175505,8.81512715426193e-05,0.00014416518590126,0.000879002289285166,0.000417282037595663,6.98585358990426e-05,0.000276694987360486,0.000522658004750065,0.00333472753617079,0.00067663099564191,0.00029113495897991,0.00109351442846554,0.0003826138950904,0.000199860995405589,8.7490150693654e-05,4.07143913279244e-05,0.000192826648168822,0.0026172549894265,0.000676711493916691,0.00042071775274218,0.000336317768710793,0.00162845511836359,0.000666370401757661,0.00186622269245455
C>G,GCT,0.000969838379239456,0.0027082171538061,0.00630618992518878,0.00147306876661027,9.67895701138238e-05,0.00676006275565403,0.000210406077413774,0.00144822706371535,0.000824035745195367,0.00114363585622502,0.00195427426331504,0.0085370379799792,0.000515332199970433,0.00286054496697296,0.00377705392658225,0.00566338400261656,0.00508448289739398,0.00139417855028042,0.00106045467611222,0.000454671544860135,3.81249262510452e-05,0.000932214214473946,0.0170575234280523,0.00176424710389359,0.00076994664687139,0.00404191122650144,0.00410023060203896,0.00092390485654323,0.00472543166335511
C>G,TCA,0.000863709583956362,0.304691441346701,0.00734622511953365,0.00325743079719438,0.000289491492289016,0.0126278135749529,0.000150865165435883,0.00288576941978872,0.00379013554962179,0.00432915855401531,0.00134886118161483,0.00153869461971366,0.000674010262349915,0.0026513737168675,0.00179847811659135,0.0169845050820689,0.00081089165646545,0.00201811211912776,0.0027621741307512,0.00099280413884546,5.34425590270958e-05,0.00523603281465493,0.0135691838215257,0.00296936096708375,0.00263832055374117,0.002091607855337,0.00578195466350835,0.00245057873196834,0.0102465214193218
C>G,TCC,0.000648156509404529,0.0576350036008279,0.0072471394031136,0.00115951389046651,7.67028369818651e-05,0.0143760673821927,0.000236023646895265,0.00415745606002862,0.000947109582475107,0.00239842950762472,0.000645301470111786,0.000601645188211423,0.0038555775932624,0.00577395596701021,0.0059139084877605,0.012177102623574,0.00278295613856997,0.000777583357477155,0.00253117235828096,0.00110392813106453,5.12392795800059e-05,0.00122936558446827,0.02294347774589,0.00163307813332914,0.00263788745198509,0.00472848895187672,0.00637015117786381,0.00205096408293921,0.0105048677826066
C>G,TCG,0.000303546648961598,0.0138449926848957,0.00155994453275435,0.000271844815633158,7.91238547886903e-05,0.00169731413798752,4.66072418089331e-05,0.000101713064840762,0.00089534946246968,0.00115152941938289,0.000150479603524869,0.000211340504559399,0.000351956681728275,0.0015127329142545,0.000349743016437678,0.00248372330112957,0.000201773870548055,0.000152895629368675,0.000188281626184173,0.000125496231651374,2.34988104429369e-05,0.000389116811477754,5.37427935981006e-05,0.000561030208075653,0.000488119213532145,0.000756288665143753,0.00151408072511978,0.000421562240707406,0.00342100914838364
C>G,TCT,0.00244697540477657,0.365575076577312,0.0112158610410093,0.00106647667877839,0.00165496980619364,0.0259344522242864,0.00106974895321592,0.0116242394065061,0.00241310598353593,0.00206126941745814,0.00324090163834152,0.00462929351138176,0.00123140841369244,0.00142231170850372,0.00607014552228834,0.0421353786183652,0.000971436191235883,0.00338251718432599,0.00728563773927151,0.00139866186148956,0.00015327845949731,0.00269151584440599,0.0255102728958199,0.00395029544170797,0.000891932463357325,0.00516680160144446,0.0147324763697641,0.00440176325657854,0.0133558237405926
C>T,ACA,0.0266767686512949,0.00865001520063727,0.0352787813528682,0.00263510863446112,0.000818404569392776,0.0185917658598169,0.000462060027688616,0.00179161712931655,0.00541759141004374,0.010073920435694,0.0923939760826081,0.00543675683951617,0.00791479966061063,0.00817567284584798,0.0116931550961415,0.00753484707632163,0.00848250336069542,0.00477267656249612,0.00531056544904309,0.00352631691470382,0.000142579096194855,0.00537707079696559,0.0105938835411614,0.00838789229295796,0.0783377132327434,0.00539633612533378,0.0202544025786078,0.00460127724453537,0.00741514269033149
C>T,ACC,0.0078108800371683,0.000537234409307423,0.0181952005835739,0.00220435130925285,0.000207829599498756,0.0121994751326887,0.00148059257475578,0.00691622463642501,0.00304410077066276,0.00861202341334863,0.0159875950876533,0.00435360714965114,0.00401301966904194,0.00298647788409748,0.00479958829240662,0.00382733228712568,0.00474877375161728,0.00380696885471503,0.00168654275481796,0.00160224192920878,0.0212689703610444,0.00151610818001522,0.0127114409701631,0.00355463020269332,0.0286842751674652,0.00430389339623015,0.00731666126818405,0.0201785917203696,0.0155632611637119
C>T,ACG,0.329333583003663,0.00446858350305166,0.00574592009408453,0.00972693924945887,0.000539505571768781,0.000572797207114585,0.000112089132014651,0.000953595821570566,0.00201597689472147,0.00529846985878954,0.00636779355422183,0.0109146695054927,0.0254059793236281,0.000988298197645312,0.00654784627385034,0.0215214403299415,0.00334788933911729,0.000219735816339929,0.00596649021095726,0.00689702977450459,4.95636807730688e-05,0.0032784722864922,0.0107782414408262,0.00971874558454497,0.00446159774025911,0.0140734518798104,0.00636013685786883,0.00156234059226486,0.00926452111872269
C>T,ACT,0.0107077183267611,0.00130384361573897,0.0229375399363925,0.00129027472866937,0.000248290848760119,0.01647809443179,0.00201180612423957,0.00724800487837374,0.0367331449338139,0.0138892034653783,0.0322853081967594,0.00353543065702278,0.00698375542723351,0.00374741947997668,0.010629451189914,0.00704732230582502,0.0115594467676657,0.0036544570788625,0.00454687332351661,0.00198548641450548,0.00929093154414588,0.00215638452623205,0.0108992254994569,0.0076540188488917,0.0302750037798279,0.00480907943655035,0.0123830807026057,0.0151294271594332,0.00542891307238145
C>T,CCA,0.00364992850514054,0.000477683461052653,0.018792990205364,0.00277382460884253,0.000274733945507348,0.0198789432442864,0.00356800612131279,0.00218433652136211,0.0257493842471606,0.00788796009686105,0.00425769758964855,0.00728433330646916,0.0112554373184132,0.0132331814339919,0.0103496445874107,0.00865626493355191,0.00481196323477296,0.00739643727533124,0.00411217209070551,0.000802469076093269,0.0606270256274082,0.00268057842817407,0.0158164941727395,0.0019011238385069,0.026653975341541,0.0107320810297318,0.0150783444384098,0.00587662938303861,0.0179457436377963
C>T,CCC,0.00277563347905338,0.001358954903778,0.0196115345138098,0.00262199837660092,0.000138156642364135,0.0164849521950522,0.000204438338022759,0.00341126971889555,0.00182338310831604,0.00801192097771261,0.00319875020241763,0.00709489836738478,0.00480482943767467,0.0113617869457372,0.00308960487998317,0.00258323240052417,0.00344481191518193,0.0029829030943938,0.00844636000904559,0.00366558368630942,0.0678419966369849,0.00438285966148369,0.0205211858200594,0.0022923375274214,0.0218303180676288,0.00610987056636121,0.0142217641481891,0.0107760719563301,0.0126816743512364
C>T,CCG,0.174409145756939,0.00418506542515009,0.0195100141648799,0.00523887064721445,0.0017739021976019,0.00242529271249971,0.00136792004938362,0.00858894524442471,0.00208854574155021,0.00376272011200866,0.0136640045263736,0.0121193530112386,0.0243757018873261,0.00294358756611169,0.0124934166065249,0.00954893096097289,0.00962606482087704,0.000870880083558679,0.0047965113353585,0.00582947018784349,0.00802723003173848,0.00190456874651905,0.0038737418399078,0.00429638660006192,0.0528606107067708,0.00903455143605662,0.00580802205910973,0.00405701006529491,0.00906056346349782
C>T,CCT,0.00318586965638304,0.00201216072739582,0.0216905560218108,0.00321611083657339,0.000123809099672201,0.0219557507292541,0.000701060407969205,0.0181369949557553,0.00214977777041977,0.00315889446970395,0.00722314500160544,0.00942200387861135,0.004479125323364,0.0151044472971502,0.00993578557318742,0.00577490565321748,0.016022882761885,0.00506204114870405,0.00545462106962044,0.000819956443203275,0.0659434655260504,0.0043368860552555,0.0238075553796784,0.00650419526137719,0.0206793907541356,0.00391832778161639,0.0259870457652252,0.0126534860973966,0.00860856894636666
C>T,GCA,0.00615517349433712,0.00744921921418661,0.0192875543035695,0.00282225825050829,0.000101323885956109,0.0141461093372787,0.000237742605610734,0.000364648619875619,0.00131684432542767,0.0044367939036652,0.0867058366245334,0.00564221555207382,0.00915672500388541,0.00336613778469075,0.00493044099891384,0.00196954504094781,0.00219328773919802,0.00700215423334984,0.00267410104492218,0.0024223126191484,8.39788844591683e-05,0.00476913274474114,0.0165966386620719,0.00286364508317144,0.12386794137356,0.0146754965644273,0.00659870088449611,0.00214914909382621,0.0101961915700723
C>T,GCC,0.00208748043515053,0.00136798519781909,0.0240555059745292,0.00116853777138393,0.000140419032795862,0.0106943952165594,0.000398326533477874,0.000520652997035263,0.00155685863410785,0.00777546085222485,0.079171988255532,0.00498967099091687,0.00741563865343884,0.00328535786876805,0.00354652278435422,0.0115206423679929,0.00114746575334238,0.00350100599087634,0.00279594277996384,0.00802536100845259,0.0136716255759802,0.00452586637871609,0.0126409082804508,0.00399875663484362,0.143027686341049,0.0119320914222551,0.0157379140972596,0.0196689232120407,0.00788791856457214
C>T,GCG,0.195310150040809,0.00238580634989718,0.0134593091702634,0.00514141821404852,0.00215103401440823,0.000176342883015436,0.000117654561919067,0.000333362878429503,0.000416611545136944,0.00641081435308582,0.0397164729608973,0.00860109406625124,0.0259737035731694,0.0002460721125194,0.00974944083627739,0.0192459859187437,0.00100860506212631,0.000899621680070978,0.00476687641761461,0.00692920165545958,3.42896667596115e-05,0.000953250511693347,0.00251274741551586,0.00274486963277216,0.0748482529872957,0.0164400291484494,0.0186624394009969,0.00151870113821504,0.0102455472932073
C>T,GCT,0.00187956531568895,0.00166691294483422,0.0193052036543496,0.00202025801300194,9.84971981408362e-05,0.0125163298432544,0.000293430802128267,0.00197489713761231,0.0373711775931386,0.00472340781310174,0.0593072988256624,0.010343843124165,0.00630372867542998,0.00310727474520221,0.00375316279432755,0.00984581551711138,0.0040488601265952,0.00336903940998535,0.00244357169890552,0.0103846094291381,0.0237660455793898,0.00265148490099715,0.0099639375296986,0.00268297791064119,0.0900537112496246,0.0110198330556685,0.00695530719988344,0.0571075132036802,0.0119730246619914
C>T,TCA,0.00268518338008281,0.00672018393487852,0.0199510288392654,0.00116704668709514,0.000222916536458224,0.0317921009043098,0.511876553822825,0.00755246361566516,0.00187755185750688,0.00896257062161071,0.00228777130637582,0.00219769215589479,0.00997420512752018,0.00173242681571758,0.00569983297234056,0.00937528285964593,0.00843309302909479,0.00302417863718937,0.0104751708083679,0.00268162986130621,0.0257624923013682,0.00270325533782826,0.000907278187750671,0.00365285938870994,0.0148513163701542,0.0109278446277118,0.00742306040176921,0.0080089304284209,0.0171690404158295
C>T,TCC,0.00324817309469067,0.00557664617000345,0.0225165600728184,0.00144666126086013,0.00075993174511959,0.0222636627738215,0.0940086701976148,0.00345594670573337,0.00456214185551463,0.0135153770899304,0.00263010946678514,0.0059513370175567,0.0112765851463209,0.00483246500115324,0.0022588395132389,0.00393630768755638,0.005505053356671,0.00680629410571453,0.00610241615964605,0.00257161025420516,0.536189641545201,0.00648583313844984,0.0114041264150739,0.00205983677531599,0.0121371488713795,0.00728475910064894,0.02801211018445,0.00752915216317961,0.00473169583545257
C>T,TCG,0.0936168681746972,0.00289392505455252,0.017908548629285,0.00432019185512343,0.000367318589956686,0.00139720742251714,0.0370807074889746,0.000798975295633245,0.00145423273742323,0.00632160340114199,0.00189792220425145,0.00655603037272688,0.0179734105692495,0.000101590338027256,0.00405171052736231,0.0025583037899866,0.00943131867801835,0.00178105773532382,0.00218964248011034,0.00244309790871425,0.07607594875112,0.00121345164385082,0.000884062147974114,0.00306155358137365,0.0287361526371857,0.0157856125855994,0.00565661278005317,0.634697108643226,0.00692375018368027
C>T,TCT,0.00195979166677056,0.0028511403176976,0.0218883537041597,0.00146776050654219,0.000438292638293614,0.0229479714368334,0.322428880993424,0.00111961209472818,0.0454362945681133,0.00894634547098099,0.00419611005720553,0.0027777104044958,0.00153283100140357,0.00550706560303256,0.00156392448781024,0.00805285497889651,0.00299742797179779,0.00628310853708577,0.00667600092758966,0.00138479992414626,0.0644862637356733,0.00295213624418569,0.00560422228120595,0.00730335810691222,0.0158916809259781,0.00580609593792785,0.0166276261015842,0.00842455072347175,0.0100746693372875
T>A,ATA,0.00157893619093129,0.00031554298480538,0.00775664915889099,0.00061563726917046,0.00023371793384127,0.00563969585795647,0.000426483737345945,0.0109815399063662,0.00125655237334988,0.00141573108475499,0.00540168116316151,0.0138639326410827,0.00226189170051466,0.0101848885655639,0.0785285061585031,0.00570367225127777,0.0175485123441737,0.00568395384168694,0.00233253671898932,0.000437854425270025,0.00254122804481235,0.0570067248521412,0.00499623079840623,0.00254202058843608,0.00187863300471692,0.0028489401382679,0.0155512978474255,0.00386706336199016,0.00371266521297285
T>A,ATC,0.0023714549312035,0.000251880225889053,0.00726394191657388,0.00155870214031093,0.000268721707946253,0.00393222069363551,0.000964224334531382,0.00320958296022551,0.000489398896301064,0.00189955631604688,0.00286441322056864,0.00241246811736474,0.000241725053369044,0.00349824582491745,0.0339085255474978,0.00458807586117056,0.0165605459763556,0.00232087093508751,0.00110254984156908,0.0043881485950024,0.000632130554607651,0.00780185951752906,0.0071410852707625,0.00164068286475021,0.00152497835201777,0.00189011459107471,0.00748811728539922,0.00336380312923016,0.00748950098373885
T>A,ATG,0.00205382617707971,0.000699686453641182,0.00947893167222261,0.000709533667805516,0.000159853920102281,0.00666099602637612,0.000248124152850291,0.000455493482989682,0.00320818736354468,0.00188985590259391,0.000460928378075719,0.00301910906732848,0.00190695504537567,0.0144879214854964,0.0304343770477161,0.00399214038282132,0.0218162771783854,0.00293217120732975,0.00251844637068785,0.000916395921577354,0.000607707239172189,0.0509821407852186,0.00956814613213081,0.00135313633498602,0.00132887799752263,0.00219790680693699,0.00306084674284966,0.00293329036278692,0.00602281882305515
T>A,ATT,0.00127172722725594,0.000779901544677088,0.00557706081183386,0.00221010447663303,0.000637933424609027,0.0115460312399728,0.000201910300140227,0.058459330757163,0.0373206980101684,0.00253815013827241,0.0277934504698041,0.0178484162453089,0.00657042701916394,0.00331165666780839,0.204858627424588,0.0709818775983046,0.0205052635878412,0.00165338353992815,0.0034278426882703,0.0033725408075823,0.00434562241896478,0.00277205168592706,0.00555875584756989,0.00210303704560602,0.00178395966772379,0.000830017192341152,0.00778848052529669,0.0116737419945821,0.00402131436644847
T>A,CTA,0.000483871988480505,0.000250317945056342,0.00366609100743603,0.000510116861014942,0.00018660300298836,0.000400150883944644,0.000451655287440963,0.00407714299281926,0.00175919364867452,0.000422291940686617,0.000521902276481746,0.00426930889431575,0.000261358598909056,0.0172518969671147,0.0184577280697309,0.00325862525817745,0.0145405127478175,0.000485942745714633,0.0010794747619774,0.000817907618398139,7.99159563044429e-05,0.100087749067526,0.00883781711330908,0.00200318911409845,0.000768295446426335,0.000899032386918198,0.00431693807364106,0.00105103240779281,0.00438985874643688
T>A,CTC,0.000829293413754814,0.000658421813816291,0.00464914580793479,0.0359988449883781,0.00191450326181181,0.00797500484750095,0.000358180328501396,0.0143881611084486,0.000347066188530398,0.001620005548673,0.00312713345268211,0.0026433012874117,0.00238846238261178,0.0148260075180027,0.002496166219871,0.00487776315372304,0.0260625023275594,0.00526668474797365,0.00213338436326409,0.000659744436600941,0.000139081084209326,0.0444588287671474,0.0202814000867721,0.00197207884919404,0.00107911362856319,0.00183562137211088,0.00238811368265711,0.00182873531538388,0.00366445949983414
T>A,CTG,0.0010785255727278,0.000297427631786375,0.00538102164041655,0.0112515431130556,0.000430682858370192,0.00281939821668308,0.000106847512184815,0.00103840067106233,0.000992949759440447,0.00208943073064335,0.00111443992344128,0.00470506581526033,0.00295623433999898,0.0359852821348706,0.0021789078296878,0.00468518245032389,0.0281732352895244,0.00164715608111906,0.00244836485896572,0.00162772656786299,8.34267347570729e-05,0.168145876257755,0.0147090435157877,0.00221745368653225,0.00164657167003726,0.00139856379230022,0.00270726282162949,0.00092373938463887,0.0046803242124417
T>A,CTT,0.000682414304612611,0.000572053808122324,0.00338565144062148,0.0620112907771677,0.00717295133778739,0.010312874134571,0.000212789605015088,0.0485074296793134,0.00125938276671755,0.00279836395728613,0.000247890742886211,0.00424887168714718,0.00171227876283809,0.0127399534027067,0.00253434936874235,0.00975053647848345,0.0440508663326194,0.000962282379639902,0.00219407639922147,0.000420016701501893,0.000283101727314276,0.0445869788273314,0.0141050229190492,0.00112985062882656,0.00138045770978579,0.00243992381808427,0.00401988076588651,0.00368842891978346,0.00521608004589108
T>A,GTA,0.00058838022234398,0.000200439668750195,0.00362447899585519,0.000202187805593191,0.000100301042772416,0.0021667819665233,0.00012290421009786,0.00169906347753845,0.000435626503811625,0.000884526223502746,0.00142175307158325,0.00318244512167557,0.00135486218319157,0.0104145235092534,0.0142339952954582,0.00143608509600924,0.0124560286491026,0.00106025082880917,0.000917963968162335,0.000542504435762827,0.000412209009101357,0.0635868385185102,0.00754973500606795,0.0010299268186241,0.0023385193975246,0.00400600531779877,0.00324752331991262,0.0021784677066987,0.00326728663570272
T>A,GTC,0.000612841454104935,0.000160317691931323,0.00256040242508885,0.00265684944938311,0.000505542843988896,0.00322051171060144,0.000161054032300483,0.00236437097803425,0.000429284796589284,0.00152146832904438,0.00249398498291284,0.00236249378228969,0.00151019009461538,0.00309569960501302,0.00416351736950833,0.00206387950289969,0.0127673029262978,0.00197067234045516,0.000593111728024603,0.000963503659197294,0.00017453888270863,0.00852256233110465,0.00789388007814704,0.00112096439055847,0.00140310081097086,0.000781424165441877,0.000918494125225862,0.00145843927922725,0.00253201083266122
T>A,GTG,0.00116670234848135,0.000115518493481596,0.00387069808666454,0.000623284516593158,0.000236399863341563,0.00414532457481677,0.000106149045825597,0.000183582008976882,0.0010519357670021,0.00273393788110739,0.00213977017507836,0.000604194614872533,0.00142225216594371,0.0137625687760487,0.0043612591516521,0.00157412676350412,0.0166637034082677,0.00264547553204,0.00126393760766187,0.000423032815341423,0.000296972493818939,0.0391193279949385,0.0131498756786546,0.0016265188417043,0.000725946215339628,0.00185582526678742,0.00553035995544183,0.00146931529621381,0.00268521922322615
T>A,GTT,0.000274593559953553,0.00033984973595156,0.00286474715262863,0.0045267255669248,0.00147346021553357,0.00594038822026283,0.000119684842166295,0.0197400489762532,0.00949953695882434,0.00110744409728381,0.00376067360375158,0.00287451338863453,0.00351036362041958,0.00581579267768532,0.00473038323966374,0.00434028875791124,0.0313003578735177,0.000682231886103292,0.00145281960913079,0.00134479833352703,0.000284977334105787,0.00941706068860551,0.0150319274365351,0.00277567638289701,0.000637079148763943,0.00155385139061422,0.00150129135259607,0.00110268972775389,0.00301707151956814
T>A,TTA,0.00569735547640321,0.00070786937129504,0.00601861519382516,0.000867667589584437,0.00123125961779771,0.0066721209521809,0.000369128320361774,0.0147113094828283,0.0168961729494133,0.00168822783557275,0.00695506961571525,0.0272602168447585,0.0117682887103975,0.0098944978372501,0.215234326754445,0.0813362655183681,0.0126306887053003,0.0034809598054858,0.00291893113337719,0.000754965283120664,0.000130613724904937,0.066735337842113,0.00620873659164644,0.00254720563258681,0.00140978681933034,0.00174647049317018,0.00528000195556745,0.00378841907871802,0.00501273121948778
T>A,TTC,0.000464945748720896,0.000362292999112535,0.00333710234233809,0.00515684005555209,0.000322710491720081,0.0114947403975353,0.0001957846698864,0.0377666531260775,0.00146198710058132,0.00265468285679969,0.000187848175571787,0.00126320050982961,0.00223891772228389,0.0046031801414215,0.00214017615992285,0.0140105567532058,0.0176563188882495,0.0062946083368373,0.000913190492537697,0.000306821035130422,0.000324879990900573,0.022289633974444,0.011610738338846,0.00147562984143486,0.000669006868844973,0.00200751818161237,0.00215563064070147,0.00147614477299376,0.00115535416039319
T>A,TTG,0.00077153405363807,0.000333308286268785,0.0048788044804296,0.00168743187991502,7.55647072359426e-05,0.00492901739843747,0.000157278924213372,0.0125521422334213,0.00534985506607434,0.000840258391272847,0.000357172001651032,0.0189377486431095,0.00130765703664302,0.00896759631275246,0.0107808734299313,0.00920241506079049,0.0140979461015332,0.00288094708458027,0.000706080703735106,0.000323912346887762,3.36779402110472e-05,0.0606101113168297,0.00653651832172879,0.00108012479077609,0.000759714617883998,0.00151704510578147,0.00246129061129509,0.000927364723634391,0.00307066198539539
T>A,TTT,0.00290457383792226,0.000313757943891832,0.00735659634868021,0.00243720870368757,0.00141606744431706,0.0225441530067397,0.000310460714342598,0.281048420518471,0.0278062265340953,0.00502165674337793,0.0154675707054053,0.0137225439460904,0.00552156472645283,0.00524830434514198,0.0388933615350272,0.0578256801814507,0.0368175325588017,0.00386930892369987,0.00156839185144483,0.000393031622377003,0.000648356734292352,0.0274062848909274,0.013636388179039,0.00147753523977318,0.00200790034447696,0.00315907878889343,0.00795021179321554,0.00667704707022817,0.00781116554446662
T>C,ATA,0.00687218717049507,0.00366469417598202,0.0504828627039489,0.00129530411567586,0.000208143386983923,0.0163549759928941,0.000847272699165397,0.00125301993991226,0.00662860849619859,0.0165875336199631,0.0245902895007447,0.0188478583666715,0.000248314920451929,0.00737995214240449,0.00607560025784139,0.00863100777460528,0.00873452848752488,0.0815667496980207,0.00273088572041981,0.0676274339895877,0.000541987594283471,0.0327856707743288,0.0116885883980576,0.0650261276904045,0.0195949716290604,0.0147469332251118,0.188796819751193,0.00465988438447957,0.01903963314627
T>C,ATC,0.00429921846584965,0.000495271886571473,0.0141366386465804,0.010596413872003,0.000330862031804357,0.006430055169359,0.000270209248790912,0.000588981606835834,0.00405932780932015,0.00173273293097272,0.00393624474656912,0.0114419215878554,0.00159037284789443,0.000369023164367623,0.000966280500847114,0.0076797985275446,0.00512269691753052,0.0383799121850183,0.000617973170143851,0.0214638390152589,0.000195132258013951,0.00308447898059197,0.00638375749394778,0.0357312689921739,0.00298030852788591,0.00608370509033852,0.0199729881213032,0.00276201189887404,0.0121765493722765
T>C,ATG,0.00453831847760557,0.00166185310871236,0.0417903839531717,0.00233829903787617,0.000102739396904389,0.0137157680902936,0.000878265694292666,0.000895539057721329,0.0102949435545881,0.00503811915717771,0.0293997550660157,0.0112886272096685,0.000468151790823458,0.00378964989529442,0.00909246517265625,0.00402486175093632,0.00961912118565575,0.0632255987249488,0.00298743296914519,0.0917996366024577,0.000118466431458837,0.0104185269768546,0.00784548887485994,0.014051764732306,0.0162206217097209,0.0136557660288591,0.0577754896598285,0.00212520079639522,0.0213564432848014
T>C,ATT,0.0107895853571669,0.002719843601879,0.0400995508087554,0.00827987176887898,0.000685035353218077,0.0183812618207548,0.00102449761034186,0.00369924074811548,0.0466092105959724,0.00751253675776848,0.00298603679230441,0.0291383112026614,0.00248796416303943,0.000504813237786213,0.0096399499712377,0.0150518498671761,0.0178860835374578,0.0624251151182904,0.00523050392848924,0.030317580259608,0.000475459406478391,0.00438878409527598,0.0145482023614263,0.0446018256633195,0.0104311069164605,0.0081513643048216,0.0965544235942012,0.00567323432677951,0.0223077044946761
T>C,CTA,0.00123615920000733,0.000518431534311351,0.0136494974115779,0.0113864822112331,0.000564646710497445,0.00984300892585181,0.000663843658323085,0.00908062529004012,0.0100131085324144,0.00274687784938238,0.0151645203554139,0.0128086678277471,0.000106705665156684,0.00505926571880745,0.00175407839759251,0.0115499242449506,0.00529822192482854,0.043327987224777,0.000686061632764975,0.0510026982870355,0.000279724996766201,0.00899024624918172,0.00703232244137902,0.0517180584776699,0.00665261892097868,0.00304256875345455,0.00788093803628644,0.00219719611769216,0.00295395626506572
T>C,CTC,0.00342039263082782,0.000666175492776178,0.00978396104721384,0.150936140356303,0.00571056816720671,0.00994532196538938,0.000311425008256153,0.00419241932875616,0.000798074381253905,0.0067545356824553,0.00360937799751795,0.0160550575853489,0.00203567699793086,0.00169751125370328,0.00395599363142864,0.00711279584346837,0.00813956226266403,0.0489288932292636,0.000959754024867928,0.0331619584050635,0.000136802269831891,0.00259809208075831,0.0151367853293593,0.0230152222188939,0.00529418172860358,0.00504559187544781,0.00574936589446446,0.00182395167305784,0.0102016304408783
T>C,CTG,0.00299012800939213,0.000601623173669932,0.0219270934878281,0.0662429154495033,0.00426598940255235,0.00931276728937713,0.000482285222787643,0.00219338889620869,0.0021089072967104,0.00711938255946696,0.0310316843232898,0.0143298731019397,0.000926783215956454,0.00567939303315811,0.00529545118022346,0.00549514668290134,0.0050779717377228,0.0360301732075543,0.00192147157218352,0.0793670249446857,9.77464553547698e-05,0.00348145250272966,0.00825877504165812,0.00731940223539816,0.0106261786542849,0.00397417156477534,0.0226386010241102,0.00238026821551578,0.00451791574190642
T>C,CTT,0.00199713520610807,0.000862339796121079,0.014999729453222,0.435850408111624,0.0169197497235526,0.0125746005213956,0.000315186735761671,0.0442762051744307,0.0424846008053338,0.0060829714050975,0.00748820879349848,0.033816297370141,0.000547262884527292,0.001691607921022,0.00479166521283235,0.00765078359616932,0.00609749680748952,0.0457671256861526,0.00237280615304748,0.0457554903992032,0.0020726604028237,0.00233929458368393,0.0157316885587268,0.0513274180944501,0.00320105507918799,0.0101593394955303,0.0207874781039306,0.00163009381565004,0.00599007736198422
T>C,GTA,0.00270547934951564,0.000833934555514189,0.0159910186610938,0.00103492533522771,9.89002677005117e-05,0.00451779488792303,0.000370066745150914,0.000293781675236312,0.00128709216534209,0.00404677887961374,0.0252533754778931,0.0091746314772416,0.000157670896744077,0.00253978641265887,0.00419773897859254,0.00384821564537668,0.00531258972366014,0.0753742983296025,0.00169063711741559,0.0881115615419864,9.00780641164192e-05,0.00136910930585816,0.00898349956290485,0.0302062714264046,0.00862983671292333,0.00275402548788842,0.010450721136009,0.00269845564469945,0.00693829442775104
T>C,GTC,0.0030147090924995,0.00042516462671187,0.00801736441530215,0.0129506376900834,0.00149647418716665,0.00384442417356095,0.00034342511515808,0.000430048969907406,0.00250923264661689,0.00176981898955493,0.00167131063600256,0.00872329379794847,0.00210853041251577,0.000675782834286321,0.000830034005552799,0.00312079920057601,0.00252201721012425,0.0288072603011421,0.00120123283816791,0.0261115181129937,4.23208384380673e-05,0.00143847075379561,0.00506859857838576,0.0170056380146663,0.000787351923693859,0.00268827074626727,0.00349762191270278,0.00171556757570212,0.0020551896291395
T>C,GTG,0.00286789247727363,0.000730079513441185,0.0167872489746985,0.00517453962905572,0.000715773524520558,0.00403996531206698,0.000294726934465359,0.000346887921591326,0.00324148132646197,0.00234571145633795,0.0161312572605473,0.00515036567206753,0.00306388886120165,0.00147150577468801,0.00142524012187769,0.00255840646136443,0.00414895419002735,0.0387088407789321,0.0015737214123742,0.0815716975310953,7.32678185618717e-05,0.00140932253953753,0.0101391998434792,0.00970065273129704,0.00631268818017531,0.00658580120348503,0.00419481766420836,0.00277764147238585,0.00489045133305844
T>C,GTT,0.00178133044372879,0.000521755173922771,0.0136063957514877,0.00543713166218334,0.00108814565325769,0.00579411061901867,0.000496534650146697,0.0111281631484441,0.314000440687674,0.00561672189940337,0.0115250808181051,0.00864151432042908,0.00254079441800958,0.000240891317335678,0.00348295530746226,0.00504673970735865,0.00817907370945091,0.0397126786886382,0.00171107448264148,0.0607369772106475,0.00040559065978202,0.00116742335054147,0.00871735883556926,0.0403143674563562,0.00420640606491879,0.00626751824150103,0.0118208128312251,0.00271048996501653,0.00437519273660181
T>C,TTA,0.00255680247017734,0.000669490991653747,0.0191845770216906,0.00303726132106996,0.000691978551439584,0.00934479819535461,0.000269487589423598,0.0374732766669449,0.0705920940029636,0.00218792232273927,0.0217173528598821,0.0132066765165554,0.00130768795839498,0.00145913986977626,0.00789641536415556,0.0603600718075403,0.00172108450452117,0.0896808395071486,0.00319340106068498,0.0325718892447353,0.00314461277099877,0.00385790014040544,0.0150417629879309,0.0517217596717872,0.00699175113041927,0.00358297859934856,0.0293181645262043,0.00309993561337772,0.0124641059894672
T>C,TTC,0.00425417276534345,0.000680666739097983,0.00966241282713684,0.0128845302666423,0.00105584894632447,0.00697843810310798,0.000280389195267783,0.0223173151432997,0.0127067385121117,0.00434168787449596,0.0110442245658777,0.0121687728808431,0.00682063788475059,0.000130363212833223,0.00613794879941423,0.0348618610000389,0.0039806010689354,0.044632246959918,0.00311630204768374,0.0221841494550214,0.000728024808360594,0.000454686621788139,0.00856320399262979,0.0424117726166083,0.000762800467896069,0.00172143730834138,0.00348273315261387,0.00331464293073488,0.00518363623446626
T>C,TTG,0.00152681241233877,0.0006473023114423,0.0136538925983883,0.00243341248368748,0.00148448525151101,0.00478830763300244,0.000352871805763588,0.0133260285357615,0.0232190684729272,0.00569971838139284,0.0180116691346723,0.00774788037114916,0.00346135264355632,0.00105286687751601,0.00499385610889091,0.0228446382460246,0.00208377531934115,0.0405884066163097,0.00133052021096223,0.0339139075743446,0.000110486325648783,0.00308298420037361,0.00510754145670997,0.0115181329551382,0.00683178770369706,0.00319960253577841,0.0129668491983609,0.00200211978535225,0.00394880961856455
T>C,TTT,0.0066221768338515,0.00123583222481269,0.0189360117295221,0.0189344427640936,0.000935781892435316,0.00876230804954284,0.000624147040888172,0.082247561243196,0.0385369795263572,0.00585805504538397,0.0404285321566148,0.0434612855281935,0.00292674824080455,8.72044598638222e-05,0.0128899667392167,0.0439698389274997,0.00204827628460255,0.0541806302697259,0.00236452884789218,0.0490074932834915,0.000535472440573197,0.000847704445055279,0.0137716621031265,0.0561170752280519,0.000872294005605068,0.00272250550230426,0.00878474248127871,0.00429772655743736,0.00731935362240499
T>G,ATA,0.000401160434123064,0.00016698791322229,0.00348322827574829,0.00102828235322329,0.00106326889348752,0.00756289645212121,0.000502930568148727,0.0121296356349549,0.00362759373157608,0.00386046341256822,0.000433665183574128,0.0475988266786216,0.000139765435399551,0.000644937417711046,0.00531608166049951,0.00712246748726013,0.00153403882909647,0.00186267854062876,0.00134788680423991,0.0037124324646603,0.000388557001053214,0.00188901938644267,0.00327103539287593,0.0171087065752236,0.000818061545085913,0.00099775999378795,0.00743723730055728,0.00169899029946534,0.0022107927464026
T>G,ATC,0.000307507735960318,0.000103598238923335,0.00224346359479167,0.000692282225580029,0.00396390046959502,0.00759911564637014,0.000139181241587824,0.00110646550811611,0.00309525619262375,0.0101901885145316,0.000264241261162607,0.00663449977497479,0.000878320879320907,4.12640493767362e-05,0.00209864093892394,0.00141360006426407,0.00109202479045959,0.00106455224615193,0.000395347125006741,0.00353395621314081,0.000168071603249983,0.000632875361233236,0.00198943509309685,0.0117087655295972,0.00130069931451767,0.000473509171016399,0.00194029862991796,0.00144778890574663,0.000876497030586248
T>G,ATG,0.00144793866930946,0.000614727534970182,0.00756926592988334,0.00104912368162297,0.000746358269345485,0.00787964134047291,0.000187406641730882,0.000519838742034283,0.0102447282094189,0.00809875017244926,0.000330644297590939,0.00524377220691676,0.00168979953263875,0.000909499108205857,0.00132254482124207,0.00192298357110108,0.00484203229871567,0.00149175637204796,0.00125560617030876,0.00333579144072439,0.00032996849191237,0.00378525746759841,0.0045635790746737,0.0167892572697417,0.00166888994490526,0.00151244773069302,0.00398580794701204,0.00244219983644757,0.00335011441449453
T>G,ATT,0.000538835815942327,0.000201090927458288,0.00399152735752088,0.0108491115533852,0.064189226980621,0.020367020672649,0.000350547152721289,0.000289561311287569,0.0135122267962802,0.0452118293795282,0.00170699280245137,0.0264304801650078,0.000795578688457849,5.40415545966921e-05,0.0024336348380003,0.00597089504636065,0.00179935056588224,0.00234022844211084,0.00115880795841533,0.00714606481039128,0.00030283017447354,0.0023152322679737,0.00270943121657303,0.0302076119500143,0.000670279105253458,0.00164215646167515,0.00362481584208474,0.00289876690637729,0.001775209548395
T>G,CTA,0.000275208654184929,0.00019163657519022,0.0023173704246747,0.000376910644578474,0.0017873699217926,0.00328192296019742,7.13541814480279e-05,0.00323754287138593,0.0016209007303604,0.0085836339624999,0.000500233596551436,0.027547577630216,7.49481424108249e-05,0.000646171100156565,0.000893540535678801,0.00117629570868138,0.00189542020405638,0.00071635194776543,0.000563540784696304,0.00175792214860273,6.79814373100175e-05,0.00440839852838523,0.00418309824723819,0.00401211971611015,0.000841340764475218,0.00111927666619258,0.00356775231628205,0.00173661259335662,0.00137970081637586
T>G,CTC,0.000753996805375203,0.000162243345520483,0.00468662534856771,0.0011189499498795,0.0271890814187673,0.00587318820093206,0.00029246918433103,0.00500621941731805,0.000484027754847526,0.0192373343307634,0.00261279932932324,0.00763870918488073,0.00180997382947241,0.000130964954588155,0.00117871045358625,0.00116777398432134,0.000753540593236323,0.00136286513520991,0.000787554582540783,0.00583834335103302,0.000121752732864951,0.00155167301179602,0.00739956012480918,0.00175783113869244,0.00172160654927814,0.0014187472238829,0.00311585311014736,0.00134345134859752,0.00274975507831223
T>G,CTG,0.000744730584135922,0.000185305304454147,0.00635468152339661,0.000525358160420845,0.0119755927529893,0.00534347482864926,9.11057039586196e-05,0.00111142749399063,0.000217670970013004,0.0130497846207072,0.00386890167502029,0.015096272550149,0.00296156878395212,0.00358693450654483,0.00188657666678054,0.00328386188284851,0.00379739962062284,0.000802073211807613,0.000283367292183405,0.00558672633890492,2.98916188434986e-05,0.0083324335789397,0.0123775761548363,0.0044761938140501,0.00240049355193369,0.004168154873589,0.00153210046838784,0.00158139994706704,0.00216058466291739
T>G,CTT,0.00077130505195833,0.000499111352682372,0.00668802314249083,0.00424306169182637,0.595904572818867,0.0143590978084229,0.000158417165687652,0.00343398093467406,0.000676311569986476,0.0664196160866546,0.000684906977584327,0.0585687616243581,0.0030206955911008,0.000616862473862472,0.00132598831351857,0.0141133718709666,0.000862356246929123,0.000607683017342974,0.00151323114188136,0.00903671881728062,4.2836816483378e-05,0.00234879190677865,0.00643813981620147,0.00284140419460292,0.00444254126299158,0.00116053026342543,0.00521008873001217,0.00177826638455412,0.00212287786456836
T>G,GTA,0.000335961301678164,0.000183653475549072,0.0022874233939406,0.000427639750057456,0.000393600458880045,0.00230499526456499,0.000265286086803017,0.00235662599854136,0.000140818421911485,0.000675689006314285,0.000154592257177037,0.00871695505952877,0.000612634118615491,0.000325378991469522,0.000830582526446402,0.00242203833732821,0.00159779293310925,0.000329208581184444,9.70098195757608e-05,0.00128436942644917,4.66901618032041e-05,0.0015560844363429,0.00459032795060921,0.0128514818126904,0.000764857701237449,0.00131700472118363,0.0023608518079238,0.00151528639982507,0.00128898532196241
T>G,GTC,0.000135543311974803,6.56668595771434e-05,0.00140146837621759,0.000247858508371409,0.00712449370855182,0.00218652374526094,0.000151328133559042,0.00186492301616536,0.00020702015403702,0.0017929065211034,0.00016232578684889,0.00552866715347249,4.33346266812556e-05,7.55197087229889e-05,0.000332677921970038,0.00102531744757969,0.000480792679630522,0.000255470320731763,0.000426837300802678,0.00141299601867642,7.77073574960611e-05,0.000501097724665604,0.00202552580672619,0.00730366162169178,0.00115665237733141,0.00046827061898683,0.00128972376089501,0.000984738345746083,0.000807915846219094
T>G,GTG,0.00113279554650203,0.000467930861898946,0.00497030058342751,0.00077238004960752,0.00154327186326937,0.00437721450208259,0.000270827431660564,0.0062702986986286,0.00390303115006952,0.00386859423889616,0.000402641848590554,0.00342404718138941,0.0054736254091648,0.00172351812969894,0.00184461481841993,0.000695157097885906,0.00408598094464673,0.00130084569680914,0.00164973286031044,0.00277147349476859,0.000150284722962249,0.00100697145441915,0.0121242314459844,0.00943057516328948,0.00149034374596124,0.00334090019891969,0.00504391134532447,0.00202609816858404,0.00188145694252308
T>G,GTT,0.00035566914343255,9.27236986315929e-05,0.00160871550201896,0.00498887464936528,0.102860595153494,0.00608163033329887,0.000143011656078858,0.00699375853280943,0.00829991766858273,0.0137956305213079,0.0026858631238623,0.022279052301488,0.00207223887745333,5.45672397729333e-05,0.00173037010563568,0.00255291354265043,0.00164487270202314,0.000563266649600539,0.000785906011062171,0.00790573705904939,0.000902783912626708,0.00077830653906372,0.00621798283281465,0.0155299997422654,0.00128348351971349,0.00090871143031658,0.00173643482534555,0.00255460038820912,0.00166774449662378
T>G,TTA,0.00038974801770207,0.000393693289709943,0.00476959954381486,0.000424433515840815,4.21801458997213e-05,0.00896850430688724,0.000265675907746795,0.0201187998810989,0.000645776859490442,0.0201940068089785,0.000310742535526005,0.0728652692790117,0.000300793550928312,7.57758404365191e-05,0.00232850166672645,0.0417555150546631,0.00165333000166984,0.00256827355809452,0.000897014807611733,0.00163060558561891,9.96390841024149e-05,0.00395110515572848,0.00702316635136472,0.0198017510593867,0.00187870067686631,0.00118916495277456,0.00392049165629782,0.00228262474904305,0.00336883928314005
T>G,TTC,0.00073653018379861,0.000330613703364046,0.00602198192238747,0.000595753458681638,0.00779484866163514,0.0122724314693975,0.00023427257478397,0.0171211258291801,0.000591099960682432,0.0264076554677416,0.000294050384115541,0.00776288158769934,0.00163873800188095,3.68605971663925e-05,0.00243168454148971,0.0144854837456424,0.000837789233040652,0.000928281989956328,0.000566847769871311,0.0024883472327563,8.722050323043e-05,0.00197794058040821,0.00535012490097501,0.0196346071564789,0.00326154044631055,0.0012693939227899,0.00511986332649118,0.00146018425567323,0.00355879387546888
T>G,TTG,0.00159358373762421,0.00037352795189387,0.00714379193971368,0.00133070326268312,0.00396689705339674,0.00914135995850424,0.000226935555876481,0.00743217559753912,0.000266875097444041,0.00876516766411799,0.00118846768918029,0.00991786875732655,0.000367212590668783,0.0019819494362555,0.00552049711351545,0.0187566335977217,0.00131747669737644,0.000774060936976001,0.000723225847112672,0.00394950205902704,3.45620180577549e-05,0.0041711659703148,0.00827638053344667,0.0315115788907123,0.000895275467537068,0.0011837422329002,0.00417960916980636,0.00145106825803304,0.0018311541523323
T>G,TTT,0.00169137901196737,0.000599177253181011,0.0122572050560396,0.00371602062113797,0.0982292773711118,0.0272507441009483,0.000302165645792964,0.018641638093898,0.00205498754083198,0.400475710830876,0.010799173512418,0.0683403183676648,0.00410673731489504,0.000129950494045919,0.00673790876348367,0.0778699565971124,0.000978235667940467,0.00212848355279244,0.00246595290214351,0.0102772936614639,7.33199483025319e-05,0.00179997058928775,0.0090952821534237,0.0281675542211659,0.0032233056819066,0.00280487627614419,0.00517611846742681,0.00145323443569011,0.00360552486990647
