Mutation type,Trinucleotide,SBS96A,SBS96B,SBS96C,SBS96D,SBS96E,SBS96F,SBS96G,SBS96H,SBS96I,SBS96J,SBS96K,SBS96L,SBS96M,SBS96N,SBS96O,SBS96P,SBS96Q,SBS96R
C>A,ACA,8.13e-06,1.9e-07,0.00243429,0.04748545,0.00727728,0.04128505,0.0224583,0.00110569,0.00105961,0.00018517,0.00850475,0.06426487,0.0038426,0.00227683,0.00023077,0.00201597,0.00777877,0.0018669
C>A,ACC,0.00015314,0.0003501,0.00028462,0.03857739,0.01304522,0.01412491,0.02211218,0.00087488,0.00170953,0.00034936,0.00439227,0.01609962,0.00073139,0.00032044,0.00063662,0.00035451,0.00136666,0.00138194
C>A,ACG,4.344e-05,0.00010399,0.00011866,0.01766306,0.00337032,0.003184,0.00040991,3.108e-05,2.2e-07,5.947e-05,0.00029039,0.00163597,0.00036739,0.00014729,0.00020663,0.00034375,0.00079026,0.00033688
C>A,ACT,0.0001322,0.00040852,0.00036181,0.03198246,0.00492085,0.01891364,0.01424896,0.00599286,0.00133995,0.00060361,0.0032328,0.02376038,0.0018672,1.976e-05,0.00430632,9.584e-05,0.00344049,0.00205633
C>A,CCA,0.00043857,1.017e-05,0.00136302,0.09087904,0.00047064,0.01739864,0.0226261,2.5e-07,0.00060204,0.00010942,0.00023287,0.08459585,4.9e-07,0.00068035,0.01669095,0.0013658,0.00387767,0.00617631
C>A,CCC,1.264e-05,0.00068356,0.00131979,0.0933118,0.00145946,0.00546143,0.02723092,0.02869795,0.00236655,7.99e-05,0.00015813,0.01104079,0.00234608,0.00050067,0.00303335,0.00140748,0.00449018,4.481e-05
C>A,CCG,0,4.03e-06,0.00033952,0.0292137,0.00573361,0.00031354,0.00022506,0.00428427,2.44e-05,4.84e-05,0.00021634,0.01189377,0.00151562,9.168e-05,0.00029178,1.043e-05,0.00100581,0.00021471
C>A,CCT,6.575e-05,0.00068448,0.0014234,0.08211788,7.5e-07,0.00805458,0.008624,0.08496179,1.668e-05,6.13e-06,8.5e-07,0.02873936,0.01386507,0.00028986,2.36e-06,0,0.00057445,0.00024699
C>A,GCA,4.705e-05,5.137e-05,0.00055577,0.03262652,0.01005686,0.01451742,0.00268531,0.00071658,0.00133079,0.00077343,0.00584216,0.1420564,0.00075646,0.00175231,0.00029487,0.00064648,0.00432958,0.00444726
C>A,GCC,0.0001875,9.96e-06,2.957e-05,0.04050418,0.0108402,0.01033252,0.01118374,0.00465609,1.25e-05,4.34e-06,0.00584708,0.01903084,0.00035656,0.0006925,0.00016932,0.00033267,0.00087009,0.00021311
C>A,GCG,2.911e-05,6.309e-05,4.87e-06,0.01757011,0.00364229,0.0026569,1.51e-06,0.00081071,0.00034828,0.00012844,0.00111191,0.0084488,3.1e-07,0.00016049,1.908e-05,0.00027602,5.599e-05,0.00014777
C>A,GCT,4e-08,1.3e-07,2e-08,0.02230328,0.00449079,0.00985956,0.00936262,0.01078857,8.21e-06,0.00021362,0.00666316,0.08025271,8.881e-05,0.00031872,0.00023957,3.52e-06,0.00166768,0.00068028
C>A,TCA,0.00020411,0.00056367,0.00256064,0.04369768,0.00117343,0.03639623,0.00226414,0.0015702,8.537e-05,0,0.00058593,0.08979879,0.00284692,9.89e-05,0.01004949,0.08082588,0.0013227,0.00300179
C>A,TCC,0.000674,0.0004411,0.00321787,0.05339986,0.00733036,0.02454424,0.01703754,0.00318231,0.00208924,5.998e-05,0.00043649,0.04759269,0.01355665,0.00012416,0.00656277,0.0291179,0.00140177,0.00027008
C>A,TCG,6.74e-06,0.00010411,0.00020321,0.0127167,0.00331788,0.00325252,9.188e-05,0.00013269,0.00014837,6.92e-05,0.00040741,0.01517056,1.612e-05,1.632e-05,9.15e-06,0.01107197,0.00032882,0.0001017
C>A,TCT,9.06e-05,0.00179844,0.00105886,0.04154691,0.00887649,0.02844759,0.00387715,0.01728052,0.00019438,0.00247505,0.00227352,0.15271374,0.00349801,0.00108116,6.37e-05,0.03453052,0.00458924,0.00278143
C>G,ACA,7.01e-06,0.0001819,0,0.0069708,0.0118197,0.01354953,0.03016957,0.00379142,0.00255367,2.823e-05,0.00479576,0.00049898,0.00136054,0.00106352,0.00144472,0.0044666,0.00432649,0.00270514
C>G,ACC,1.472e-05,6.41e-05,0.0001293,0.00291637,0.00544648,0.01106357,0.01787557,0.00100598,0.00139785,6.686e-05,0.00319329,0.00244547,0.00011853,0.00092256,0.00282603,0.00145485,0.0020762,0.00101314
C>G,ACG,6.71e-06,3.675e-05,0.0005353,0.00138275,0.00263291,0.00415363,0,0.00024002,0.00025984,3.513e-05,0.00041118,0.00218399,7.5e-05,0.00028376,0.00084569,0.00020348,0.00064452,0.00056522
C>G,ACT,1.538e-05,0.00034371,0.00011095,0.00348476,0.01089067,0.01810662,0.02520734,0.0037095,0.00245278,0.00028244,0.00704452,0.0032792,0.00220276,0.00075795,0.00240939,0.00437032,0.00235129,0.00657568
C>G,CCA,0,1.427e-05,0.00034865,0.00838285,0.00672751,0.00464279,0.02920841,0.00060378,8.66e-06,0.00015818,0.00424913,2.339e-05,1.66e-05,0.00095745,0.0015477,0.00561437,0.00438257,0.0002801
C>G,CCC,2.352e-05,0.00035871,0.00100248,0.00756051,0.01199802,0.01024222,0.02170836,0.00110801,0.00057645,4.448e-05,0.00414571,0.00227976,0.0023014,0.00048855,0.00023171,0.00068342,0.00276446,1.807e-05
C>G,CCG,3.879e-05,6.38e-05,0.00091346,0.00385643,0.00387736,0.00188543,0.00171419,0.0003727,0.00070722,8.148e-05,0.00059387,0.00437539,0.00028512,0.00026512,0.00129689,0.00072558,0.00054116,0.00018801
C>G,CCT,0.0001051,7.961e-05,0.00089246,0.00734703,0.00892361,0.01551009,0.03432932,0.00096791,0.00123001,9.616e-05,0.00643881,0.00305693,0.00376667,3.88e-06,8.88e-05,0.00586796,0.0038734,0.00249576
C>G,GCA,9.84e-06,2.294e-05,1.661e-05,0.00525615,0.00438357,0.00268675,0.01950066,0.00087465,0.00015227,2.402e-05,0.00325206,0.00020625,0.00043934,0.00108079,0.00046933,0.00168236,0.00224211,0.00201344
C>G,GCC,6.56e-06,7.801e-05,0.0004004,0.00628331,0.00664856,0.00472053,0.01340331,0.00179515,0.00024483,0,0.00246888,0.00070024,0.00026999,0.00118744,0.00015856,0.0004295,0.00208886,0.0026935
C>G,GCG,4.211e-05,2.652e-05,0.00036354,0.00375113,0.00212499,0.00060241,0.0036554,0.00028622,0.00030962,4.9e-07,0.00023872,0.0005065,0.000153,7.183e-05,0.00084502,0.00046051,0.0009972,1.39e-06
C>G,GCT,2.922e-05,9.836e-05,0.00024832,0.00304298,0.00763129,0.00600914,0.02230861,0.00235156,0.00039553,2.58e-06,0.00473495,0.00031738,0.0013329,0.00065075,0.00112886,0.0027942,0.00181922,0.00161168
C>G,TCA,6.23e-06,8.94e-06,0,0.00162388,0.00104103,0.00082558,0.01459349,0.00075546,0.00018534,0.00012322,0.00673491,0.00063973,0.00154808,0.00356675,0.00389676,0.3126279,0.00392877,0.00092302
C>G,TCC,2.562e-05,4.7e-06,0.001307,0.00546358,0.00352891,0.01401579,0.02841495,0.00110958,3.029e-05,1.355e-05,0.00748481,0.00375725,0.00544344,0.0011746,0.00070588,0.06513268,0.00541984,0.00572416
C>G,TCG,0,1.105e-05,0.00042707,0.00183051,0.00233205,0.00241999,4.598e-05,0.00020154,9.673e-05,2.464e-05,0.00092536,0.00063358,1.862e-05,0.0006579,0.00073604,0.01435661,0.0010012,0.00048466
C>G,TCT,1.322e-05,0.00073932,0.00065332,0.00051943,0.00183228,0.01611238,0.02890879,0.00285624,0.00191022,0.00136521,0.01418785,0.00019984,0.01189371,0.00070271,0.00012127,0.36710902,0.00627851,0.003321
C>T,ACA,7.958e-05,8.086e-05,0.00107576,0.00817259,0.05057372,0.02614705,0.01315323,0.09354451,0.0282906,0.00191608,0.0112131,0.00122177,0.00223332,0.00134436,0.00352642,0.00705097,0.007123,0.0081976
C>T,ACC,0.02378835,0.00157879,0.04105946,0.00393472,0.0256371,0.01444048,0.01574148,0.01831555,0.00656484,0.00026417,0.00589084,0.0029769,0.00591214,0.00188471,8.101e-05,8.932e-05,0.00342242,0.00396429
C>T,ACG,3.27e-06,1.309e-05,0.00038263,0.00160134,0.00058046,0.00457039,0.00738442,0.00664485,0.36483158,0.01571839,0.00149193,0.00196463,0.00016999,0.00047431,0.00152248,0.00172411,0.00163529,0.00343315
C>T,ACT,0.0098005,0.00173817,0.01095037,0.00387098,0.03469116,0.02373104,0.01397485,0.03220268,0.01053278,0.00040196,0.00459682,0.00501155,0.00720619,0.00172876,0.03052897,0.00108709,0.00384531,0.00734802
C>T,CCA,0.06758175,0.00320762,0.10623416,0.01298627,0.01701307,0.0240374,0.01738976,0.00458817,0.00158467,0.00033945,0.00877254,0.0089062,0.00331462,0.00099577,0.04254487,1.453e-05,0.00643696,0.00351377
C>T,CCC,0.07465733,0,0.19656221,0.0112961,0.00778827,0.01709626,0.0223286,0.0037306,2.852e-05,8.99e-06,0.00523628,0.00080562,0.00376086,0.00216226,0.01195758,0.00113425,0.00710689,0.00104891
C>T,CCG,0.0079639,0.00206719,0.02283656,0.00338711,0.02456252,0.00354576,0.00279069,0.01603274,0.19159591,0.00940805,0.0019929,0.014977,0.00864948,0.0029397,0.00492073,0.00284107,0.0051136,0.00083816
C>T,CCT,0.07601078,0.00109951,0.13424461,0.01676525,0.01989728,0.02426288,0.0270653,0.0056611,0.00015165,6.551e-05,0.00895883,0.00304677,0.02093357,0.00163209,0.00480496,0.00157267,0.00752966,0.0021851
C>T,GCA,4.185e-05,3.097e-05,0.00054181,0.00313136,0.02467048,0.0137842,0.01839499,0.09602676,0.00426215,0.00039085,0.00896813,0.00320027,0.00070903,0.00134949,0.00050293,0.0078826,0.00242342,0.0081465
C>T,GCC,0.01558661,0.00072321,0.0262181,0.00359812,0.03061609,0.00995597,0.01309929,0.08330458,0.00071368,0.00022633,0.00751586,0.00226817,0.00076529,0.00032749,0.00170192,0.00079038,0.00569529,0.00590271
C>T,GCG,0,6e-08,0,9.93e-05,0.0136252,0,5.581e-05,0.04705421,0.21254573,0.00890899,0.00529146,0.0111005,0,0.00302303,3.852e-05,0.00151714,0.00322338,0.00685923
C>T,GCT,0.02382282,0.00021531,0.00444127,0.00291139,0.02620885,0.01410272,0.01079467,0.06549142,0.00019368,7.59e-06,0.00598435,0.00186986,0.00115892,0.0003579,0.04036342,0.00121401,0.00520087,0.00757067
C>T,TCA,0.11014405,0.52969622,1e-07,0.00334856,0.01354736,0.03920393,0.00032547,0.00293511,6.331e-05,8.371e-05,0.00435664,0.01055971,0.01909004,0.00192174,0.00061572,0.00432219,0.00765845,0.00322261
C>T,TCC,0.46382341,0.08852004,0.19578929,0.00568235,0.00315626,0.02073442,0.00478215,0.00055353,0.00024207,0.00046376,0.00030575,0.0001329,0.01436583,1.63e-05,0.03388241,0.00221384,0.00115054,0.00155704
C>T,TCG,0.08273616,0.04482095,0.05813635,0,0.02507997,0,0,0.00020764,0.1055684,0.00515363,0.00189054,0.00984167,0,0.00015006,0.00044052,7.285e-05,0.0078811,0.00037066
C>T,TCT,0.01701387,0.30654619,0.11074871,0.00670137,0.01952356,0.0280948,0.0013936,0.00478255,0.00069251,0.00053353,0.00406833,0.0001885,0.00168269,0.00031353,0.04969149,0.00186661,0.00770438,0.00572561
T>A,ATA,0.00284425,8.702e-05,0.00219102,0.00521126,0.00979324,0.00898061,0.00140694,0.00526655,0.0007504,0.00015484,0.00571335,0.00189532,0.01156329,0.00097606,0.00062152,0,0.04971012,0.00179213
T>A,ATC,0.00035453,0.00113115,0.00042066,0.00302074,0.01029101,0.0043322,0.0100973,0.0033359,0.00236928,0.00036973,0.00425007,0.00102729,0.00426329,0.00144619,0.00125133,0.00018993,0.00731352,0.00075707
T>A,ATG,0.00073391,0.00011279,0.00150431,0.00835846,0.01271222,0.00916578,0.00977428,0.00073743,0.00129391,8.503e-05,0.00489778,0.00293414,0.00038908,0.00020488,0.0026424,0.00065638,0.04618445,0.00052267
T>A,ATT,0.00446893,0.00035248,0.00768551,0.00349399,0.00057611,0.00733578,0.00086484,0.03022669,0.00056488,0.00029615,0.00964136,0.00404847,0.05743317,0.00107994,0.03839365,0.00058833,0.0163172,0.03742347
T>A,CTA,0.00010266,0.00015062,0.00085627,0.00423498,0.00116792,3.398e-05,0.00264248,0.00021883,0,3.337e-05,0.00234217,1.019e-05,0.00367233,0.00023576,0.00170191,0.00022762,0.10375661,0.0004037
T>A,CTC,0.0001185,0.00049855,0.00076261,0.0087383,0.0011954,0.00478077,0.02040149,0.00305362,0.0007914,0.00120049,0.00482728,0.00105841,0.01274276,0.0395752,0.00011796,0.00034832,0.0423926,0.00078893
T>A,CTG,9.913e-05,0.0002383,0.00033133,0.02238639,0.00163974,0.00055966,0.00725169,0.00073002,0.0008427,0.0004186,0.00099561,0.00105253,0.00071576,0.01201586,0.00114678,0.00025942,0.12795414,0.00080767
T>A,CTT,0.00065082,0,7.8e-06,0.00645267,5.623e-05,0.00741553,0.01014566,3.24e-06,2.57e-05,0.00615906,0.00019688,0.00103884,0.04682868,0.072587,0.00066902,0.00038885,0.056546,6.265e-05
T>A,GTA,0.00062439,5.007e-05,0.00031002,0.00608666,0.00326858,0.00197291,0.00725597,0.00139448,0.00025469,5.037e-05,0.00250846,0.00092614,0.00165726,0.00028523,0.00010002,1.24e-06,0.03677607,0.00024233
T>A,GTC,0.00024559,0.00013774,0.00029787,0.00323091,0.00191011,0.00225875,0.01063773,0.00264309,5.443e-05,0.00030252,0.00249964,0.00214518,0.00216989,0.0032594,0.00013204,0.00028905,0.00664941,0.00164804
T>A,GTG,0.00033663,5.871e-05,0.00053431,0.01112131,0.00309163,0.00240498,0.01432199,0.00213367,0.00037382,0.00010285,0.00282554,0.00123163,0,0.00068428,0.00133293,1.358e-05,0.02963875,6.732e-05
T>A,GTT,0.0003561,0.00025823,2.478e-05,0.00520584,0.00064637,0.00346959,0.01668537,0.00356921,4.301e-05,0.00128791,0.00128709,0.00262158,0.01990505,0.00457489,0.008043,0.0001369,0.00687427,0.00080424
T>A,TTA,0.00018575,0.00030204,0.00257259,0.00223422,0.00121652,0.00384975,0.00065386,0.00656972,0.00731811,0.00113602,0.01224195,0.01147341,0.01867323,9.42e-06,0.01556382,0.00072454,0.07855697,0.05154415
T>A,TTC,0.00046244,0.00023389,0.00202936,0.0026061,0.00020499,0.01249869,0.01166487,3.064e-05,3.468e-05,1.15e-05,0.00756295,0.00252389,0.03406742,0.00579951,0.00127604,0.00035645,0.01976986,0.00445607
T>A,TTG,0,9.07e-06,0.00173137,0.00452105,0.00425671,0.00635845,0.00436771,0.00035033,0.00022916,0,0.00393397,0.0017947,0.01164257,0.00145545,0.00537503,0.00034349,0.05195679,0.0014254
T>A,TTT,0.00143636,0.00015274,1.17e-06,0.00388501,0.00439354,0.01468607,0.00215357,0.01415156,0.00187349,0.00131927,0.00831094,0.00179282,0.27003928,0.00132115,0.02149524,0,0.01701409,0.00980526
T>C,ATA,0.00059337,0.00016742,0.00036012,0.00520774,0.07883329,0.02828132,0.01309367,0.02109624,0.00097644,9.3e-06,0.07170471,0.0005762,0.00070316,0.00063058,0.0056821,0.00208057,0.02635986,0.00196341
T>C,ATC,0.00013456,0.00041018,0.00016947,0.00036205,0.01677088,0.00963398,0.00824286,0.00293519,0.00333364,0.00017227,0.03322964,0.00278759,0.00031483,0.01228323,0.00384868,0.00035885,0.00275437,0.0004332
T>C,ATG,6.111e-05,0.00046858,0.00096462,0.0047511,0.06210092,0.02058218,0.00943309,0.02756893,0.00067344,9.02e-06,0.05834398,0.00274895,0.00093003,0.00117235,0.01179809,0.00128214,0.00878758,5.49e-05
T>C,ATT,0.0001492,0.00124229,0.00253427,0.00057934,0.06157475,0.02856224,0.01752404,0.00113891,0.0054639,0.00071088,0.05867104,0.00559027,0.00236162,0.00790497,0.04738008,0.00134157,0.00784396,0.00221855
T>C,CTA,0.00043835,0.00025006,0.00135452,0.0053225,0.01325857,0.01515823,0.00652431,0.01289366,5.042e-05,0.00058862,0.0379957,6.3e-07,0.00688068,0.01058412,0.00936917,2.583e-05,0.00615715,0.00077778
T>C,CTC,0.00021247,0.00016281,0.0004853,0.00225397,0.00445617,0.00709392,0.01099797,0.00101122,0.0016264,0.00344304,0.03176849,0.00322098,0.00015014,0.17908116,1.968e-05,0.00031578,0.00140287,0.00540495
T>C,CTG,4.007e-05,9.723e-05,0.0004656,0.00500573,0.03006465,0.01056067,0.00565985,0.03201372,0.00078032,0.00281391,0.02832546,0.00015863,0.00082309,0.08639453,0.0012656,1.367e-05,0.00489962,0.00291308
T>C,CTT,0.0014769,0.00115518,0.0053495,0.00234385,0.01226139,0.00408224,0.00047089,0.00639678,0.00030355,0.01073164,0.01400844,0.00159979,0.03559405,0.41673161,0.03764954,0,0.00050187,1.206e-05
T>C,GTA,4.595e-05,0.00011098,5.49e-05,0.00300812,0.00984663,0.00418033,0.00814546,0.02368498,0.00040243,5.97e-06,0.05798156,0.00064415,0.0004112,7.459e-05,0.00106212,0.00065331,0.00151604,0.00056181
T>C,GTC,1.36e-06,0.000164,7.52e-06,0.00093416,0.00716385,0.00538862,0.00557882,0.00058316,0.00213926,0.00124528,0.02577209,0.00390852,0.00014621,0.01371591,0.00214948,3.961e-05,0.00225322,0.00015653
T>C,GTG,1.188e-05,4.2e-06,0.00039562,0.00209461,0.01797203,0.00358838,0.01265709,0.01720465,0.00077451,0.00096794,0.03408004,0.00571953,0.00025209,0.0035255,0.00283922,0.0002678,0.00077197,0.00094425
T>C,GTT,0.00092985,0.00026373,0.00729547,0.00011859,0.00719353,0.00124892,0.00550176,0.01030254,3.19e-06,0.00054616,0.02122281,0.00084962,0.00733111,0.0053743,0.29407185,0,0.00244108,0.00232639
T>C,TTA,0.00235853,0.00094113,0.00523841,0.0020402,0.00509756,0.003317,0.01182535,0.01501094,0.00159867,0.00066036,0.08211502,0.00016737,0.03527917,0.00175956,0.07904916,7.46e-06,0.01121203,0.01400929
T>C,TTC,0.00075591,4.413e-05,0.00163227,6.71e-06,0.00456783,0.00564219,0.00736411,0.00835156,0.00343467,0.00055838,0.04047106,0.00726003,0.0216887,0.01445569,0.0131355,0.00022601,0.00314128,0.00895947
T>C,TTG,6.4e-06,0.00050844,0.0036692,0.00133321,0.01222424,0.00424343,0.00464622,0.0184692,0.00018261,0.00092239,0.03672478,0.00232966,0.01507457,0.00281379,0.02283427,2.783e-05,0.00437195,0.00617095
T>C,TTT,0.00059864,0.00061562,0.00289613,0,0.015439,0.00030381,0.00749393,0.03511202,0.00471503,0.00054684,0.05340815,0.00051361,0.10022024,0.02166878,0.03734207,0.00106918,0.00179408,0.01118743
T>G,ATA,0.00061885,0.00029176,3.406e-05,0.00095233,0.00430944,0.01116017,0.00459362,0.0003284,2.762e-05,0.00139165,0.00312895,5.015e-05,0.01162852,0.0009648,0.00306627,1.4e-06,0.00162919,0.01146555
T>G,ATC,0.0003864,1.72e-05,0.00087797,1.656e-05,0.00202737,0.01268228,0.00261053,0.00037565,0.0001147,0.00442091,0.00110078,0.00071833,0.00065396,0.00079183,0.00229639,7.594e-05,0.00130957,0.01219866
T>G,ATG,0.00023886,4.706e-05,0.00162003,0.00073077,0.01248744,0.01269018,0.00806276,0.00118127,0.00034076,0.00088767,0.00102844,0.0028474,0.00032846,0.00114265,0.01064998,0.00016862,0.00617464,0.00685114
T>G,ATT,0.00039853,0.00014133,0.00041885,6.709e-05,0.00023592,0.02689475,0.00112086,0.00119476,6.292e-05,0.06720394,0.00059811,0.00087449,7.5e-06,0.01201066,0.01306251,0.00024393,0.00090384,0.0740535
T>G,CTA,5.73e-06,0.00042267,0.00019439,0.00035211,0.0024042,0.00331272,0.00574921,0.00047007,7.871e-05,0.00182579,0.00154561,0.00014676,0.00291238,0.00042022,0.00160234,1e-08,0.00462255,0.01368587
T>G,CTC,0.00012964,0.00018726,0.00077469,0.00026912,0.00484252,0.0052955,0.00958664,0.00297922,0.00038317,0.03093153,0.00165819,0.0018615,0.00521475,0.00097387,0.00011655,2.412e-05,0.0002857,0.0164949
T>G,CTG,1.4e-07,2.67e-06,0.00123883,0.00273311,0.0069733,0.0038719,0.01529982,0.00420803,0.00023509,0.01308418,0.00212387,0.00300412,0.00114851,0.00011339,3.993e-05,0.00028987,0.01035951,0.01504319
T>G,CTT,0,1.5e-07,3e-07,0.00074852,0.00390994,0.00627672,0.00163898,6.917e-05,0.00095298,0.53417195,0.00196852,0.00188303,0.0030938,0.00300754,1.396e-05,0.00017462,0.00184837,0.02597191
T>G,GTA,5.159e-05,0.00017284,0.00032662,0.00035548,0.0030672,0.00228854,0.00652453,0.0003484,0.0002135,0.00028926,0.00127145,0.00119238,0.00248192,0.00061181,9.524e-05,0.00039967,0.00178264,0.00205989
T>G,GTC,0.00017987,3.182e-05,0.00028617,0.00018273,0.00204012,0.00289297,0.00351082,0.00036552,2.936e-05,0.00625981,0.00119858,2.806e-05,0.00169671,0.00041966,7.53e-06,2.071e-05,0.00071291,0.00062512
T>G,GTG,0.0003119,0.00012541,0.00258653,0.00232605,0.00601967,0.00258655,0.0156958,0.00052828,0.00054798,0.00135429,0.00181488,0.00680841,0.00591093,0.00118937,0.00370917,0.0004347,0.00151621,0.00254656
T>G,GTT,0.00106986,2.46e-05,0.00190139,6.124e-05,5.267e-05,0.00375076,0.00566635,0.0023925,0.00023021,0.11407931,0.00119156,0.00094094,0.00685903,0.00654777,0.0062519,4.76e-06,0.00057491,0.00716004
T>G,TTA,2.053e-05,0.00021887,0.00066343,2.021e-05,0.00385736,0.00589511,0.00855372,4.656e-05,0.00048105,0,0.00590215,1.126e-05,0.02142312,1.37e-05,0.00019572,6.72e-06,0.0068306,0.06047578
T>G,TTC,0.00014694,0.00012448,0.00148118,1.78e-06,0.00699762,0.0154417,0.0074904,0.00080792,0.00025909,0.00862161,0.00367321,0.00177751,0.01626874,0.00016313,0.00054883,0.00010362,0.00085067,0.03447481
T>G,TTG,0,7.88e-06,0.00121659,0.00186832,0.00791147,0.01010066,0.01060702,0.00133374,0.0010192,0.00471748,0.00527403,0.00062971,0.00829098,0.00088,1.249e-05,4.592e-05,0.00908448,0.02493542
T>G,TTT,0.00011531,5.689e-05,0.00039886,0.00040956,0.00260148,0.00389201,0.00364618,0.00698969,3.604e-05,0.12249768,0.00903351,0.00130484,0.02132344,0.00404024,0.00028852,1e-08,0.00211788,0.3968462
