Mutation type,Trinucleotide,hdp.1,hdp.2,hdp.3,hdp.4,hdp.5,hdp.6,hdp.7,hdp.8,hdp.9,hdp.10,hdp.11,hdp.12,hdp.13,hdp.14,hdp.15,hdp.16,hdp.17,hdp.18,hdp.19,hdp.20,hdp.21
C>A,ACA,0.00184077766775573,0.000636594929998508,0.000451355482949084,0.00142997852558325,0.0299231547498571,0.00053278202139226,0.0491108431692418,0.00257853375063967,0.00804235236100043,0.0218869919132612,0.00683073108240376,0.0111983654648732,0.0433355012134416,0.00615902184974217,0.0012169611617688,0.00082338286299588,0.00521511834424877,0.00314270671025007,0.0178973114291228,0.0495986490089533,0.000413975353491094
C>A,ACC,0.00312583705476671,0.000219348041894042,0.000899298021487898,0.00063161748791326,0.0133649196577765,0.00116370218391644,0.0153365226265791,0.00150608920401521,0.0433271919868072,0.0175489014824749,0.0016250116507417,0.00934299166409865,0.0341248223491499,0.00100585314472725,0.000716276023454905,0.000730844838029351,0.000761710873741192,0.00647302157490932,0.00406142101023347,0.0389929969745868,0.000746203464619443
C>A,ACG,0.000456352140924321,0.000171054793357444,0.000311927722356921,0.000165623980763349,0.00282649155392449,0.000414731522172303,0.00231901228756457,0.000206090179784827,0.000902718369752619,0.00172761206304157,0.000708393642641651,0.00165274210566496,0.0156487835198698,0.000687309194760857,0.000322842810035619,0.000232445622768296,0.000334305488172527,0.000906905438751297,0.00116239015112842,0.0141286306034921,0.000235160057633373
C>A,ACT,0.0018516023024344,0.00024251524268814,0.000534015456891638,0.00111350165174347,0.0146610064356149,0.0042743197258029,0.0205798008678273,0.000483605115018547,0.0205537930466333,0.01319883937355,0.00172290188648784,0.00641253949167752,0.031233608268388,0.0048559888760278,0.000411273972085407,0.00630237856256389,0.00144694828715953,0.00843818713654652,0.00908436128332078,0.0238238177812654,0.000631543665565539
C>A,CCA,0.000804487353636881,0.000302031720871717,0.000428265502645622,0.0025633254406127,0.0206438895916142,0.0124406999720244,0.076093344101444,0.000304875330815198,0.0295946993740417,0.025165013366141,0.00723070041255207,0.00696761111294947,0.0882876612040993,0.00185176529189366,0.00128481892551425,0.00089762066128336,0.000707234841683433,0.00539821280912161,0.00679509749465491,0.0330789547774308,0.00114011143417659
C>A,CCC,0.00216105769269159,0.000154518771167355,0.000619759911421519,0.00213606540912103,0.014321791201028,0.00341922162779556,0.0200466061397204,0.00167272721430799,0.0336798293009696,0.0251977363812248,0.00461628240834738,0.00592087222722336,0.0733819180597455,0.0043980206208815,0.000423957166097768,0.0275388093052711,0.00289543696481262,0.00225112724834426,0.0070981741774359,0.019156993738699,0.000517408420379209
C>A,CCG,0.000592146881778013,0.000125228835649296,7.09610163738189e-05,0.0001835190270931,0.00247160196898557,0.00042030435992507,0.0127808959058133,0.00025803904782426,0.00185887897765647,0.00249570311487792,0.00185978472011535,0.00320532682056013,0.0272399997227245,0.00057634064988318,9.1765852036688e-05,0.00372002739091582,0.00224432449846577,0.00102632863494993,0.003107129157134,0.00942880431325582,0.000108333167651075
C>A,CCT,0.00143025686475651,0.000209953426201625,0.00080853166304005,0.00137750324340943,0.0149128294526144,0.00106617284018608,0.0369100007943646,0.000586172854729356,0.0830103638556624,0.0150847023781149,0.00290646023522541,0.00548553707925562,0.076736928918354,0.0016090885022315,0.000256092149986917,0.0842230095456481,0.0139966074407169,0.00217159708649484,0.00450351582457792,0.0378132992660797,0.000855489785029893
C>A,GCA,0.0020124210434518,0.0011066967894511,0.000837693091820727,0.00216047923620259,0.0137553866803666,0.000892384597324586,0.114444587697055,0.00221643236322564,0.00843272644860691,0.00709160980005015,0.00221237252907768,0.0103387460206298,0.0313402334378631,0.00295489431940958,0.00071296809126128,0.00082474719401072,0.000649083062998198,0.00712470258292754,0.00364965941561574,0.0744449300876868,0.000280393233214167
C>A,GCC,0.00181921945589214,0.000131380114591084,0.000494643422239937,0.000507543962856023,0.0102067471371482,0.000757615584846328,0.0166597015670415,0.00113022037894968,0.048379806640281,0.0112990535128322,0.00121835324099012,0.00721445664053722,0.0345108476153227,0.00378952228576648,0.000356186365180456,0.00474155356312023,0.000490545095375886,0.00484002310327033,0.00161251542075552,0.0672531839665045,0.000338068570653913
C>A,GCG,0.0010994912191956,0.000125169963200027,0.000175638330948036,0.00029081707481397,0.00242356439890913,0.000170285316274043,0.00782311886573101,0.000330434963987451,0.000569921658528319,0.00135923119537449,0.00116229732656498,0.0022191837657528,0.016318495595254,0.000665811269266066,0.000203118408750692,0.000547290775139512,0.000112481106886466,0.00214140007831318,0.00173583766244835,0.0172587960161542,0.000118894611984817
C>A,GCT,0.000880114104397562,0.000429636862655138,0.000123587079506003,0.001402314336908,0.0106713338739903,0.000636108989608269,0.0657309673956403,0.00021144637802945,0.0220946595790703,0.00983999753260117,0.00125144828954136,0.00637910824935136,0.0188356276672081,0.000958441744725248,0.000476887425919921,0.0106774910061784,0.000539234475315002,0.00574675793745563,0.00301578272829389,0.0637796102320854,0.000133697266247858
C>A,TCA,0.000595265250717409,0.000227857786833811,0.00104222854081692,0.00454021341946455,0.0260248310929739,0.0105688446506101,0.074037203058834,0.00050096090920764,0.00238997227799398,0.00750238864843835,0.00345970096842691,0.00699468668201758,0.0398676766694353,0.00423531432999976,0.0741423934097535,0.00134883827820456,0.00238063683182394,0.00841398972226913,0.0142596794453963,0.0309402514695475,0.00142087569329709
C>A,TCC,0.00283084299539963,0.000243651659360391,0.000599692824738581,0.00115785102993305,0.0206142632431887,0.00821523389616841,0.0446619637002438,0.000818191379550848,0.0214029708785937,0.016694322763176,0.00375476009761982,0.00878316231013227,0.0459310614125577,0.00182714526103655,0.0309749218368903,0.00273252460237482,0.0151259255780627,0.00355997704458696,0.00653505675177501,0.0313712665847285,0.000930264299152917
C>A,TCG,0.000844478404002078,7.77972656883611e-05,0.000146517960145226,0.000299015209055854,0.00312193636982046,0.000274642557015773,0.0130780162798552,0.000178700155571387,0.0002845840139737,0.00126111224620118,0.000227571441478748,0.00220063963543788,0.0112210194525315,0.000627632380835483,0.0106446782894962,0.000169371084028905,0.000156027701632816,0.000730102240188652,0.00344778472043083,0.0129261481553214,9.29931655236894e-05
C>A,TCT,0.00258853760367838,0.00262642841086352,0.00140071087782881,0.00346141840651601,0.022459032890694,0.00162349407991826,0.127679410510582,0.000720031721861889,0.0159439920625792,0.00911622095759997,0.00385630953889093,0.0125368333620432,0.0423642716460802,0.0047572857450735,0.0340456796403734,0.0161681775066202,0.00400836502129843,0.0102984593241893,0.00979598737860644,0.0300107765906401,0.00127099402113502
C>G,ACA,0.00290133550439801,0.000411013544536425,0.000354314952258297,0.00614316535452579,0.0120454945342552,0.00151680467682285,0.000884726474082388,0.0008631972715006,0.00330166868162363,0.0205963794996639,0.00233454068516859,0.0104552392961226,0.00682260745837796,0.00403487516573919,0.00309934850559748,0.00399191127555309,0.00053451550126332,0.00201247989460732,0.00221093034759059,0.00739744547746718,0.000358289482549104
C>G,ACC,0.00141980206359087,0.000143741544923927,0.000256163290041459,0.00421456330290477,0.00861222425517868,0.00249306282385505,0.00285467259433618,0.000756290583242517,0.00485197853290499,0.0126191378344994,0.0016808404868098,0.00559931886815088,0.00248561622959564,0.00153513920664983,0.000748251586418556,0.00126912496477752,0.000323310849147106,0.00090900956173194,0.00133040917688308,0.0033872100206042,0.000226185068899127
C>G,ACG,0.000260270334793497,6.68844544102537e-05,9.81773234530047e-05,0.00137271798884093,0.00224413748439335,0.000793141254755984,0.00182944656097117,0.000350335528455029,0.000450841473433765,5.57299600559436e-05,0.000698538441945841,0.00151894215144554,0.00113927890436051,0.000481384045363656,0.00038986439274123,0.000385420479845526,0.000252265431515824,0.000407887083207003,0.00193816863350159,0.000579896637627316,0.000144591354497623
C>G,ACT,0.00220538868329679,0.000220209720469704,0.000505677753791935,0.00658851906555571,0.0146296350640948,0.00423178820271833,0.00429692937815066,0.000476882707633469,0.00972620555122058,0.0176814621275635,0.0021502763303551,0.00967482878319484,0.00331676215588128,0.00283763696230209,0.00396971262635076,0.00430496157467811,0.00169822754275091,0.00142770431055468,0.0103023075841773,0.00445465157661,0.00070157800388523
C>G,CCA,0.000861321238574564,0.000174390898816012,0.000226614376594653,0.0022860515391058,0.00757808301372731,0.00166630658641893,0.000160224188599835,0.000983371002737067,0.00419544178404621,0.0203809265440989,0.00140290306573819,0.0068569113243483,0.00787998633865548,0.00173308068662055,0.00573232874275629,0.00109466644198661,0.000186338348434553,0.00055597184649331,0.0049990861706909,0.00623198254643463,0.000136230477608343
C>G,CCC,0.00127312525179323,0.000179748291699478,0.000616893551341616,0.00112265683689906,0.00938986725355532,0.000856662239023657,0.00208678466315631,0.000153499358052892,0.00584679711295527,0.013965845010362,0.00105225515474034,0.00915266230687905,0.00719451549155388,0.00251454365880776,0.000455849110957434,0.00112653721449327,0.00188461479247097,0.000852823791329916,0.0062566372169187,0.00829038594347408,0.000455319154053769
C>G,CCG,0.000528910954588291,4.4275649877402e-05,0.000312995229781486,0.000344610559189681,0.00149985207292496,0.00155420356950654,0.00388960937864967,0.00048043485139865,0.000356644204128327,0.00142147621460629,0.000948246779260075,0.00254891449042473,0.00326415466730922,0.00112114803560699,0.000122306528335966,0.000227200527977912,0.000417429523324695,0.000463475737628034,0.00240254796125539,0.000856754721777257,0.000183050108788634
C>G,CCT,0.00114915117451125,0.000159305279694274,0.000246063027485955,0.00525529297007822,0.0146252268498536,0.000933426908303788,0.00272746154344097,0.000286732731844012,0.0144324515897041,0.0223300159372195,0.00343755109668531,0.00923125772525568,0.00606134685360192,0.00160449454719838,0.00623959629821583,0.0012872129621876,0.00410651805153056,0.00203679104526205,0.00510844637081277,0.0117728886277681,0.000378376057478208
C>G,GCA,0.000752996442254838,0.00011148836279267,0.000117025501417989,0.00172475020700289,0.00487927223657551,0.000435655420558322,0.000490080189327751,0.00107622384323467,0.00240612618566324,0.013294034766989,0.000977390664398703,0.00438723022555911,0.00540222057661982,0.00163379773609896,0.00117355667635255,0.000756688299297115,0.00018455345151345,0.00084690949970865,0.00156935172361129,0.00353102826756967,0.000119278431887921
C>G,GCC,0.00105468392785392,0.000106173786235946,0.000316811055599585,0.00345892646262751,0.00534361652163432,0.000449180088986886,0.000985129960587373,0.00127832074184511,0.0205633674316657,0.00878029335690411,0.000861470407103094,0.00466580319385325,0.00591260133152605,0.00142202978952371,0.000336820412297658,0.00173195455455835,0.000594851537367987,0.00124683503650241,0.00351803295311926,0.00341299634273851,0.000182231292995346
C>G,GCG,0.000497519934285516,7.003323843933e-05,9.66453476538086e-05,0.000222866459941262,0.001130624456294,0.000492657589572338,0.00044372944513243,0.000175197392859476,0.000730366332551211,0.00237571016280523,0.000405626825215284,0.00126303547883494,0.00335836027802903,0.00034298557480279,0.000239258153292769,0.000249969696692237,0.000245582255829504,0.000476185777794889,0.000922535052663543,0.000722486964491158,9.19312637917686e-05
C>G,GCT,0.000945850610453781,9.40639018227051e-05,0.000335620741710317,0.00384223438234661,0.00646293390839958,0.00129057556240212,0.000605605891642604,0.000764040116535599,0.00896159162374866,0.0152272989375057,0.00142707717883403,0.00668837009723275,0.00283525206954017,0.002835585293064,0.00252325990583458,0.00205128684004504,0.00100448945586814,0.00100355292538919,0.0047823551332331,0.00476041884142434,0.000274565567685373
C>G,TCA,0.00101586261606213,0.000548193487387298,0.000491310027661786,0.0221327413726645,0.0127372554432944,0.00369064224163999,0.00144924792678136,0.00329816383993496,0.00571869957412729,0.0131755010237538,0.00125770916424278,0.00757480647273666,0.00328881857395109,0.00454337692624981,0.283809471039333,0.00180006802251255,0.00184916951069072,0.000801756157907833,0.00213703190795551,0.00518947838014721,0.000305821301794801
C>G,TCC,0.00138817009115082,0.000162489743995634,0.000407405483765111,0.0157308652928448,0.0143165964354172,0.000623146288011917,0.00317776373031233,0.000988865467930844,0.00465832824015588,0.0204161376643924,0.00287766021159888,0.00754308544785186,0.00584586640349881,0.00153116967268918,0.0623338915912086,0.00114793598849936,0.00410501841210826,0.0016179284016425,0.00269312268524408,0.00526838361630777,0.000325588026804651
C>G,TCG,0.000274420669320377,7.65216959542027e-05,0.000185623117940786,0.0013405032939345,0.00156289331504386,0.000970778970418132,0.000994569604617756,0.000361564779968495,0.000257459866370026,0.00038473402586263,0.000816716506905797,0.00168481359480387,0.00189802361714928,0.000185988276583568,0.0135358143714482,0.000295853664644647,7.69787736064538e-05,0.000301970081816547,0.000600021017891599,0.000679070135218562,0.000101251690438808
C>G,TCT,0.0031880993672157,0.00168167545724211,0.000914217464195647,0.0471641732721538,0.0239594706263682,0.000670276573006746,0.00167459754733029,0.00136924442919499,0.0194651572892228,0.0238651665754903,0.00693586187376315,0.0115391065413634,0.00273856288728459,0.00252408838091541,0.376562658890076,0.00342468914021012,0.013069186410812,0.00126355428397022,0.0330976492046728,0.00318987871241935,0.000703842541313543
C>T,ACA,0.0255210690131834,0.00179310494758551,0.0016437920696721,0.00874733700583263,0.0193378704773454,0.00409498674353024,0.00864335177910649,0.00303275713896291,0.00438662803246119,0.0125488389073353,0.0124740175321879,0.0329589849269471,0.0092748808895677,0.00778885005188047,0.00792350102097872,0.0816488504237824,0.00161832284222813,0.00524256457674272,0.0060387016111685,0.00315251052661036,0.000696242907232086
C>T,ACC,0.00660928630601733,0.000351090311248809,0.00178031497833011,0.00265057959183909,0.0123777649421775,0.00502127667306494,0.00484658904845716,0.00249112270221235,0.00239480206702126,0.0125346540101589,0.00372952196022239,0.017596327407931,0.00354564198474279,0.00193454568550016,0.000415187299351879,0.0195150088235834,0.00908651086483464,0.0036414975930397,0.0130808816140427,0.00529327552750386,0.00605628785407802
C>T,ACG,0.339965464330164,0.0104559450156585,0.000660607467152848,0.00559694208870475,0.00225905551113055,0.00411648197486234,0.0180515623498906,0.0159282834091104,0.00719515362847862,0.00596127143882052,0.000921055767992044,0.00708392073554937,0.00114481590802416,0.00350304681802158,0.0101206971474122,0.0088552905027584,0.00085785080105318,0.0109472969227742,0.00286037516753994,0.0180480454513564,0.000873554908469316
C>T,ACT,0.0100050303801841,0.000876774898865651,0.00289393307816484,0.00660318180785618,0.0163845854572005,0.0291013025482658,0.00822419700201517,0.00134463291224551,0.00139173287043727,0.0107705912700208,0.00483184464871491,0.0233086429288106,0.00361292465936902,0.00318338783042579,0.00062976138834844,0.026266258353723,0.0074901854508716,0.00800994124179708,0.00517500789448507,0.00582569258786799,0.00869283632647608
C>T,CCA,0.00447507516424874,0.000721781580076917,0.00233229330053896,0.00387937879233682,0.0201148465758818,0.0413785263687997,0.00931192492085407,0.00220666479088895,0.0045580363931091,0.0166448650889947,0.00818725177172698,0.019527169716037,0.0126256934916349,0.00303325916400366,0.000549344185384521,0.0052006661088473,0.00393837913151985,0.00600630435052733,0.00532127168683765,0.0118254466400195,0.00384441051647088
C>T,CCC,0.00250494122088885,0.000224072109944463,0.000508713478030543,0.00117430147111005,0.0172566530343691,0.00157006040028879,0.00597865468925695,0.00239982371885762,0.0866335116831777,0.0186389857182209,0.00345362824436418,0.0191124369741466,0.0112624814885677,0.00615375887213141,0.000863567641261423,0.00510383498895407,0.00440608732656273,0.00205478982697484,0.00544101672572276,0.00988324086741246,0.00279871877845785
C>T,CCG,0.168368745092999,0.0090146653929309,0.00360974299656109,0.0133619295330996,0.00389080576236728,0.00663006595420699,0.0192940325473632,0.010628573797357,0.00601474532624035,0.00331037966575427,0.0027316812677834,0.0188408424147931,0.00326170681837773,0.0055980241176395,0.00795261350006195,0.00879540546674704,0.0102251365468558,0.0152265712517032,0.00428897491128811,0.011005377926217,0.00592685098875461
C>T,CCT,0.00237643388130323,0.000390113825045984,0.00207008165713283,0.00714615471208351,0.0218329203676249,0.0109872570555334,0.00524402111689783,0.00261949368829154,0.0481117828391593,0.0238505577884227,0.0030253195352565,0.0227516000463566,0.0159391283420888,0.005397094336822,0.00142426382044287,0.00706617351052497,0.0244261839618601,0.00474505322819808,0.0375606477321429,0.00275710509437673,0.00724164525783217
C>T,GCA,0.00589389941044532,0.0004230021160239,0.000457403836313749,0.00385808892389809,0.0135353884512092,0.00166584764683929,0.00876462836360539,0.00260318148036154,0.00525370950570045,0.0165922436548073,0.00473242325604698,0.0202093014709529,0.00419433215804548,0.00341018648424532,0.00761428461716841,0.0802713915127333,0.00028191591096318,0.00519985656705455,0.00847532425427093,0.0193561593472825,0.000388093098025121
C>T,GCC,0.00289542657349668,0.000220855533398047,0.000741283827539659,0.00697540238302788,0.0113636432908302,0.00410311653036957,0.00594542167743764,0.000233881836564858,0.0164184975362538,0.0129438503362867,0.00411540594428076,0.0232095966781417,0.00401344819965091,0.00280338300632699,0.000406547876848206,0.0683235809941777,0.000561590513007167,0.00344388063742529,0.00416289676335055,0.00526732245078784,0.010439901364426
C>T,GCG,0.191186832642605,0.0101804415772301,0.000587942544697511,0.0281367190207224,0.00091158469886166,0.00181837481121544,0.0255951571748548,0.0126161052262576,0.00461344462408012,0.00213243846974583,0.00111217788918833,0.0133519787320455,0.000507909090905225,0.00262475397809745,0.0083340525326457,0.0500647208314973,0.000152034096649528,0.00596951063246041,0.00197184179258451,0.0153590823428667,0.000545037056404305
C>T,GCT,0.00214522349497282,0.000130866318670192,0.00118083770797534,0.00521594553723006,0.0125724820626614,0.0403158189907456,0.00552141259222214,0.00109117971823487,0.0049380628051741,0.010647220043967,0.00479099649625881,0.0180822833882076,0.00348815921122448,0.00388871603327772,0.00181238226717291,0.0631228966942502,0.000938203763359801,0.00228021532684693,0.00904691016004807,0.0122867656105483,0.0045082142448923
C>T,TCA,0.00256614166287239,0.000174030528065943,0.500559743412273,0.00887771262086876,0.0297486549593733,0.00183794062309028,0.0103930288651506,0.000757709465506459,0.00169969253903824,0.00404990953052927,0.00569097290476389,0.0209706176968648,0.00262527800372561,0.00848552556272827,0.00486677768006835,0.00382683935014428,0.0163017162370712,0.00479728665948782,0.0041681895634232,0.0167863802861885,0.758077579418799
C>T,TCC,0.00317259157558986,0.00045474328624788,0.0910004171490551,0.00515111888100018,0.0217320314575206,0.0593556018122943,0.00957162827079716,0.00125104264801908,0.0145949081297126,0.0124909612384974,0.0027755592943178,0.0227272291470755,0.00646954565057518,0.00653135521495071,0.00392453209240589,0.00391110043362078,0.0101428845846285,0.00869329783090227,0.00689027664078901,0.0118559020904415,0.0489668988342085
C>T,TCG,0.0921795686164963,0.00498455009421831,0.0410355781748518,0.00396056560192164,0.0028312908397434,0.00738007625459072,0.0161208520182569,0.00559718766078882,0.00257092881043666,0.0014733397850488,0.000745420390746316,0.0177228189393869,0.00023398816127378,0.00327656037473828,0.00459796888882748,0.00162055237942664,0.00026282810918591,0.00836576549828035,0.00363471181816918,0.0160102589844185,0.0599099880916037
C>T,TCT,0.00205481461076716,0.000531602160775168,0.306273720605182,0.00931338747737523,0.0226751241825439,0.0267282102769741,0.00236463723371142,0.00189342430964991,0.00919365086288703,0.00683160344789314,0.0101340594062155,0.0211852750475585,0.0067962526818001,0.0019902083639597,0.00222352245029194,0.0052270128566672,0.000929882394608907,0.00160152192921236,0.012713050260028,0.00998931194088326,0.0286162430177722
T>A,ATA,0.00184068240760844,0.000140234174158395,0.000596123346787691,0.00903084076706078,0.00630048995412057,0.000842079199727761,0.00158496148834436,0.00118797316678338,0.00482717425682866,0.00544164280443821,0.00481269869923937,0.00725661540516378,0.00949106558529807,0.0564014131897712,0.00016136621706918,0.0049044425589053,0.0125573529558109,0.00122946180486494,0.0137727418387122,0.0040179364866362,0.00133857191207484
T>A,ATC,0.00318046174481786,0.000310104382476006,0.00130877949925896,0.00472180028716584,0.00417494980618342,0.00149304284593416,0.000745657163895284,0.000842822648921636,0.0071443392673965,0.0066720474393109,0.00535973046136392,0.0069588045958458,0.00353636261301154,0.00619318660270692,0.000285937123661045,0.00262038265664839,0.00275390034411916,0.000736841120545575,0.00690144627404578,0.00126786540370587,0.000691368394462666
T>A,ATG,0.00247370990142124,0.000191824279854048,0.000414336583653936,0.00129817636295878,0.00671414103489505,0.00298817433526138,0.00139123958510754,0.000336907174035964,0.00149293562749055,0.0100263844867799,0.00311926509554309,0.00941740276383505,0.0125652253290445,0.0537209965332142,0.00101566228296081,0.0015196282664889,0.000447438612199122,0.00223779165810208,0.0114976043509299,0.00502399719706772,0.000642245843863752
T>A,ATT,0.000653072750395829,0.000665510222657583,0.000328440727830668,0.0801107593216669,0.0109355112262733,0.0346980613558572,0.00713503029528018,0.00150642170310723,0.00745692557243338,0.00624521472468062,0.00472417706770967,0.00587480582626244,0.0043608947542759,0.00305087675854815,0.000858537176125719,0.0287390628404195,0.0513074814133753,0.00196991405539081,0.00895799111882749,0.00125564684071924,0.000851248575100595
T>A,CTA,0.000757990595565236,0.000113308056679162,0.000490445244002943,0.00396190186168794,0.000923185859254788,0.00171383961431017,0.000733655879693833,0.000499956827791162,0.0534635364067826,0.0082676075251333,0.000694574302627119,0.00333618993244883,0.0145471239199707,0.103694753007569,0.000254617126632631,0.000428848651971225,0.00346957065755301,0.000343597595920071,0.00461939164409957,0.00163257283339865,0.000483619474909296
T>A,CTC,0.000968519723740978,0.00244310138785395,0.000601709797901342,0.00297785488919572,0.00741511763067805,0.000550446512151451,0.00236074781005168,0.036473501066769,0.0344186625092647,0.0177711469524172,0.00513157510410991,0.00496918654520701,0.0114374354946515,0.0602019520473161,0.000421565688323812,0.00306210452970631,0.0157631582295391,0.00253023631831707,0.00648911889735133,0.0018589800768296,0.000601791226076601
T>A,CTG,0.00152567531200227,0.000637494072860069,0.000319315592249527,0.00390036168218058,0.00327525595036502,0.00185725354989062,0.00261012348070509,0.0113964524677668,0.0562924165817942,0.0140431085768895,0.00184757439245932,0.004549425403149,0.0329661120491366,0.153603257479851,0.000518903850810024,0.000856369355088006,0.000716900995785842,0.00104409994390806,0.00646884199776264,0.000867624088602834,0.000373674263665185
T>A,CTT,0.000515297158832206,0.00810041193605798,0.000332112850726228,0.00888578435215978,0.00929280719239198,0.000497181422571643,0.00230059409473459,0.0674946392257778,0.0676045885407377,0.0130225088859107,0.00336570999246891,0.00383810366496374,0.0116234873231322,0.0454246705554422,0.000447356856316774,0.000572970516685495,0.0508556579859088,0.00208640853987314,0.00265600008059657,0.00285653630359424,0.00121777739156966
T>A,GTA,0.000660008529649624,0.00014132599049029,0.000412571090605617,0.00257661580801804,0.0024199213247112,0.000249026235580786,0.00137423242907179,0.000249746322945215,0.000916578619132123,0.00748388135888674,0.00162924179613582,0.00352049964506592,0.00910883031733197,0.0418842476760832,9.32542542876111e-05,0.0016055508019568,0.00158700156885919,0.000841023642181717,0.00184523436463969,0.00193415607416298,0.000473000457590089
T>A,GTC,0.000370454104869997,0.000325136481189319,0.000220196501429177,0.00254835571971728,0.00343773642984774,0.000371282119928461,0.00188765556445839,0.00274335783024235,0.0059067992138152,0.00771556287470959,0.00148463829836874,0.00294009394929745,0.00343648731466932,0.00986888584726446,0.000185842908467506,0.00240523675114827,0.00239191672834817,0.000526627861141645,0.000871651167827134,0.00152340922041263,0.000478245996265842
T>A,GTG,0.000842131922432677,0.000224544873552228,0.000311899494997137,0.00128958096229989,0.00438400621784916,0.00137199519027574,0.00152761063431445,0.000798254602310873,0.00165440917108913,0.0123680794125907,0.00240646613277474,0.00368871526923602,0.0141903146408711,0.0270282445275737,0.000172259983656273,0.00275441453554625,0.000181880181238922,0.00109454202725482,0.00695236666095166,0.00266047839403332,0.000425988916458246
T>A,GTT,0.000659062932599268,0.00154618319127028,0.0002342537266017,0.00479856299347035,0.00579185130262101,0.00780636556127884,0.00325711907341171,0.00480160621949494,0.00205444939005957,0.0121744336651543,0.00158223657622724,0.00318286583116732,0.0052793807469537,0.00731339800670521,0.00050279900398262,0.00344628801609838,0.021022173627747,0.00157561846927499,0.00109765373092945,0.00164598899747206,0.000669183604063261
T>A,TTA,0.00666538472658252,0.00132224845037411,0.000345518280500098,0.0927503140481314,0.00743174604454085,0.0149986886972276,0.0108266697174093,0.00114227923215807,0.00473534928552577,0.0062905529598287,0.00392730072125666,0.00619785407176432,0.00894068231790201,0.0641882115724136,0.000570994584868173,0.00656552466501277,0.0171822898354579,0.000826664424543548,0.00878126634950505,0.00206411853133964,0.00050712844397441
T>A,TTC,0.000671282848258904,0.000314755305968245,0.000291239633758732,0.0176502218714881,0.00998471231301142,0.00112561019880635,0.00236572379608398,0.00545670844044797,0.00543943029407642,0.0107814389976904,0.00661073108214425,0.00391715420568409,0.0041939017857177,0.0250361182988915,0.000519465764468799,0.000210495052662874,0.0353438034626039,0.00313434708651616,0.00577218175095828,0.00166104238834765,0.000742256516615858
T>A,TTG,0.000894421337990576,0.00011131888149932,0.000157593349675093,0.010928094886867,0.00480408384524246,0.00452106062959935,0.00146093114066157,0.00139669041860214,0.000799379233835166,0.00611230212253088,0.00229627473802976,0.00497272166290057,0.0103822458996936,0.0428859528808291,0.000175621431436448,0.000731390570435287,0.0125905650788862,0.0011752379869719,0.00318115535401222,0.000993751190400321,0.000271258319520295
T>A,TTT,0.00325262410816294,0.00116281650571323,0.0010925707539302,0.0503005194041712,0.0218702869105131,0.0264702113043056,0.006893175173229,0.00299589912080261,0.00471080714182542,0.0132709147847125,0.0074421687545397,0.00799939110966035,0.00544829252968474,0.0287896917714862,0.000252155409651329,0.0130507599657256,0.272622221652069,0.00589890877623155,0.00626517870117387,0.00391827788480727,0.00168173889044165
T>C,ATA,0.0052368999807426,0.000282188137440887,0.00276262453269606,0.0128262157697649,0.0195968127603444,0.00582517022654391,0.000745221685066202,0.00072132221338733,0.00118981885453565,0.0132192490295526,0.0566465192800101,0.0477844392887954,0.00719307808200064,0.0270554960472362,0.0021899481091801,0.0244668694648712,0.000541361681234672,0.00114344866950759,0.242412761970334,0.019135118569481,0.00131218429373645
T>C,ATC,0.00449628735763613,0.000407117258802996,0.00113919465392282,0.0032292884160327,0.00756593712400294,0.00467000993847709,0.00160879968483629,0.0114576323006974,0.000712338178393756,0.0070087688701666,0.0424491392166671,0.0135532378423247,0.000329969695749304,0.00243229848326337,0.000454772109778115,0.0049470036228749,0.000675253400960117,0.00114990320892119,0.00684866428159711,0.00254757038271268,0.000572652898432631
T>C,ATG,0.00294516637922991,0.000145629031327759,0.00157228446896792,0.00342068054120832,0.0160228215770248,0.00970878251225156,0.00224687863504745,0.00115583926938585,0.00122765766300717,0.0105005233132651,0.0667400873711877,0.0396778807013055,0.00346366371114566,0.00685114800706202,0.000412344283816408,0.0341303532786602,0.000664609221147514,0.00124575454091776,0.0473532039162194,0.0136450574760597,0.000898592760148461
T>C,ATT,0.00836845404523154,0.000715826542632692,0.00201941611244384,0.014007180482142,0.019200491629242,0.0491482891570738,0.00406639030155517,0.00948993888693025,0.00484562837609707,0.0157126233190587,0.0538704214855884,0.0366070792237928,0.00102161374908604,0.00274945978656931,0.00240755251826506,0.00582331646555316,0.00233612036158165,0.00419178262066641,0.120212776403252,0.0317251349666106,0.00205837496435912
T>C,CTA,0.00148560160945045,0.000610171904358481,0.000480506647235294,0.00893432308529234,0.0107440883013173,0.00962248313905156,0.000382627922952046,0.010755354713521,0.00067512848762457,0.00873282411166677,0.043663022258,0.0139984056378609,0.00452205643295422,0.00546631587285503,0.00028364933233603,0.0142722970647055,0.00702955979201338,0.00214117260555852,0.00786442561967829,0.00174833083211567,0.00148182629390999
T>C,CTC,0.00321072785485185,0.00541640270178229,0.000546612557726234,0.00311722317130774,0.00985499242227972,0.000726810436327252,0.00184737163806822,0.162744268153499,0.00158933480875415,0.0145614938009244,0.0396215076111021,0.010562901193203,0.00234008914405791,0.00172219791935762,0.00022140401573001,0.00409762570627627,0.00375054929387726,0.00375466528848507,0.0023303468678505,0.00417709615511839,0.000651483109531786
T>C,CTG,0.00221967070096846,0.00347751172967097,0.00110284294676802,0.00302045268363757,0.0105933147793695,0.00201289963018555,0.000338574116110115,0.0873468761025555,0.00209478500941222,0.00908622239845309,0.0377356478076448,0.0211464549160895,0.00534774190401396,0.00434753171702236,0.00031407294328973,0.0333038658046439,0.00258660089617637,0.00228030062912993,0.00862834092947483,0.0146455243282504,0.000602789157824672
T>C,CTT,0.00112027614280468,0.0164829317289442,0.00125637412275781,0.00683531179833948,0.0131631286129252,0.0334011074699095,0.00246643254470935,0.386158118106232,0.00396949678257739,0.0160342761065406,0.044149294339732,0.0144863713742491,0.00200653868249847,0.0022154013635929,0.000307253050728759,0.00881810187114057,0.0372528770480439,0.00321973467179819,0.0196746519445547,0.00498574975982792,0.00296223245417849
T>C,GTA,0.00192434042931681,0.000133321121403341,0.000483447424900083,0.00397185157967754,0.0059415832265181,0.00123798483302097,0.000686641243754177,0.000695318150735652,0.000819412700668805,0.0101968845616433,0.0664999682284939,0.0143785831656812,0.00273191678181182,0.00315069492713184,0.000357765074983682,0.0253009062371696,0.000116458411441251,0.00101617766327305,0.00470601105494376,0.00590012576933742,0.000294236337719448
T>C,GTC,0.00262261271871965,0.00114685850393414,0.000294082898726084,0.00380463853324616,0.00439651358114131,0.0020780315860389,0.00189573540449797,0.0135016589466084,0.0022794703749031,0.00570638259371332,0.026752088267719,0.00816649398977422,0.000805087137000398,0.00330091279656433,0.000358049376537229,0.00214751765429174,0.000377876533561633,0.00124592514548375,0.00180825776827004,0.00640440678391596,0.00027668297415083
T>C,GTG,0.00277197642702481,0.00124613886156479,0.000500840610774373,0.0027855057131064,0.00541855238526583,0.00276322837844087,0.00393219664649366,0.00361946330906757,0.000524166452302455,0.0102968544966748,0.0387267669807152,0.0156246078955601,0.00201479400624031,0.00232686052502751,0.000387810732107372,0.0186682201040663,0.000368919448099114,0.00146236547154661,0.00320811213231329,0.00957192522287963,0.000351598222238326
T>C,GTT,0.00130863207081296,0.00112800326404558,0.000532393666765856,0.00266527844926837,0.00737027412669183,0.27763773720421,0.00372308782462929,0.00622767507272216,0.000606043499937223,0.0103394451546192,0.0488686638342253,0.0131918454391176,0.000466115344972126,0.00116829182657793,0.000226983015627852,0.0119625452935158,0.00526344096454656,0.00361585003995132,0.0087629240595981,0.00461080966262152,0.00199446255349394
T>C,TTA,0.00193998830939455,0.00090902451296968,0.000825947944026891,0.0590299974788029,0.00980570984655258,0.0691292633953247,0.00153325264679123,0.00194865207962644,0.00052495940273977,0.0150540731221906,0.070614310148473,0.0186191280613443,0.00174650874270339,0.00658411879557382,0.000172119505241579,0.022663314818654,0.0309960227687971,0.00301318941056321,0.0117900589314961,0.00325594384578876,0.00321170899419764
T>C,TTC,0.00478496062605327,0.00131434348604955,0.000315261116935071,0.0262045415713483,0.00744871326115533,0.0121060299912145,0.0058799333464643,0.0141564912178035,0.00188304758272106,0.00935232505795407,0.042315961004236,0.00968269979331359,0.000279876398088109,0.000492891233699042,0.000270390845768257,0.0118752159811793,0.0232833853701421,0.00270686891231372,0.00966879591755015,0.00184087962496106,0.000701462857914299
T>C,TTG,0.00158527454298055,0.00119321788171294,0.000460662813307014,0.0249179942798692,0.00579664806946036,0.0209777629068866,0.00309023675506725,0.00212620659476197,0.000379036862345711,0.00657347890994998,0.0358382783754617,0.0131917997263888,0.00158459518825876,0.00301813925374902,0.000140695821764225,0.0177732371494117,0.0132580187248075,0.00223261665293347,0.00890829355124874,0.00135254641219635,0.000454302031310544
T>C,TTT,0.00655979725861301,0.000975637797310574,0.000435229962141465,0.0485339117628672,0.00960610527596492,0.0356259435247498,0.00279941161174583,0.0191356651207149,0.00194228949969067,0.0133002620948448,0.0540115020248447,0.0197474192572202,0.000406873658462049,0.00268871253651971,0.000505277444584719,0.0325874586205983,0.0879343242043245,0.00324142988577427,0.003350944730136,0.00631746700881877,0.00210955095143964
T>G,ATA,0.000525176196460516,0.00124734842279522,0.00068937884514378,0.00671223143932476,0.00739341347298892,0.00346061985110183,0.00074172077683241,0.000799963186753995,0.00295189889905516,0.00390609268205779,0.00229652128024598,0.00374365635540496,0.000800465312436914,0.00264767915175787,0.000140197457864478,0.000484173790546326,0.0110117870762069,0.00993225662327444,0.00935520663876278,0.00210761115814938,0.000664545780234089
T>G,ATC,0.000671777360494127,0.0044086169791437,0.000385698644091074,0.00103345246871644,0.00668569734737597,0.00273046571212292,0.000510142101267494,0.000704269289658289,0.000782091603639831,0.00236406089788688,0.000754510012981226,0.0023985408650948,0.000119623094204377,0.000297581242533708,9.78499052825961e-05,0.000217632019793836,0.000934576918017834,0.0165360465980213,0.00288590836513181,0.00156400638130369,0.000452728369707818
T>G,ATG,0.00153859006638335,0.000904721472132211,0.000315756378793103,0.00169685126999031,0.00804382848116994,0.00972364653496356,0.00165680909104237,0.000929871569624974,0.0038127481750557,0.00622983137517548,0.00231571264539292,0.0077778231171414,0.0010652922876641,0.00439757460582974,0.000135782421974099,0.000873390142459806,0.000680151679725334,0.00961049641180212,0.00497736743935829,0.00396894095863025,0.000728426206107347
T>G,ATT,0.000325139693332426,0.0600075083067376,0.000565727612547359,0.00761850448190554,0.0183844039647227,0.0125630401513969,0.00148572141341707,0.0118949443243109,0.00224861084094183,0.0034566460839908,0.00150717095934079,0.00428988777650991,0.000105356166484857,0.00306265155591459,0.000467505474652866,0.0018047734485904,0.000417421373110443,0.0957766071966636,0.00962539495695439,0.00327083048208264,0.000791008041308438
T>G,CTA,0.000429205800714253,0.00193364418807194,0.000126530423294408,0.00269274400473513,0.00329113937602105,0.00131354127361184,0.000203392094882605,0.000460445401035188,0.00300454818676908,0.00497655980744619,0.0018220832248926,0.00240272317879079,0.000765572833435745,0.00534892471123202,0.000132083157053827,0.00074966654234074,0.00356328182101802,0.0144940805475906,0.00197864942854003,0.00161124340644804,0.000266761229655594
T>G,CTC,0.000954502473243407,0.0293626679690965,0.000349511168847752,0.00201511584270662,0.00563636099143509,0.000373155342702501,0.00187072312292764,0.00181961938743343,0.000475580216416096,0.00748048381718324,0.00151526792475776,0.00438892320047996,0.000279765828122476,0.001937801595378,0.00017077158140535,0.00274405168352687,0.0057719980334185,0.0191065740280082,0.0015803753485902,0.00300423538446118,0.000327200070397688
T>G,CTG,0.000896802841672954,0.0127234441594524,0.000182710567635782,0.00223196913369954,0.00556405116400157,0.000519369746330139,0.00245414094128851,0.000535297201580979,0.00606090028433958,0.0114665722287944,0.00149115220323944,0.00591820885928772,0.00348961703369445,0.0079289879811432,0.00018453177659703,0.00354512621850677,0.00134574707679729,0.00931185311902253,0.00187275692501749,0.00235938025750667,0.000158498428986755
T>G,CTT,0.00100699641794109,0.541211850012859,0.000577842282142007,0.00759210432273895,0.013443649104635,0.000309596893979347,0.00341645736145239,0.00300123885869614,0.00205307319508572,0.00675649272820681,0.00115635436156342,0.0073486491628399,0.0010266965653524,0.00147876290410748,0.000119721056560767,0.000976654841049676,0.00303153739260025,0.0184020056045306,0.00683090602480162,0.00208611497661707,0.000192185022482507
T>G,GTA,0.000446551552829077,0.000405711456075001,0.000149520324776817,0.0023260309867083,0.00257753891414096,0.000311488848981127,0.000518747077542137,0.000724433219743304,0.00115298270240222,0.00477568481059309,0.00158324869690436,0.00248016294730435,0.000514257508008987,0.00207628926894922,9.79067655933056e-05,0.000309575802807235,0.00232844285975663,0.000379083345647666,0.00131381898631052,0.00105705729341791,0.000286623909641221
T>G,GTC,0.00031108601983736,0.00548122483645452,0.000217894688544958,0.000658559374012138,0.00227656997605584,0.000251030583949008,0.000153907610878012,0.000399528933722028,0.00449957431995801,0.00215639338665643,0.000449271285439584,0.0016597586085463,0.000148505670304263,0.000717950428816711,0.000185428162671743,0.000263431096038656,0.00132773510330124,0.000828455772486528,0.000777585334811765,0.000551184530559475,0.000234750649736729
T>G,GTG,0.00111581012295796,0.00134605254402848,0.000261575244749172,0.00146618394222417,0.0044219483475683,0.00408213643530033,0.00546585915571226,0.000745663780578938,0.00478003630231955,0.0113814474315578,0.00207580760515003,0.00514698059001527,0.00223499324226139,0.00193146818164302,0.000742378250794689,0.00100486314274316,0.00615117045104614,0.00404230458675778,0.00110922488695035,0.00159784240188206,0.000428010367947927
T>G,GTT,0.00070362787091915,0.112062394149232,0.000229077855266728,0.0019488626388884,0.00516262532080779,0.00669676205107666,0.00168220561863836,0.00669405936843055,0.00371098838670347,0.00582519636117966,0.000795572267888257,0.00200009909717625,0.000196504942923996,0.000587491026177159,0.000186802844301247,0.00303795283889694,0.00658476184923178,0.00670109144555438,0.00304301327211596,0.00202455221695365,0.00104269794276882
T>G,TTA,0.000782379995041822,3.58907858906267e-05,0.000266009506358906,0.0436577193000007,0.00798245858199335,0.000725040240805785,0.000472827542775612,0.000107430127422738,0.00413910298314049,0.00681236783843761,0.00144855230345755,0.00503284312401087,0.000212612435302217,0.00564222420926884,0.000208694063924375,0.000271174432509546,0.0213002752384404,0.0379200778457261,0.0107951037730109,0.000988081534622405,0.000350798597440192
T>G,TTC,0.00115622003779435,0.00806320633213368,0.000441509266631637,0.0187033932005397,0.0115125408027459,0.000947747696411318,0.00121440956409876,0.000198228716104335,0.00207505299481095,0.00591273347725149,0.00254386151469387,0.00656652763049313,9.77812733007597e-05,0.00450443981223123,0.000212313055464822,0.000720051463778619,0.0169067310916109,0.0357715692438297,0.00344575885557544,0.00405394031677671,0.00030770201932001
T>G,TTG,0.00135963547438238,0.00431086016913958,0.000363301517164134,0.0190551364976711,0.00889796281306036,0.000780993405066339,0.000831501995428036,0.00130894357901259,0.00413281835942657,0.00847857880848526,0.0015399416102391,0.00683535616876558,0.0021826051925442,0.00433499869406793,0.000110399310328581,0.00199929673283955,0.00789198286326171,0.00950895826093894,0.00255521786679935,0.000645537304788749,0.000283431807447073
T>G,TTT,0.00269471064137685,0.110952502191398,0.000930335286632415,0.0885428293104751,0.0247996554791647,0.0013417145441334,0.00190984150303998,0.00505238625248859,0.00357872294309754,0.0101973469869792,0.00440835000077661,0.0130945270493993,0.000173372005037057,0.00680543146425671,0.000149392104578607,0.00904328925290992,0.0203069597263112,0.461652344460741,0.0217349017493872,0.00362942863028211,0.000596353777449296
