Mutation type,Trinucleotide,SBS96A,SBS96B,SBS96C,SBS96D,SBS96E,SBS96F,SBS96G,SBS96H,SBS96I,SBS96J,SBS96K,SBS96L,SBS96M,SBS96N,SBS96O,SBS96P,SBS96Q
C>A,ACA,2.62e-05,7.36e-05,0.00147646,0.04850026,0.00821646,0.04143355,0.02236142,0.00038151,0.00071525,0.00056461,0.05469841,0.00435883,0.00228118,0.00024136,0.00100484,0.00300015,0.0001284
C>A,ACC,6.112e-05,0.0007532,0.00041606,0.03953923,0.00867647,0.01410125,0.02251319,0.00077771,0.00186512,9.837e-05,0.0162098,6.39e-05,0.00130797,0.00064045,0.00057698,0.00408859,0.00125929
C>A,ACG,2.732e-05,0.00021603,0.00013388,0.01832049,0.00263569,0.00265665,0.00041346,2.878e-05,0.00011888,0.0001096,0.00094603,4.305e-05,0.00010313,0.0002946,0.00013551,0.00056617,2.69e-05
C>A,ACT,0.00025719,0.00027099,0.00063485,0.0350881,0.00330555,0.01833536,0.01345872,0.00663248,0.00093847,0.0001431,0.0222277,0.00080225,0.0001447,0.00387585,0.00024063,0.00456612,0.00340267
C>A,CCA,0.00053494,7.766e-05,0.00151075,0.0920702,0.00029462,0.01397859,0.02403213,0,3.771e-05,0.00017454,0.08155444,4.12e-06,6.055e-05,0.01295107,0.00135693,0.00069217,0.00458016
C>A,CCC,0.00017572,0.0003361,0.00103902,0.09720275,0.0005353,0.00338455,0.02577434,0.02639336,0.00173653,2.5e-05,0.00970311,0.00144052,0.00140395,0.00318456,0.00052095,0.00330224,0.00021438
C>A,CCG,7.87e-06,0,0.00038365,0.02872354,0.00383527,0.00016792,0.00023864,0.00382285,8.905e-05,2.164e-05,0.01227056,0.00137217,0.00034116,0.00028409,0,0.00143565,4.89e-06
C>A,CCT,0.00014508,0.0003435,0.00148625,0.08820724,0.00011542,0.00565545,0.00369626,0.07920777,0.00024328,4.53e-06,0.02605027,0.01168079,1.849e-05,6e-08,0,0.00056111,0
C>A,GCA,0,0.00029582,0.00048521,0.02618754,0.00732366,0.0128748,0.00512925,0.0011343,0.00120579,0.00126603,0.14079598,0.00015936,0.00246983,0.00021614,0.00049508,0.00576639,0.00606982
C>A,GCC,0.00018514,0.00021501,0,0.04463833,0.01030886,0.00909162,0.01060322,0.0044669,0.00035833,7.44e-06,0.01700412,1.52e-06,0.00072762,0.00019893,0.00021206,0.00546727,0.00016619
C>A,GCG,1.768e-05,9.017e-05,5.73e-06,0.01786385,0.00349478,0.00177456,1.252e-05,0.00037776,0.00075512,7.888e-05,0.00798291,0,0.00017773,5.603e-05,5.36e-05,0.00078966,0.00055189
C>A,GCT,8e-08,0,0,0.0187946,0.00457421,0.00921683,0.01046632,0.01044966,3.285e-05,0.00042091,0.07992642,0.00011085,1.492e-05,0.00021347,0.00018898,0.00157923,0.00358726
C>A,TCA,0.00039537,0.00045321,0.00223256,0.04004535,0.00012787,0.03407025,0.00084467,0.00105328,0,2.647e-05,0.08482614,0.00150585,0.00020281,0.01094174,0.07720654,0.00165008,0.00341314
C>A,TCC,0.00054875,0.00014128,0.00355648,0.05157402,0.00354496,0.0242966,0.01552178,0.00253142,0.00244183,0.00016938,0.04761207,0.01232891,0.00071181,0.00825784,0.03093113,0.00148369,2.314e-05
C>A,TCG,7.2e-06,2.718e-05,0.00020509,0.01195952,0.0020853,0.00313939,7.206e-05,4.822e-05,0.00058075,1.024e-05,0.01502204,0,0.00010859,0.00024651,0.011102,0.00106737,0
C>A,TCT,0.00044719,0.00097429,0.0008727,0.03331278,0.00273973,0.02605603,0.00373952,0.01795253,0.00188325,0.00276068,0.15580714,0.00346301,0.00087991,0.00135937,0.03508043,0.01090872,0.00411584
C>G,ACA,6.338e-05,0.00018858,6.1e-07,0.00686194,0.00808894,0.01489471,0.03084232,0.00490277,0.00233446,0.00021637,0.00100469,0.00078627,0.00066903,0.00160781,0.00343413,0.00606379,0.00451311
C>G,ACC,8.08e-06,0.0001105,3.609e-05,0.00253815,0.00354908,0.01183673,0.01854985,0.00180068,0.00089709,6.487e-05,0.0036213,0.00069377,0.00051851,0.00268334,0.00091787,0.00181437,0.00340892
C>G,ACG,1.899e-05,2.72e-06,0.00061648,0.00127022,0.0015101,0.00403071,0,0.00051832,2.393e-05,6.666e-05,0.00229698,0.00032743,0.00044837,0.00060069,0.00029735,0.00074476,0.00115969
C>G,ACT,2.646e-05,0.00032117,0.00010824,0.00293953,0.00650279,0.02174918,0.02521498,0.00513425,0.0017715,8.679e-05,0.00546868,0.00239131,0.00028947,0.00376704,0.00420683,0.00453045,0.00475211
C>G,CCA,1.11e-06,3.505e-05,0.00044471,0.00906734,0.00492991,0.00601467,0.03029581,0.00124053,0.00016678,0.00012966,0,1.497e-05,0.00071089,0.00151682,0.00625019,0.00288754,0.00027979
C>G,CCC,1.608e-05,0.00044111,0.0011229,0.00763305,0.00784065,0.01248289,0.02125167,0.0017782,0.00057045,5.867e-05,0.00326309,0.00169425,3.301e-05,0.00050224,0.0006118,0.00564538,1.895e-05
C>G,CCG,2.329e-05,0.00028756,0.00074215,0.00339896,0.00277896,0.00200318,0.0017388,0.00034807,0.00048739,0,0.00451124,0.00020721,0.00050335,0.0013191,7.16e-05,0.00252629,1.385e-05
C>G,CCT,7.071e-05,4.322e-05,0.00067491,0.00705677,0.00667995,0.0180624,0.03400611,0.00172574,1.589e-05,2.948e-05,0.00384083,0.00455232,1.22e-05,0.00082323,0.0065557,0.00304596,0.00256013
C>G,GCA,1.462e-05,6.299e-05,6.96e-06,0.0061063,0.0030615,0.00390544,0.01966937,0.00093083,0.00018484,2.244e-05,0.00055476,0.00019422,0.00107517,0.00039428,0.00149796,0.00250939,0.0009377
C>G,GCC,5e-08,0.00015212,0.00035548,0.00639396,0.00360221,0.00652933,0.01279479,0.00221079,0.00081391,2.602e-05,0.00054163,0.00067054,0.00127775,0.00012819,0.00043895,0.00718261,0.00254413
C>G,GCG,1.663e-05,3.237e-05,0.00042275,0.00385614,0.00117544,0.00099074,0.00342529,0.00031848,0.00033599,3.104e-05,0.00032709,0.00010505,0.00010135,0.00050353,0.00022374,0.00069634,6.432e-05
C>G,GCT,5.5e-07,0.00015894,0.00030551,0.00280977,0.00572949,0.0066795,0.02275529,0.00261156,0.00024002,2e-07,0.00110573,0.00134776,0.00063921,0.0011395,0.0029333,0.00466486,0.00174086
C>G,TCA,0,5.383e-05,0.00016635,0.00177228,0.0035491,0.0016044,0.01261746,0.00162089,6.231e-05,0.00014369,0.00153713,0.00189733,0.00329575,0.00428572,0.29842363,0.00406812,0.00156583
C>G,TCC,3.88e-06,3.597e-05,0.0014054,0.00542322,0.00427209,0.01493498,0.02857585,0.00152736,0.00024573,8e-08,0.00378235,0.00484897,0.00065447,0.00072804,0.06562471,0.00116144,0.00526505
C>G,TCG,1.8e-07,5.79e-05,0.00030302,0.00221515,0.00177637,0.00207088,0.00010814,0.00040069,0.00011799,2.427e-05,0.00118799,0,0.00047896,0.00113351,0.01412058,0.00067795,3.237e-05
C>G,TCT,0.00052631,9.37e-06,3.049e-05,0.00060436,0.00816544,0.01274639,0.02421779,0.00299286,0.00199256,0.00148669,0.0001127,0.0135279,0.00050074,0.00644276,0.38580913,0.00359334,0.00429458
C>T,ACA,2.73e-06,0.00071434,0.00099874,0.00756267,0.03151688,0.02968413,0.01191382,0.09119258,0.02559218,0.00175479,0.00684358,0.00160019,0.00259369,0.00418259,0.00864397,0.02383386,0.00705296
C>T,ACC,0.02338954,0.00150852,0.0383174,0.00362066,0.01575638,0.01621712,0.01529812,0.02145166,0.00612715,8.875e-05,0.00431307,0.00723323,0.00257238,0.00244466,0.00028755,0.00743335,0.00147781
C>T,ACG,3.57e-06,1.826e-05,0.00050119,0.00225182,0.00031602,0.0049244,0.00888538,0.00199596,0.36604496,0.00711506,0.00054514,0.00021937,0.00021895,0.0014029,6.506e-05,0.00155239,0.00117946
C>T,ACT,0.00891709,0.00344712,0.01280528,0.00273424,0.02090928,0.0257535,0.01295933,0.03037699,0.01030888,0.00084352,0.00928142,0.00745319,0.00122192,0.02520075,0.00055841,0.01164955,0.00619317
C>T,CCA,0.06397565,0.00047832,0.1157123,0.01415451,0.01085237,0.02379525,0.01550737,0.0047477,0.00368414,0.00040757,0.00721754,0.00522805,0.00166787,0.04475425,3.364e-05,0.00307184,0.00500485
C>T,CCC,0.06395732,0,0.20564615,0.01202322,0.00868937,0.01483677,0.01782226,0.00512731,0.00020777,0.00018459,0.00245033,0.0050155,0.00170393,0.00026885,2.124e-05,0.00807603,0.00025789
C>T,CCG,0.0066204,0.00394008,0.02439017,0.00202981,0.01368468,0.00390778,0.00387709,0.01869717,0.18669391,0.00724399,0.01615371,0.00912558,0.00268081,0.0042316,0.00271569,0.01530935,0.01486871
C>T,CCT,0.07164317,0.00043167,0.13985373,0.01853472,0.01378735,0.02260572,0.02585251,0.00754801,0.00037233,0.00023001,0.00186842,0.02430811,0.00214783,0.00596184,0.00079945,0.00858421,0.00079455
C>T,GCA,9.152e-05,7.358e-05,0.0002156,0.0027325,0.01728335,0.01650335,0.01927183,0.08319205,0.00392857,0.0002774,0.00723942,6.087e-05,0.00243506,0.00130068,0.00778997,0.00829296,0.00638556
C>T,GCC,0.01374319,0.00167686,0.02840279,0.00280958,0.01862863,0.01211427,0.01342783,0.07449365,0.00145924,0.00010473,0.00500416,0.00045086,3.575e-05,0.00099958,0.0004108,0.01206688,0.00680332
C>T,GCG,4.71e-06,6.3e-07,2.74e-06,0,0.00665678,0,0,0.05479393,0.21370611,0.00761284,0.01483367,0,0.00152073,0.00019121,0.00229974,0.00378071,0.01707623
C>T,GCT,0.02316966,0.00043605,0.00513616,0.00243296,0.01372233,0.01660525,0.00840113,0.06627958,0.0007569,1.068e-05,0.00322327,0.001531,0.00100072,0.0379498,0.00209802,0.00963877,0.00418389
C>T,TCA,0.12787923,0.55184069,0,0.00265885,0.00479654,0.03084195,0.00023826,0.00016528,0.0014957,1.146e-05,0.00897604,0.01641651,0.00018221,0.00017142,0.00206744,0.0042337,0.0013123
C>T,TCC,0.45440324,0.07827195,0.15824026,0.00726032,0,0.01245939,0.00025687,8.307e-05,0,2.243e-05,0,0.0145137,0,0.08546731,0.00237675,0.00110096,1.8e-07
C>T,TCG,0.09578572,0.04258273,0.05536105,0,0.01224555,0,0.00015495,0.0031201,0.10152862,0.00381185,0.01256261,0,0.00051592,0.00277449,0.00134856,0.00536451,0.00291433
C>T,TCT,0.02047024,0.29571053,0.11892962,0.00748137,0.00963942,0.02259077,0.00170787,0.00302869,1.63e-06,0.00044609,2e-08,0.00136536,0.00140129,0.03905335,0.00325598,0.00795351,0.00682457
T>A,ATA,0.00261304,0.00022065,0.00201146,0.00575856,0.00823685,0.00892614,0.00258118,0.00496671,0.00140409,1.665e-05,0.00107855,0.01350174,0.00108482,0.00063062,1.966e-05,0.04201099,0.00209053
T>A,ATC,0.00040585,0.00125618,0.00050647,0.00319576,0.00832462,0.0052422,0.00944857,0.00294061,0.00351252,0.00022635,0.00063053,0.00308265,0.00061477,0.00175115,0.0004047,0.00997479,0.00120744
T>A,ATG,0.00072813,9.684e-05,0.00167677,0.00954823,0.00975465,0.00906994,0.01083905,0.00193322,0.00167753,0.00010806,0.00169911,0.00016116,0.00020053,0.00312844,0.00114355,0.04088052,0.00106228
T>A,ATT,0.00403893,7.226e-05,0.00845605,0.00420417,0.00142436,0.00659173,0.00036486,0.02976484,0.00025687,0.0005167,0.00377329,0.06911515,0.00114367,0.03066604,0.00084136,0.00060573,0.03716614
T>A,CTA,0.00021744,0.00014986,0.00064188,0.0047997,0.00190361,8.96e-06,0.00402638,0.00051828,6.95e-05,2.496e-05,0.00017321,0.00330513,9.071e-05,0.00179863,0.00011498,0.08963882,0.00018774
T>A,CTC,3.633e-05,0.00043564,0.00070121,0.00698684,0.00233573,0.00524535,0.01905469,0.00263483,4.914e-05,0.00175569,0.00172475,0.01416683,0.03876407,9.136e-05,0.00020876,0.05033968,0.00053393
T>A,CTG,6.858e-05,0.00014598,0.00041235,0.02106431,0.00143344,0.00095679,0.00673819,0.00080091,0.00061354,0.00034242,0.00018954,0.00020046,0.01128684,0.00173812,0.00032697,0.13511021,0.00096764
T>A,CTT,0.00045722,0.00016452,0,0.00688574,0,0.00690884,0.00829234,1.101e-05,9.91e-06,0.00743625,0.00079444,0.04578962,0.07208973,8.34e-06,0.0003518,0.05735157,3.808e-05
T>A,GTA,0.0004288,0.00036956,0.00031872,0.00706275,0.00293541,0.00172722,0.00814213,0.00173813,0.00013434,0.00014285,0.00096177,0.00182037,0.00012157,6.132e-05,9.96e-06,0.02765922,0.00114106
T>A,GTC,0.00025219,0.00016635,8.018e-05,0.00279147,0.00196553,0.00295183,0.01057195,0.00260637,3.082e-05,0.00031566,0.00213441,0.00276038,0.00289297,0.00024773,0.00025249,0.00833876,0.000741
T>A,GTG,0.00027718,0.00014189,0.00047138,0.01392197,0.00281876,0.00223443,0.01558339,0.0026374,0.00014589,0.0002049,0.00047403,3.73e-06,0.00056646,0.00130017,6.915e-05,0.01799268,0.00081109
T>A,GTT,0.00036494,0.00010982,0.00015151,0.00539824,0.00059989,0.00332766,0.01602075,0.00352132,0.00014218,0.00152835,0.00288114,0.02030295,0.00496976,0.00762534,0.00061446,0.00434867,0.00093564
T>A,TTA,0.00012189,2.166e-05,0.00213527,0.00358702,0.00344099,0.00356322,0.00199295,0.00668156,0.00799481,0.00082402,0.01001045,0.02861586,0.00054113,0.01292962,0.00041715,0.04573079,0.0652543
T>A,TTC,0.00031833,0.00013243,0.00184439,0.00258117,0.0031775,0.01131731,0.01119787,0.00018075,5.684e-05,0.00023344,0.00169753,0.03752802,0.00537596,0.00141616,0.00043481,0.01392212,0.005008
T>A,TTG,1.1e-06,0,0.0015037,0.0075192,0.00417684,0.00525483,0.00510417,0.00090856,0.0005087,3.2e-06,0.00068274,0.01413026,0.00150602,0.00426042,0.00011754,0.03086076,0.00389553
T>A,TTT,0.00067873,0.00126319,0.00024128,0.00457194,0.00318593,0.01268366,0.00133826,0.01355714,0.00210926,0.00140642,0.0014697,0.25112989,0.00261854,0.02571614,6.398e-05,0.00996078,0.00573067
T>C,ATA,0.00030643,0.00107368,0.00063745,0.00553653,0.08609411,0.03162762,0.01398696,0.02333136,0.00216844,0.00019647,0.00134936,0.00045594,0.00019644,0.00713392,0.00210431,0.04492067,0.00050711
T>C,ATC,5.105e-05,0.00060421,0.00021949,4.482e-05,0.02747132,0.01071416,0.00856684,0.00387337,0.00359063,0.0001182,0.00259277,0.00041159,0.01196169,0.00612565,0.00022053,0.00405669,0.00025179
T>C,ATG,2.6e-06,0.0007934,0.00127638,0.00402274,0.06784722,0.02584378,0.01057278,0.03457477,0.00036715,3.14e-06,0.00368345,0.00019099,0.00079217,0.01176612,0.00054628,0.02198539,3.615e-05
T>C,ATT,0.00056913,0.00086606,0.0026721,0.00017926,0.06459058,0.03005404,0.0196964,0.00454321,0.0061663,0.00027506,0.00671763,0.00261873,0.00910038,0.04885479,0.002143,0.01775942,0.00405792
T>C,CTA,0.00057164,5.359e-05,0.00101619,0.00520893,0.02650118,0.01487812,0.00836349,0.01282009,0.00023764,0.00032204,2.78e-06,0.00755632,0.01080583,0.01102118,0.0001867,0.00467801,0.00279465
T>C,CTC,0.00028377,5.75e-06,0.00052324,0.00166374,0.01856113,0.00619217,0.01258892,0.00162018,0.00262181,0.00168732,0.00257425,2.983e-05,0.17620541,0.00093313,1.381e-05,0.0011068,0.00348546
T>C,CTG,0,0.00039836,0.0003374,0.00539563,0.03293783,0.01179226,0.00610494,0.03259592,0.00050174,0.0016868,7.4e-07,0.00026199,0.09442156,0.00272849,0.00014657,0.00885059,0.00107282
T>C,CTT,0.00190446,0.0003525,0.00826677,0.00043263,0.01824336,0.00099473,0.001166,0.00478808,4.058e-05,0.00784507,0.00394104,0.02502174,0.41615966,0.03056221,0.00012533,0.00248232,0.00063901
T>C,GTA,0.00012006,2.716e-05,2.074e-05,0.00283848,0.03514613,0.00506179,0.01115718,0.0213161,0.00026734,3.313e-05,2.212e-05,1.67e-06,0.00036846,0.00291475,0.00010955,0.0030096,0.00141209
T>C,GTC,0.0001002,5.277e-05,5e-07,0.00047873,0.01702864,0.00522,0.00702651,0.00131413,0.0020416,0.00094104,0.00287329,0.00016801,0.01400735,0.00273129,0.00025356,0.00426272,0.00115545
T>C,GTG,4.196e-05,5.1e-05,0.00038861,0.00180618,0.02916835,0.00461044,0.01285809,0.01773516,0.00128591,0.00114249,0.00512891,0.00028947,0.00368209,0.00371603,0.00022289,0.00546111,0.00142186
T>C,GTT,0.00037775,0.00043645,0.0114934,2.868e-05,0.01519532,0.0036698,0.00147207,0.00989596,7.075e-05,0.00063767,0.00233254,0.00535012,0.00478803,0.26722396,0,0.00251727,0.00253855
T>C,TTA,0.00233126,0.00028412,0.00460767,0.0012999,0.03956748,0.0028149,0.01328682,0.01970099,0.00010357,0.00067951,4.039e-05,0.04274207,0.00092524,0.06981157,1.65e-06,0.00507835,0.02376354
T>C,TTC,0.00063101,7.29e-06,0.00120917,4.6e-07,0.02191579,0.0051755,0.00867567,0.00952835,0.00452677,0.00095519,0.00476987,0.02655806,0.01420821,0.01399653,7.626e-05,1.117e-05,0.01020448
T>C,TTG,7.676e-05,6.93e-05,0.00366793,0.00101624,0.02423548,0.00415732,0.00567809,0.01713816,0.0003688,0.00107036,0.00256201,0.01662894,0.00194188,0.02240055,2.01e-05,0.00583007,0.01108448
T>C,TTT,0.00094073,0.00028293,0.00303619,9.429e-05,0.0352966,0.00024815,0.01025622,0.030942,0.00480535,0.00047741,0.00062973,0.09232055,0.01939647,0.03558507,0.00049697,0.0021503,0.00941383
T>G,ATA,0.00040055,0.00065598,5.186e-05,0.0008342,0.00327103,0.01155002,0.0043092,0.00060896,2.206e-05,0.00151591,0.00072164,0.01109554,0.00069771,0.00359548,1.37e-05,0.00231185,0.00873486
T>G,ATC,0.00017763,0.00019702,0.00106237,0.00012889,0.0011882,0.0116603,0.00264111,0.00028971,0.00035464,0.00466909,0.00062933,0.0005414,0.00050883,0.00289045,2.86e-06,0.00031619,0.01121073
T>G,ATG,0.00021382,0.00021899,0.00168141,0.00075094,0.007152,0.01358147,0.00852457,0.00153898,0.00080168,0.00100553,0.00300311,0.00048959,0.00084952,0.00949646,1.515e-05,0.00693884,0.00718012
T>G,ATT,0.00032715,1.439e-05,0.00036001,2.689e-05,1.369e-05,0.02745349,0.00056493,0.00094702,1.639e-05,0.06603802,0.00024764,0,0.01199398,0.01270571,0.00014907,0.00019905,0.06517191
T>G,CTA,9.807e-05,2.34e-05,0.00038414,0.00043515,0.00204195,0.003674,0.00690961,0.00068975,4.448e-05,0.00198821,9.422e-05,0.00335308,0.00039831,0.00104185,6.425e-05,0.00393245,0.01184073
T>G,CTC,1.864e-05,0.0003807,0.00093107,4.933e-05,0.00315543,0.00550779,0.01007545,0.00292892,0.00051875,0.03088067,0.00238158,0.00553117,0.00177814,0.00014019,0.00015257,0.00179351,0.01344882
T>G,CTG,7.3e-07,2.93e-06,0.00111207,0.00288268,0.00458364,0.00559509,0.01619607,0.00406756,0.00043866,0.01365638,0.00317824,0.00135962,0.00034731,0.00023748,0.00023008,0.00802178,0.00698852
T>G,CTT,1.9e-07,1.773e-05,0,0.00068679,0.00303702,0.00068687,0.00085779,7.07e-05,0.0006618,0.5496852,0.00239777,0.00291882,0.00154106,1.465e-05,0,0.00409239,0.02060605
T>G,GTA,8.645e-05,8.959e-05,0.00021067,0.00028458,0.00240261,0.00302922,0.00702525,0.00056042,0.00016881,0.00037043,0.00081972,0.00253751,0.00074846,0.00022166,2.958e-05,0.00228709,0.00072052
T>G,GTC,0.00011682,0.0001608,0.0003649,5.507e-05,0.00136565,0.00368014,0.0031215,0.00043829,0.00010276,0.00592471,0.00016697,0.00122583,0.00026755,8.305e-05,0.00014269,0.00160382,0.00025898
T>G,GTG,0.00026431,0.00014989,0.00295878,0.00161478,0.00361845,0.00339453,0.01679894,0.00137778,0.00061629,0.00146548,0.00704947,0.00554727,0.00078202,0.00376226,0.00117835,0.00347474,0.00208612
T>G,GTT,0.00111067,2.688e-05,0.00191636,1.429e-05,2.702e-05,0.00220121,0.00550666,0.00272241,0.00024703,0.1201805,0.00111625,0.00673543,0.0061181,0.00629794,0.00010632,0.0001732,0.00212615
T>G,TTA,0.0001311,7.947e-05,0.00042983,4.04e-05,0.00376252,0.00787328,0.00843464,0.00040794,0.00020503,0,1.365e-05,0.0234485,0,8.014e-05,0.00031135,0.00355906,0.0549131
T>G,TTC,1.955e-05,0.0001701,0.00120806,0,0.00520247,0.0164699,0.00697971,0.00088201,0.00066579,0.00867511,0.00126518,0.01734584,1.107e-05,0.00057048,0.00024765,0.00206852,0.03495903
T>G,TTG,6.3e-07,6.224e-05,0.00092506,0.00175363,0.00531577,0.01197342,0.0118248,0.00269164,0.0011328,0.00451577,0.00085738,0.00902487,0.0014576,0.00051859,2.15e-06,0.00689506,0.01889629
T>G,TTT,3.206e-05,0.00025171,0.00018358,0.00025586,0.00483687,0.00899521,0.00696042,0.00704417,0.00095157,0.11783803,0.00015603,0.01750934,0.00561027,0.0005756,0,0.00276614,0.39722265
