Type,Subtype,Indel_size,Repeat_MH_size,hdp.1 (ID2 0.999),hdp.2 (False Positive) (ID5 0.322),hdp.3 (ID5 0.999),hdp.4 (ID1 1),hdp.5 (ID3 0.999),hdp.6 (ID6 0.999),hdp.7 (False Positive) (ID1 0.822),hdp.8 (ID14 0.917),hdp.9 (ID8 0.999),hdp.10 (ID9 0.998),hdp.11 (ID13 0.999),hdp.12 (ID11 0.999),hdp.13 (ID4 0.997),hdp.14 (ID12 0.993),hdp.15 (ID10 0.987)
DEL,C,1,0,0.00255089822078848,0.0118161876540915,0.0194049760357417,0.000327456024893528,0.121800420567689,0.0284834568416405,0.00315946993306685,0.0130868665122414,0.0385820425973853,0.327720713694994,0.0496328897930122,0.002996377416654,0.00857419740845002,0.0469271864105276,0.00926689188236862
DEL,C,1,1,4.21953450967025e-05,0.000365450671787735,0.0288461577720058,0.00072706725666134,0.213439939781112,0.00579561474464998,0.00045578549434504,0.00195171081887172,0.0220674603265228,0.0947611744990023,0.0154377846474259,0.00118442944714746,0.00219829624503453,0.0122592205968869,0.0235499943823596
DEL,C,1,2,6.69731709124758e-07,8.05091524762157e-06,0.0271966424192391,1.87409622130957e-06,0.189144790606121,0.00781701864943354,2.23711440812842e-06,0.00112815995334676,0.00295512364524546,0.00265406911609326,0.00688287143693218,0.000210733092854737,0.00143932884557229,0.00207537409023165,0.0172157524275657
DEL,C,1,3,0.00163508558580237,0.00566577649820592,0.0145523305682976,0.00181303745241433,0.0614780229162716,0.000909260661567068,0.0023145826954146,0.00043456579792881,0.00572234458691024,0.00951834434285824,0.00600340213023506,0.000396143046980601,0.00118567927883754,0.0054241048477905,0.00752381255363437
DEL,C,1,4,0.00231355791507724,0.0170765003267627,0.00241904491061825,0.000855013610721399,0.0436846942318869,0.00278092743689178,0.00198133396461665,0.00260475094635616,0.000994394470435066,0.0114584246264788,0.00318316077250771,0.000252946579371472,0.00168191973914367,0.00282708208079225,0.00413671766302936
DEL,C,1,5+,0.0097314012253216,0.0529744450146972,0.00213487709109168,0.00314664325582724,0.0231871090832574,0.00166971162915893,0.00790196766917822,0.00490322480206281,0.000499108550156842,0.00139849513743127,0.00142154223978997,0.000793214815430477,0.00233471526188639,0.0343278271150826,0.00705346101015243
DEL,T,1,0,0.00556704462352562,0.0300201257661077,0.102282368463305,0.000822373907847614,0.0343168569226909,0.00411285346699747,0.00560347353178094,0.0235609030440223,0.035973695786468,0.096086654314387,0.0491257196187277,0.000813844815001284,0.0052728119752918,0.0239276353818757,0.0333071713710546
DEL,T,1,1,2.56206090067861e-07,1.51151472706324e-06,0.100083080433616,1.5891615278792e-06,0.0111202364465093,0.000317879725937182,1.22805660817954e-06,0.00049754141489327,0.00961958616056232,0.045197150665077,0.522396008305745,0.00101837404844127,0.00078160160685213,0.00378112786120229,0.00112815911734989
DEL,T,1,2,0.00383651380829075,0.0252000627509538,0.118584128588659,0.000775092432038819,0.0149779871517417,0.0119658405894417,0.00597234052444412,0.012187676824611,0.00844664111077691,0.0783830135035734,0.0216172501849167,0.000755632553307188,0.0013735259714716,0.0216678178188382,0.00253095843389044
DEL,T,1,3,0.011690267852353,0.0404404768045915,0.0848408134945787,0.00240814791588794,0.0130209225333615,0.0202541955475721,0.0132187440396171,0.0204145164039398,0.00871030077133952,0.112615411468075,0.0608712590912731,0.00164237581217002,0.000934926287644122,0.0157076901707543,0.00848163031576777
DEL,T,1,4,0.0298974314890383,0.470480539869814,0.0524800076997563,0.00452771070452722,0.013524831463259,0.0173075339330495,0.038741352122852,0.0199310792578549,0.000792796130644791,0.0879703546933971,0.0174390007291842,0.00117774265256869,0.00130383587145855,0.0381316162220491,0.00883056834010605
DEL,T,1,5+,0.854853144128014,0.020076809825148,0.0268306216558743,0.00385055773358786,0.00751478768364319,0.00487090087142494,0.33997949746094,0.0539729518250033,0.00835050527786418,0.00190864404508964,0.00829720341758991,0.00693047870935751,0.00582443194492535,0.00570293350926478,0.00287848701439123
INS,C,1,0,2.26989606112754e-07,1.11789110022385e-06,0.000439801348176321,1.60684482852535e-06,0.00244016336936712,0.00211933575060409,8.15008223035631e-07,0.578941087581189,0.00297973065861856,7.02472220162485e-05,0.00197600296322508,0.000353632369593699,0.000183033423983585,0.00137412220674478,0.000419410216212712
INS,C,1,1,0.000147502922581406,0.0012323253610186,0.00124350644656482,2.23106534133433e-05,0.00150429000363708,0.00163002855853056,6.56192505016205e-05,0.0198964256480875,0.0020323360418309,0.000246118231220111,0.00162929979496338,0.165244315289695,7.71738174897256e-05,0.00257656164218201,0.00193577043623092
INS,C,1,2,8.23865187148555e-06,6.89523627922113e-05,0.00310547566711432,5.34969891623244e-06,0.00161231573211649,0.000293152159442844,9.58512505390997e-06,0.0011722655791379,0.00133540936465323,0.000673162441833087,0.00173004288463417,0.0930293485147676,0.00010602112557609,0.00404807586955747,0.00118554361644765
INS,C,1,3,0.000297588926067784,0.00222119713299455,0.000505333243663779,0.000821733972552533,0.00648259255203979,0.000248382760703954,0.000531390905692857,0.00186446405872042,0.000100041600325318,0.000208339629766909,0.000183027551348143,0.0383056247012767,0.000417074574135557,0.00159787450715457,0.00314467055055695
INS,C,1,4,0.00160381667689974,0.0168086893076913,0.000129297339246661,0.00190044267103642,0.00632490704357215,0.000439747661896907,0.00213984567163224,0.00242032883779339,0.000745351745693265,0.000207887191426152,0.000149984328396949,0.0106529801025016,9.20551089325609e-05,0.00366202798055152,0.00291976358391768
INS,C,1,5+,0.00668694378522938,0.0653709546059955,0.000321357768479212,0.0206741833842336,0.00832665392410133,0.000424957250990328,0.0228830025109923,0.00136659358204481,0.0011174431107755,0.000829294800152474,0.00104416584525772,0.00196734164574546,0.000334322964339472,0.0167932298464888,0.0132928675295953
INS,T,1,0,0.000800345653162124,0.00420969447443171,0.00575977983063213,0.00230873773801022,0.0205691962695266,0.00672529598174811,0.00204204560891357,0.0363115024555895,0.00413284655820806,0.0126854209543083,0.0373795511855248,0.000876861662429757,0.00158711880581319,0.00431825072196969,0.00805356208741049
INS,T,1,1,2.72532948748656e-06,4.6342621666557e-05,0.0138725405367479,2.31487751345343e-05,0.0464890318855767,0.00120240310964359,2.21308922241535e-05,0.00261802688722974,0.00507054462383892,0.00940863215830051,0.005175106521096,0.296123100520032,0.00118012302240881,0.0024790962841864,0.0342392164458739
INS,T,1,2,0.000379168752542395,0.00447570532144977,0.0316139462256093,0.000214679940904771,0.0376391641607412,0.000327979546910815,0.000278955507268834,0.00331679525550099,0.00120692115423252,0.0022656754790084,0.00450905541549027,0.161209503440864,0.00039255597745297,0.00222696242354763,0.00185221055157981
INS,T,1,3,0.000853902112277532,0.00299991062644345,0.0191293623348042,0.00364201122882985,0.0245816757196672,0.0010054638841825,0.00246856750301449,0.000851101279577165,0.000782351341682176,0.00188243963900817,0.0083322337916041,0.11359672749264,0.000817814185088205,0.00137404886937985,0.00362891518329414
INS,T,1,4,0.00265696912849199,0.0135166469703527,0.0106541714959608,0.0165263610256045,0.00729900292521876,0.00148082555421936,0.00670297783952908,0.004940533600005,0.00142645175109653,0.00165729809449588,0.015085129141347,0.054722076880752,0.000982671328351453,0.00211497626729533,0.00143159224064925
INS,T,1,5+,0.0300688501528569,0.011661136683322,0.00108514189747721,0.895102877771372,0.0214610566838526,0.012934852860139,0.493435635469442,0.0337849433968914,0.0184795870902775,0.029136025554244,0.00853257143409274,0.0131968472704666,0.00670773673388861,0.00894231825570891,0.0155540181431665
DEL,repeats,2,0,0.000100342758231608,0.000598916717338711,0.0298498235266967,0.000540747659873986,0.00709465543086598,0.00155837566997411,0.000334303990878118,0.00104165074546621,0.00823411273029508,0.0132745655962628,0.0223999780501846,0.000274232875447232,0.0697830380929619,0.00377848771606471,0.00140340336389947
DEL,repeats,2,1,0.00166407917839119,0.0158756281176861,0.0254451105432214,0.0015202323556077,0.00855141411397212,0.00265726047032113,0.00325571113085098,0.00787140746657297,0.00918063525131817,0.00425082273444421,0.00552738829692905,0.00156134176823763,0.217436051688001,0.00495364565174696,0.0142861227367856
DEL,repeats,2,2,0.00130594946712731,0.00402505875186892,0.00440834874627191,0.00055557327240628,0.0123537581986816,0.00202670388295314,0.00129204584223509,0.0044251774610335,0.000676476540503468,0.00112722133446508,0.00296684388316846,0.0011192703488632,0.0502358910820405,0.00114428290504557,0.00501480117378483
DEL,repeats,2,3,0.000484223825573007,0.00189200706971126,0.000193262204175423,0.000422146429734643,0.00745470614554125,0.000437210567445598,0.000450545231722778,0.000456919305211691,0.00015050099339682,9.66572818889771e-05,0.00015827931677918,9.74909883679246e-05,0.0113042037042485,0.000920530604635772,0.00126004279071491
DEL,repeats,2,4,0.00048186046320348,0.00444489771225581,0.000821632011946798,0.000137348531648897,0.00271419354906046,0.000253512789962916,0.000415620928106415,0.000213856117644898,0.0001653656451352,0.000479605206581454,0.000102848740567812,0.000213729767462261,0.00319270462669473,0.00989350387888657,0.0012370889910758
DEL,repeats,2,5+,2.04118783831154e-07,1.51151472706324e-06,0.0226023313331827,1.41332946296374e-06,0.000313922125858941,7.69237326270606e-05,1.19201882960994e-06,0.000101748172490147,0.000683736652909418,0.000122067864336215,0.00130139252345351,0.00471573804715037,0.00224660121856026,0.242815541713046,0.000539212942399252
DEL,repeats,3,0,9.42357198772819e-06,7.71187409703724e-05,0.0181895480898509,0.000102006286600889,0.000827645048940835,0.00136214537425444,6.08271499974677e-05,0.00153859077158486,0.0103282250499247,0.00300324457518615,0.00505805603118806,0.000783543729197104,0.00452011151622011,0.00659046229968082,0.0047280800274157
DEL,repeats,3,1,0.00377118548576456,0.0155005415395133,0.00585831907843699,0.00444345378071452,0.00033958416656858,0.0050024874572302,0.0049350355744159,0.00552354030264175,0.00168242373479273,0.00458290836348396,0.00150893130970255,0.000791976520138112,0.0982586046276035,0.00169115963534902,0.0298914849054605
DEL,repeats,3,2,0.00147964212524685,0.0127630991474464,0.000915368358320587,0.000657227561230156,0.000140486017407429,0.000487658687640576,0.0012803197035159,0.00204839824808869,0.000720690438420424,0.000927523277006625,0.000442770072174147,0.000255460318814973,0.0188354185590422,0.000987560956184298,0.0030711781218879
DEL,repeats,3,3,0.000308565069944964,0.00161868531986404,0.000671692482480522,0.000267957390221338,5.09163403907142e-05,2.84907209436484e-05,0.000346450570347282,0.000680681317200728,0.000263881926214678,0.000154022350421129,5.52938456336389e-05,0.000299246440353012,0.00451449065215849,0.00514608289733048,0.0035759603648285
DEL,repeats,3,4,1.30350466876631e-07,8.34482088899497e-07,0.00605896826256694,9.0518480477352e-07,0.000137688247205149,1.23844199006008e-05,8.36261271935653e-07,3.14197267341604e-05,1.46322059801154e-05,2.74506680564695e-05,0.000219087962381225,0.00142724677102739,0.000722528694511035,0.0725667359020283,0.000564582931474049
DEL,repeats,3,5+,1.59302548262008e-07,1.32257538618034e-06,0.00866306657227048,1.06299992186083e-06,0.00012262490882917,0.000117245325591024,8.95400190613975e-07,1.17100606679861e-05,5.71528128989085e-05,6.05485892207503e-05,0.00124540590955938,0.00162898984005955,0.00035647261448268,0.0848668787485477,0.000782845377165157
DEL,repeats,4,0,9.55339364946536e-06,8.07190850771967e-05,0.0117165206033425,4.49943243761658e-05,0.000319748463072122,0.00177506781453171,8.31289906584257e-05,0.000160219047123996,0.0067077958340474,0.00227071810996993,0.00224028493923169,0.000258543674092963,0.00836230590844125,0.00236579005536531,0.0016349548514869
DEL,repeats,4,1,0.00126987649573398,0.00862001103899092,0.00263505057438938,0.000795434567078346,0.000550842743135059,0.00252331645034149,0.00176559334118692,0.00107107340759032,0.00148564058523571,0.00377397328866555,8.85922989965935e-05,0.000609810899678244,0.0655645796147154,0.00491411681204821,0.00444437911784118
DEL,repeats,4,2,0.000331592947352983,0.00291709221535644,0.000105598757207271,3.27201118446478e-05,0.000123083938037427,0.000560780420353044,0.000205443059214866,0.00057414472842968,0.000228967555312682,0.000696639878642546,0.000201978409421393,0.00030496736460374,0.0145208562268686,0.000700298497742749,0.000374710711652355
DEL,repeats,4,3,3.9188426872454e-06,5.166966141645e-05,0.00390196906626049,3.57936696852574e-06,5.85505859380905e-05,0.000225631457255898,3.97986441793023e-06,0.000138830031272103,4.89255904038274e-05,7.29536259091399e-05,0.000271556042741796,0.000301933541137445,0.00431706049397876,0.0318516643254935,0.000439947826416119
DEL,repeats,4,4,1.73844689597129e-07,9.07958499242849e-07,0.00453290825836388,9.53229998981919e-07,7.12931341829386e-05,4.41502991359392e-05,9.25893695557485e-07,7.96556452415334e-06,0.000277399410565743,4.00531323844621e-05,0.000349346626097793,0.000952930142239761,0.00106484146945151,0.0514860570268416,0.00106634493762003
DEL,repeats,4,5+,0.000107043644757547,0.000817461803274962,0.00167314256301912,5.17990586531123e-05,1.67609771238332e-05,1.62471158546992e-05,7.52182362395957e-05,4.03611296473126e-05,4.41969310732869e-05,6.35840391796467e-05,9.58481349880832e-05,0.000248946885577131,0.000257569096463546,0.0236446998279652,0.00154857607916081
DEL,repeats,5+,0,1.37765636944694e-05,0.000232956958993597,0.0178712026306171,9.15627961570207e-06,0.00285552325702385,0.0207678612742198,1.57928634239251e-05,0.00859653481830519,0.244704586161937,0.00170045248605244,0.014907570813108,0.00124789208088119,0.00503533585265773,0.00728599386870294,0.00201490064024993
DEL,repeats,5+,1,0.00191029984101065,0.0100145670657326,0.000147357550113031,0.000267695810830648,9.22238403158527e-05,0.00776069758045605,0.00170240617871595,0.00052368480615203,0.000464253563207687,0.000561677521594759,0.0032001882871209,0.00117680154814649,0.0114115277504212,0.00218662687283462,0.0195826113289485
DEL,repeats,5+,2,0.000223057543297022,0.0019092635295119,0.000444414274703763,0.000112072755729095,3.67813180671878e-05,0.000481198201195664,0.000299919329894695,0.000235630930069186,0.000482100986063072,0.000162347215891056,9.19741019524261e-05,9.88531131895265e-05,0.00293189438064776,0.00311830475694017,0.00237269802585242
DEL,repeats,5+,3,6.64187187237531e-05,0.000646755108787257,0.00025119825227287,4.51518058460711e-05,4.07843604922649e-05,0.000120639448120144,6.63141327960908e-05,0.000136957783200186,1.58453353024464e-05,4.95502244645322e-05,0.000124470402592703,0.000100190472105281,0.00142989613117003,0.00190376465628904,0.000445182903526791
DEL,repeats,5+,4,4.25148756022205e-05,0.000310715994396962,4.86976000213276e-05,1.37676173181624e-05,4.30666844886253e-05,6.89968298677072e-05,5.37092267071689e-05,9.25911773747739e-06,5.5915929995441e-05,2.81540040225553e-05,0.000146593410069268,5.02624059171099e-05,2.1234375343901e-05,0.000663923164736109,6.40290200459157e-05
DEL,repeats,5+,5+,8.33053176446654e-06,9.97757169312474e-05,0.000651294845589894,1.89615030003995e-05,2.34207472570331e-05,4.13825597345111e-05,1.17658726801731e-05,0.000108249979430802,2.61866265186805e-05,0.000108815534027863,8.89569138705378e-05,6.27815713229236e-05,0.000385233779058521,0.00351733335953922,0.000375113409891638
INS,repeats,2,0,0.000180311579848858,0.00162454243943141,0.00697904296048913,0.000343357983234962,0.00280437099100654,0.00214359231583187,0.00044509983097635,0.0262748911551563,0.0020877412698319,0.00104685183284335,0.00915940821000577,0.000249677479799627,0.000222217953332701,0.00789982761318999,0.0243255911912176
INS,repeats,2,1,0.000155823010444368,0.00116043919012768,0.0195374651632864,2.62066515575897e-05,0.00228014424872342,6.0344002475874e-05,0.000111953669240482,0.000118292037271081,0.00198307111455369,0.00252521056356987,0.0028597473793192,0.000171466749133831,0.000371795391416945,0.00333464998349176,0.0390426010440355
INS,repeats,2,2,0.000614066771717042,0.00474848124653444,0.00705142549794351,0.000179885544529612,0.000879115301672239,0.000678690974537043,0.000484994575898505,0.00101996670870601,0.000421622671805046,0.00055555315169124,0.000789345625229964,0.000331764074730527,0.000522740357730741,0.00321841026007336,0.0252844156989492
INS,repeats,2,3,0.000269876231728014,0.00111982248015288,0.00112843728297368,0.000520484599216594,0.00119799443009856,0.000494915506123795,0.000584708337063783,0.00147552437895631,0.000156220516397628,0.000355357412057956,0.00042281652319755,0.00035817691331668,8.67034433413242e-05,0.00137749572553168,0.00322359940545632
INS,repeats,2,4,0.00136354665851461,0.0157272687485728,5.32989811126374e-05,0.00257080692276357,0.000322253890650149,0.000165799729353446,0.00202248633560632,0.0024781756297366,0.000121757463537226,0.000284546698653674,0.000153812784573363,0.000707648610728031,0.000130152076461325,0.00171367420638337,0.00206906355343343
INS,repeats,2,5+,0.00864719297329791,0.03666308603873,0.000866394717417185,0.0163538137171958,0.000112954522547962,0.00102207274843265,0.0175115549823721,0.00173221526309505,0.00196846266215471,0.0017520757007328,0.00155129044268302,0.000773909791822501,0.000169702715730163,0.0363193032598312,0.0065871364490633
INS,repeats,3,0,2.17315116086352e-05,0.000118055598161668,0.00376784363554028,2.18565595986376e-05,0.000280028332308497,0.000867390105674937,4.33100174758277e-05,0.00808130349587181,0.000751851743502845,0.000121524938327307,0.00049267673304526,9.43333353723929e-05,0.000143902734328546,0.0100474390078804,0.0188905744047415
INS,repeats,3,1,0.000839358913332132,0.00161574101513529,0.005930177872925,0.000233224384927668,0.000186771035171821,0.000210637107656582,0.000625699000072695,0.00256992713221851,0.000654630032595309,0.00120617182492716,0.00386920188857743,0.000417503640773904,0.000356224951889926,0.00126030261636916,0.0364564729513633
INS,repeats,3,2,0.000142951100142228,0.000538293430490421,0.00113752354120987,5.01228152107304e-05,4.78185343372273e-05,0.000769747173002448,0.000112839828975052,0.000130501364091578,0.000188308211144375,0.000177948112495519,0.000523878650883036,7.78268591251627e-05,0.000791863452543174,0.000640528545322565,0.00310822635990189
INS,repeats,3,3,8.41989983303511e-06,7.46677778539192e-05,1.53554300560817e-05,0.000130581833150699,1.5068467193948e-05,0.000279429998831553,0.000122944267658606,0.000592674310862646,2.77984766672322e-05,1.29315103939976e-05,1.4912748344318e-05,0.000150403346210696,3.44574042091701e-05,6.19700733681666e-05,0.00068780859269449
INS,repeats,3,4,6.05896996714971e-05,0.00048685469493505,2.78339473449918e-05,9.93844870447117e-05,3.69967284219005e-05,0.000204686467943512,0.000122743749762463,0.00058483356287662,6.58025098013469e-05,4.38371621435199e-05,1.51041711531387e-05,9.88654961424501e-05,0.000162757395194252,0.000102525636175973,0.000713178581769287
INS,repeats,3,5+,0.0011438308992964,0.00679506169034802,5.6079332050338e-05,0.00127682739421559,3.61863751827433e-05,2.98721628027823e-05,0.00159971329452225,0.00249814627583704,5.05255637618108e-05,0.000228987270408724,0.000169600608615148,0.000398074787636691,6.01712421002632e-05,0.00163116967083404,0.0016281089814191
INS,repeats,4,0,4.50581639204483e-06,5.58315752308984e-05,0.0025074199762862,4.73912457316737e-06,3.5124709863088e-05,0.00142604616464531,5.89818309255831e-06,0.00689934761459199,0.00071475543650502,0.000199105774539643,0.000993712262075691,0.000195204869888475,0.000104158272161032,0.00536594831739884,0.0153800525037964
INS,repeats,4,1,0.00089839392589362,0.00479091912182275,0.00379474974965427,0.000610662425921121,0.000106030618289341,0.000516962735513592,0.000760012724847208,0.000726988252846126,0.000969268271645696,0.00146627040087666,0.00304830796137945,0.000620980323215379,0.00111623684141725,0.00333677676707481,0.0570798578797374
INS,repeats,4,2,1.05312865536098e-05,8.73424586381474e-05,0.000390569509337595,4.40057277758916e-05,4.77287800227637e-05,0.000435962656873375,4.20302143138046e-05,3.35189139663091e-05,8.06298344836554e-05,6.18113034990446e-05,0.000135627617735396,9.20177231756697e-05,0.000266140375760577,0.00122649409113517,0.00646572292991963
INS,repeats,4,3,8.75081286918003e-05,0.000540109347488907,1.82596320359298e-05,0.000102057668266918,7.21368247388966e-05,0.000322839806285531,0.000131738409675194,0.000762901374952886,2.19720625513096e-05,0.000165440248911503,3.72727554889465e-05,7.54864810225922e-05,0.000100884818761161,0.000369033620341556,0.000520890172511899
INS,repeats,4,4,0.000134363965683839,0.00165741788474504,1.58224954268921e-05,0.00026895232611807,1.92330673850595e-05,8.7858731104282e-05,0.000268227337802344,0.0018583934361842,0.000122522668186697,7.81813452827948e-05,3.1511840480628e-05,0.000129513304628493,0.000362039638850224,0.000234312880960109,0.00185221055157981
INS,repeats,4,5+,0.00169339097947269,0.00505760700147897,0.000677285721494115,0.000813136885613867,0.000106330654140548,0.000245051762055919,0.00148977866492727,0.000561538258078776,0.000644293831432175,0.000123931087684969,0.00010396993130519,0.000214311766249672,0.000220204348774227,0.00797727187055896,0.00700372777760104
INS,repeats,5+,0,2.02796770982507e-07,1.55874956228397e-06,0.00487617506628196,1.37295815394141e-06,0.000236810347689776,0.00843503786288138,1.65311758617998e-06,0.0024260136637572,0.000208305333092617,0.000166809903161249,0.00298172017002539,0.000990710531609828,9.61146218659537e-05,0.00951251626806098,0.066837840264911
INS,repeats,5+,1,7.85068076079301e-05,0.00141378585299156,0.00497840045696836,0.00128707203093898,0.000646261837045816,0.00619144760804422,0.000848899443666331,0.0330466989616977,0.00980267197722539,0.00196973967339513,0.0122508045341136,0.00112811177725069,0.00228462281051731,0.00410799249670752,0.276175888926161
INS,repeats,5+,2,1.28853948331962e-05,0.000128725422606528,0.000292348285818922,0.000152880808912672,9.46369491704315e-05,0.00113209767316416,0.000144777617198159,0.000747878002545509,8.19583383429353e-05,0.000153277883696792,6.30054502175589e-05,0.000943890586605493,0.000206636745866867,0.000901976251307789,0.0105229076906907
INS,repeats,5+,3,6.01661267547905e-05,0.000565075582060573,0.000134615586963282,0.000210746574276141,5.12625356036453e-05,1.61257237756892e-05,0.000144282328754228,3.24182590391825e-05,4.21354595675076e-05,9.02244312985788e-05,3.74368321822214e-05,7.89784737470625e-05,3.56957171729371e-05,0.000323124429893659,0.00369536039277575
INS,repeats,5+,4,1.0625942673573e-05,0.000123550583992346,0.000122553754960241,0.000213151503164017,1.60814087428944e-05,2.83790402309592e-05,4.78322966635107e-05,0.0004215621840475,4.79041864149557e-05,5.14504654957113e-05,4.3516785205241e-05,0.000165758207836027,9.00307364352721e-05,0.00167055183580292,0.00152562227952171
INS,repeats,5+,5+,6.83561285534458e-05,0.000422951211196432,0.000472347932633535,9.07787252793142e-05,5.45347214680901e-05,7.51465525903541e-05,5.76105472487295e-05,0.000264872040865116,0.000220177033607792,0.000111373867191052,3.0035150241154e-05,0.000202832768889446,0.000128160007780482,0.0043003564049261,0.00470633432249444
DEL,MH,2,1,0.000136541453046846,0.0010170867135478,0.0309925288695598,0.00087102667357444,0.00702295712006347,0.000628475927133764,0.00072355727766444,0.00241619854507716,0.00390837521646766,0.00525560602774882,0.0102045402846794,0.000440325423012197,0.200380358056363,0.00685367010242443,0.00282774703624163
DEL,MH,3,1,4.49907412651673e-06,4.6353118296606e-05,0.0132755438772886,6.31327197785645e-05,0.00050074701361944,0.000990675901117499,6.44253835808018e-05,0.0013699068937842,0.00967763991286006,0.0037774776292685,0.000930433350702674,0.000289426758684555,0.00714651947267595,0.015603331100455,0.00522742584412598
DEL,MH,3,2,0.00158470076771215,0.0135119024935705,0.00907261887777993,0.00159356900715346,0.000403481545239717,0.0043247360573847,0.00140850885402479,0.00383380805034219,0.00362208687650374,0.00205308292883838,0.00142357496771221,0.0013404051221738,0.0551371230246916,0.0061057023174754,0.0236099964200127
DEL,MH,4,1,8.46870854740716e-05,0.000893583364390675,0.00916233636279455,5.3560382126905e-05,9.42522878227303e-05,0.00258788004148375,0.000139625138908311,7.89294399287901e-05,0.00572567687500683,0.00270156691572109,0.00178988530082026,7.95976213932452e-05,0.0111128035918054,0.00461248023007985,0.000763314512559957
DEL,MH,4,2,0.000277549458704133,0.0039318171871432,0.00652486439557267,0.00012590910436675,0.000260828602240239,0.00834328730172404,0.000393459542377318,0.00145052703045672,0.00168718123775751,0.00281376751115298,0.000466388000633883,0.000356505214671986,0.0313072221728572,0.00499750139597674,0.000973321644345774
DEL,MH,4,3,0.000414888482102568,0.00245166639066653,0.00312038502350165,0.000195679401184078,0.000141788737171643,0.00478377292063629,0.000419849360791915,0.00367276067528334,0.00126329688569139,0.00178382864610229,0.000768289116259686,0.000629103540333296,0.0372404749074506,0.000518641844804348,0.00110520531771079
DEL,MH,5+,1,0.000396223775900225,0.00144199554624838,0.00880506284167767,3.80975034769865e-05,0.00140908888449002,0.068747014680471,0.000158654010038665,0.00676530599960079,0.299053312561256,0.000377424063859418,0.00933309250520909,0.000151988364184924,0.00055555026730116,0.0061350372634485,0.00213752225411145
DEL,MH,5+,2,4.18807060387244e-05,0.000451276367383794,0.00829601406674947,1.93221756041445e-05,0.00251971133607172,0.273937546237181,5.95233216497315e-05,0.00475974251800595,0.117378526485075,0.000137615290954953,0.0089756058520505,0.00028432498208001,0.000526013811130612,0.00140991084083196,0.00138628868872997
DEL,MH,5+,3,2.5547369494971e-05,0.000242508892338233,0.00751330486876027,1.39107519592416e-05,0.00104681482722503,0.210652087439132,3.62170434168464e-05,0.00181045253858513,0.0419451815058133,0.000690754067136881,0.00347670309214834,0.000734073832267108,0.00159193207446366,0.00354769502862137,0.000844458207775378
DEL,MH,5+,4,0.000215265467365809,0.00250583425003465,0.00245432566426864,7.93179445775189e-05,0.000563369881025194,0.119078418819323,0.000153279760803773,0.000273257442835699,0.0146654559036535,0.000523516404089825,0.000408350428073814,0.000395722026581197,0.00396867460154642,0.00108363290424619,0.000567200470029385
DEL,MH,5+,5+,0.00109401163830283,0.00874865773687209,0.000779999169253391,0.000793996214076732,7.67604541382649e-05,0.0965619823378944,0.00214154683958985,0.000524501787128866,0.0108162169241096,0.000358199547453074,0.0116165204994002,0.000598245221647551,0.000478290306300911,0.00893813802590774,0.0324949290224218
