Mutation type,Trinucleotide,hdp.1,hdp.2,hdp.3,hdp.4,hdp.5,hdp.6,hdp.7,hdp.8,hdp.9,hdp.10,hdp.11,hdp.12,hdp.13,hdp.14,hdp.15,hdp.16,hdp.17,hdp.18,hdp.19,hdp.20,hdp.21,hdp.22,hdp.23,hdp.24,hdp.25,hdp.26,hdp.27,hdp.28,hdp.29,hdp.30,hdp.31,hdp.32,hdp.33,hdp.34,hdp.35,hdp.36,hdp.37,hdp.38
C>A,ACA,0.000993990198722362,0.00186528358926354,0.00181766702395914,0.000136155538656397,0.000635949670656692,0.00345404558172292,0.00475335628644776,0.00353096120742995,0.0100451477424902,0.0132501788831718,0.00249542261853241,0.035766119552016,0.000724080880717111,0.00301637222871408,0.00886798925002069,0.00378619455332538,0.00357910250097887,0.0102099296980184,0.0028179595675077,0.0391733117782065,0.00184264950198044,0.000246983982923267,0.0225661753543798,0.00505274711993301,2.73353408241105e-05,0.0581626507548954,0.00386956433995836,0.0327948055402958,0.035199226798263,0.00457849882281616,0.0172091365875885,0.000630856639481015,0.00571067577395177,9.16006801888302e-05,0.0453856355335683,0.00173168471422345,0.0267731555578116,0.00244308779336806
C>A,ACC,0.00255708557485059,0.000867687631803307,0.000901129425217166,0.000352937548907719,0.000395050707789992,0.00124149862030211,0.00151375671809707,0.000359708965642528,0.00910165866973459,0.0108543580580559,0.00896687922206796,0.0123834753806528,0.000914290287691211,0.000810398240657172,0.00877766240317752,0.00241182659412075,0.004087317268601,0.0088895066251826,0.000964114818714194,0.0418320409222369,0.00217473683957862,0.00371406851795978,0.0176199693255505,0.00180383448352035,9.34130354745124e-05,0.0154877962617267,0.0069245205317827,0.013341778937907,0.0234848113339937,0.0034123422172452,0.00654868479355921,0.000696474407136016,0.00202300458703853,0.000112994458090858,0.0410013102594551,0.00185140452755034,0.00711946774804162,0.00672175849299246
C>A,ACG,0.000262366557821333,0.00016499996699676,0.000271287837544588,6.16916858135835e-05,7.61911982843197e-05,0.000221948236678529,0.00034670662610622,0.000148977084681746,0.00155645347405636,0.00425019112735172,0.000650428032896726,0.000855085746120989,0.000178590712117124,0.00125384200967762,0.000350152099254796,0.00091755124300377,0.000661362111502765,0.00117729815675403,0.000967059104821474,0.00416360892389669,0.000642703738516066,0.000185925483542654,0.000827518814189349,0.000363555746422413,3.12499298650931e-05,0.00199428282342924,0.000730247612086451,0.00256879397400387,0.0176878267713522,0.000941388739501039,0.00344401685268375,8.05871182268525e-05,0.000613691931806698,5.80554504431069e-05,0.0164979227636248,0.000654120047499365,0.00165991830234989,0.000631581911422163
C>A,ACT,0.00184525969657489,0.000974179888431737,0.00026488193994919,0.000217947494572995,0.000414857579649025,0.0018040246172595,0.00145013466676552,0.000412329244401967,0.00500671717182382,0.00222337121797153,0.00262775848860964,0.00847532989506947,0.00484895613184017,0.00119551436989585,0.000995919333632667,0.0026128214717513,0.00221878626688079,0.00400942383494721,0.00163102339829725,0.0462257837702985,0.00160817051964692,0.00208997419881344,0.0101591514079052,0.00215171105739837,0.000179475737334142,0.0222477057050158,0.0100882197137376,0.0155663583363961,0.0259872176433989,0.00217447659993321,0.00610726405007148,0.00661776594240593,0.00373992578394696,0.000167690481286037,0.0292975753830256,0.000998945921657996,0.0191829793788383,0.00186239340300018
C>A,CCA,0.000810972829627546,0.00221586455989855,0.00135259436541869,0.000314796352073372,0.000198535629961696,0.000348708925188937,0.00134308769710422,0.00125093843154124,0.00579376164152357,0.00712465198066794,0.00504473196039501,0.0147551221698989,0.0155118483211435,0.00335743925967097,0.00835593053849984,0.0042368547100087,0.0062532333179376,0.00240533483619585,0.00236770600336604,0.0388964091290961,0.00339333119300978,0.00441291774906901,0.0243531003155974,0.00099156578881082,0.000442337194403335,0.0770114193132517,0.00560172418388861,0.0238637988376406,0.10731601553439,0.000683304550903011,0.309275588224866,0.000110430675193192,0.00412640644845694,0.000269648095113798,0.0354615642280194,0.00191443767845451,0.0506867208130249,0.0072823075659746
C>A,CCC,0.00164857956588001,0.00210180319962621,0.000941480803206615,0.000244092871785771,0.00019763730340509,0.00295620254367466,0.00173898289283893,0.0013383119170446,0.0036397950115908,0.0041209183650454,0.00284226441358,0.0107163464798672,0.00357533722784669,0.00102574938781259,0.0025787307699101,0.00223456245499415,0.00190326430474489,0.00976554480347796,0.00431993435019717,0.0331363703150291,0.00168418924140688,0.00178501993540887,0.0310864056988542,0.0136543217206982,0.00013874056640078,0.018396082644498,0.00210698841771442,0.0157754272616292,0.106701228294061,0.00538542783298481,0.0512520235413943,0.0332463535835452,0.00151215144522453,0.000190457455727363,0.0242616420668915,0.00191318565011464,0.0167820627827764,0.00367854244360004
C>A,CCG,0.000366638711893051,0.000502477028392633,9.00516436018408e-05,4.02275100911582e-05,7.27617206092514e-05,0.0014591930060014,0.000167622133029282,0.000650077465834517,0.00325474807319224,0.00265720184401645,0.00302760107647645,0.00214879986291341,9.30767998672495e-05,0.000688080083444929,0.00106130171676785,0.00141959068729704,0.00333941571119908,0.0016419549703128,0.000339870611402676,0.00323949601598033,0.000388164992859001,0.00164275598478073,0.00138575147917935,0.00296610381788176,5.16640499201922e-06,0.0121373920927907,0.00224879236253376,0.00160957648190484,0.0289091655261545,0.00226619246860854,0.0397975603409321,0.00383270558262266,0.000293991117154262,1.66009653054493e-05,0.0116986159237071,0.000516310583330797,0.00771172471120538,0.00197573889691581
C>A,CCT,0.000342190161223407,0.00499244334020053,0.000137595214232215,0.000248540976411788,0.000156125878967142,0.0134091050708621,0.0011597657026499,0.0014342888863482,0.00539903493482954,0.0100572834289203,0.00454395973906512,0.00361427828334776,0.000900365349501912,0.00197351286057716,0.00614098610887747,0.00395672005821643,0.00203366903777443,0.00122686217660182,0.00038103506433654,0.0313829405974923,0.00359366505552433,0.00239779609405309,0.0162594818287458,0.00516838709778889,9.24638719611272e-05,0.0352623262419911,0.00183390493198501,0.0157021446415968,0.0776008661792543,0.0145697269465019,0.170380043775022,0.116461306417088,0.00329697819908435,0.000606941724294182,0.035195494151558,0.00282392833389783,0.0641004586278392,0.00276095693702506
C>A,GCA,0.00159023418190584,0.00192110234715794,0.00150152827514416,0.000207546751014803,0.00056514843171201,0.00104080946184277,0.00202468140524486,0.00120438078774434,0.00984729689313515,0.00313597075832073,0.00580937858441948,0.0216318664607661,0.000197350808741085,0.00276109779413522,0.00814258565324593,0.00309191373966104,0.00390188240526488,0.00494517373762791,0.0020949984467502,0.0227488112728261,0.000855579898808847,0.00734894627985872,0.00458629463834822,0.0032597275361925,2.17270348550511e-05,0.1293594008784,0.00389824471815088,0.0140859697506219,0.0373529909743296,0.00242842290980495,0.00920586285500924,0.000347596566107094,0.00217315938810484,8.29914512362795e-05,0.0764068739144597,0.00221673776244835,0.0610362343273106,0.00711433006821924
C>A,GCC,0.000656557521213271,0.000578654997875349,0.000288114551518873,0.000132007955607538,0.00025964367961777,0.000590079349891079,0.0013020602412396,0.000152063718175449,0.00733213971481493,0.0170765065765209,0.0042553457268515,0.0117060824460536,0.000489599554325633,0.00190207970395123,0.00152579551923063,0.00337139915426782,0.00529308856820749,0.00277199113278544,0.00255119613567448,0.0247340310308503,0.000791364916808627,0.00615399674128201,0.0103576733991275,0.00495648316192258,5.73213770587302e-05,0.017356775387894,0.00325832238935377,0.00977123628788661,0.0335381676644866,0.0014978267818271,0.0058120833476471,0.00484614013075474,0.00661487276223501,4.48495798281637e-05,0.0736053442174328,0.00208432497215856,0.0215773653349833,0.00208575180115239
C>A,GCG,0.000547834633478501,0.000198187159099529,0.000216333837281061,5.51052545808629e-05,0.00018205174721935,5.95182953398462e-05,0.000215841976289248,4.80843657400189e-05,0.00206757639224151,0.00264504358820632,0.00128016958836213,0.00379071230210052,0.00014207254183428,0.000848541766533874,0.000934410314427289,0.000854597623500864,0.000705687968266308,0.000835705750769934,0.000678796829148299,0.00280526231623899,0.000248195059819705,0.000296292544682226,0.000587020706380355,0.00118822833668155,1.64973996589216e-05,0.00807481673180438,0.00115673392757185,0.00225373873420106,0.0177522403573935,0.000140218632714334,0.000465842481878184,0.000461620519732046,0.000732980570622378,5.43059105419701e-05,0.0197509594861064,0.00112613473163312,0.00499543717949219,0.00107077229732781
C>A,GCT,0.000376723357988315,0.000459973184056254,0.000627283721748965,0.000131718992552578,0.00039406227553014,0.000242418622431474,0.000516450215763775,5.53676407102265e-05,0.00527915491040318,0.0029645092779736,0.00206468320409527,0.00273312334504281,0.000415457807473073,0.00126666438263935,0.00413303424766413,0.00246701175488699,0.00146955064571386,0.00757152651825398,0.000654687014609437,0.0270107272616223,0.000413381473775908,0.00774791475004081,0.00947357879528611,0.0144611424299115,4.68045600762137e-06,0.0713843631078051,0.0013497961275566,0.0106570331554786,0.0199517614741824,0.00174085250454495,0.00492050114336423,0.0112909117584058,0.000275326167275644,2.58722711608762e-05,0.0698689321021726,0.00129356114204844,0.0728734450879442,0.0143025762266233
C>A,TCA,0.000248372277532326,0.00149154624722326,0.0671290697732934,0.000349968935123098,0.000104569033855167,0.00192172806325432,0.00131405837732348,0.00282610982608531,0.00518924400032242,0.424008903452064,0.0176226639452063,0.00517242009406837,0.0101718691261623,0.00151704447296467,0.00477833667837042,0.00418243072387372,0.00563991338368662,0.0149754045011271,0.00194389546162184,0.0235635542588091,0.0032065023914047,0.0197552186524422,0.00498789258687863,0.00120864206805011,0.000198221006271769,0.0751442535071312,0.00282963201022245,0.0297975772356292,0.0413008266380545,0.00665302645516504,0.0228646420358286,0.000730856341362593,0.00174462811666988,0.000480520703287423,0.0347350963134804,0.00879843487822837,0.162439882893177,0.0111838339594483
C>A,TCC,0.00319244876332936,0.00165134685138814,0.0260277556630959,0.000622266527493326,0.000156696548421034,0.0145707015118258,0.000992625226865298,0.00489721139848685,0.00679894155056985,0.0271408787411608,0.0139486879679208,0.0127092184642972,0.011265282947706,0.00270163757882372,0.00407555352694575,0.0106551239757584,0.00275122064452242,0.0033505277417101,0.000861398120367749,0.0247301225963293,0.00240992800285854,0.00108109720182221,0.0179152598056572,0.00341113613311037,0.000176770337140301,0.0471840973505729,0.0037645407072303,0.0227267867026446,0.0546884955838192,0.00974478971748228,0.00583133615686573,0.00110378980190158,0.00420121150049965,0.000300469223932537,0.0242114917255593,0.00218526436038729,0.0780220792854196,0.00191582717234858
C>A,TCG,0.000151353523741105,0.000333089253636605,0.0110038300848885,5.70990996600866e-05,0.00010909343234847,6.05206980227521e-05,0.000174554750225244,0.000309765981884795,0.0018842671921008,0.00459251261956066,0.000863937286042245,0.00170184721747919,6.86544782342759e-05,0.00155826213242211,0.000853224606458478,0.00166609933037901,0.00206594067551843,0.000938075418303884,0.000158435924112526,0.00293960647231457,0.000580282397417885,0.000352954008582396,0.000186330918716756,0.000220610984114858,1.19256427662314e-05,0.013674299805951,0.00204687258177197,0.00258909297364601,0.00890446503566686,0.000453716269409691,0.00154818140374352,4.83712997715842e-05,0.000482492585675479,2.52458617005793e-05,0.015151753662755,0.000844644222115872,0.0164894944828215,0.0022383769194874
C>A,TCT,0.00070433431801751,0.00227189432211184,0.0315137105207997,0.000650351810015067,0.00219351958744672,0.0018518142923755,0.000955559266541223,0.00122410279004342,0.0099394122363838,0.0118091463164459,0.00323756660757805,0.382633573140124,0.00161385341601677,0.00126977896534614,0.00116650228110149,0.0233125625940205,0.00480131137197563,0.00355233081967802,0.00299872762398111,0.0305055964145214,0.00324832323920152,0.0275382067456965,0.00787138889039244,0.00713331008102857,0.000564315362649316,0.127669940436867,0.00764581413530761,0.0273820579875325,0.0495669977931555,0.0088286974943182,0.0312128401543791,0.014127074055851,0.00326404218830632,0.000364955960115703,0.0329555866960651,0.00477938073383108,0.215891641700438,0.00871569557624557
C>G,ACA,0.00169309452362982,0.00139751947651019,0.00388776685120787,0.000285834548284919,0.00022864731770107,0.000884317611524142,0.00125043091411277,0.000141424605117703,0.00984496880244327,0.0104113335565927,0.00166838433827237,0.012872617886958,0.00121415758883564,0.0385562283099146,0.00268672015627319,0.00682238583248046,0.00554257437397549,0.00408456852665008,0.00267935591019327,0.00320100787264704,0.000759184888860273,0.0022049588824977,0.0232811348680912,0.0021206283544329,1.49173550078971e-05,0.000333092943983598,0.00179438331573411,0.0120132266899379,0.00612749614293227,0.00175911036119287,0.000682356728535942,0.00430216598256946,0.00154410700143695,3.93055217222617e-05,0.00491107705574928,0.00540630154498138,0.000988944194502464,0.00345619505579991
C>G,ACC,0.000983836962553524,0.000522776725942289,0.0010555449346886,0.00015917240919414,9.25139829511654e-05,0.00015199375909178,0.000767236695748824,0.000146443611312362,0.00548620159908964,0.00662822567011645,0.00222654270845081,0.00136842955856574,0.00266944484691041,0.00872394616172782,0.00512492528280979,0.00686673544849585,0.00289520424087436,0.00361852579974013,0.00088106372946166,0.00344677553489576,0.00041168015262618,0.000896201124579324,0.0121044484368059,0.00223861939745832,1.62579774253806e-05,0.00169919985734997,0.00177799059236759,0.00869309933016353,0.00163144615886894,0.000648793789154944,0.00200249543123287,0.00017522385997771,0.000800268804328758,3.51012219282403e-05,0.00245917567849313,0.00312484686937869,0.00167791578493017,0.0019826661900689
C>G,ACG,0.000235302057956753,0.000152859103110453,0.000261168701713782,0.000118024070167843,4.32616594616098e-05,5.89280480747849e-05,0.000279182609904807,0.000536465751767602,0.00153143303869931,0.00168720502535512,0.00140973692559256,0.00136140468279031,0.000368068483275453,0.00515123665315356,0.00130904207371848,0.00228784467918224,0.000683215346510516,0.000291370664545922,0.000209044313616912,0.000622302269316576,0.00056204265206847,0.00108256778225045,1.18751904649427e-05,0.000159888645770735,2.04190932172201e-05,0.00177039523312457,0.000647195738828652,0.00229484499386771,0.000861647532123665,0.000272630751955372,0.00195437792765027,6.3029846030715e-05,0.00111270699256928,9.22070267126764e-05,0.000324726346753162,0.00114124541849371,0.000536954019118525,0.000810680523050325
C>G,ACT,0.00143292856400234,0.000531979760465733,0.00421029545078057,0.000401342713454244,0.000448155732712288,0.00150174169247073,0.000808415684229753,0.000322979133387708,0.00965304756916608,0.0110967498576346,0.00230060649916851,0.00701902847998337,0.00223164828936667,0.0188048391554659,0.00394540849890415,0.00928474098962329,0.0107056076068062,0.00158844462092263,0.00173662883018291,0.00709115886938396,0.000503089895949968,0.00570010209210507,0.0188014734515211,0.00672381938546626,3.65811596588379e-05,0.00246393681808756,0.0115636061429182,0.01564124315472,0.0021764123174732,0.00352909865099608,0.000982677321204199,0.0041311348093409,0.000996686535638961,0.00010797872397816,0.00712850730530362,0.00754998992980654,0.000993094099466364,0.00188175237900097
C>G,CCA,0.000383668102937727,0.000939943085101721,0.00525022360305474,0.000100472454209575,0.00015698870933762,0.000161671778903388,0.000781118165778208,0.00059403496977262,0.00654142118983536,0.00496761414421883,0.00112767879916017,0.00565352256913919,0.00166773203179775,0.000371120731621141,0.000973298888282578,0.00591459553474813,0.00521787278259941,0.003145459545847,0.000913784192050116,0.00484268286074619,0.000280269579479704,0.000452835831268602,0.0232604478848678,0.00247557433806206,5.28362952772922e-06,7.65573877682275e-05,0.00580722556807502,0.00726465316028766,0.0100410258793007,0.00140060796103125,0.00529449349619487,0.000323724892006602,0.00053536450595421,4.82981756825387e-05,0.000777926860326527,0.000819819522273476,0.00168909868672763,0.00189792854463412
C>G,CCC,0.000577930433539107,0.000995415579498474,0.00123870353978347,0.000199351758776138,0.000198797755643867,0.00145085830755166,0.000386175460774562,0.000679826417320423,0.0092104903699991,0.00316793451211132,0.00800703995821243,0.00445787246967426,0.000717647257076252,0.00078807032307081,0.00358750967178973,0.00412308149012471,0.00463480750873343,0.000839886980880315,0.000845510085902047,0.0045840637358354,0.00133781871927261,0.00111400879180627,0.0149760662594168,0.00282698561681565,4.35528225007912e-05,0.00133495226984716,0.00338378871239773,0.00866190246497175,0.00696246739431911,0.00388371912369284,0.00296258046650631,0.000392745649738636,0.00152972700114136,0.000173765092600305,0.00902925527666843,0.0010016658452929,0.000942771041377807,0.00126735764356403
C>G,CCG,0.000566628313637897,0.000181993930217301,0.000329932610470795,7.65231962144946e-05,6.63341804443543e-05,6.89927816117787e-05,0.000224739105618022,0.00133077050068304,0.00239492996161499,0.00377979980980707,0.0025091988379781,0.00295052903811584,0.00172126868736049,0.000409790096136651,0.00112497981977393,0.00157133308878733,0.00219154913167854,0.000797957229492499,0.000692407208323464,0.000184822581583271,0.000887430213356091,0.000145087465050369,0.000392509758986445,0.000475028663943333,2.15273979184783e-05,0.00369962827677497,0.00117410470418125,0.00067115615194193,0.00231816931950483,0.000789737617109967,0.00101636247760482,9.28099735454786e-05,0.000799833046744043,4.86949759812321e-05,0.00201147900130541,0.000703165019709732,0.000156254842693375,0.000793718016032228
C>G,CCT,0.000441561935594195,0.00161344181912991,0.00560092082146252,0.000153371957470911,0.000407695541478879,0.00420379699349007,0.000786032152049819,0.00152724560137303,0.00863734250240557,0.0157493234016566,0.00213285555691497,0.0208209602802154,0.000306205494026707,0.000688160981697054,0.00420554362043017,0.00369830127090418,0.00534883337553104,0.00262005744540371,0.000677185804674504,0.00367611452322597,0.000923579990653812,0.00277802936957938,0.0257440572675713,0.00350101167955669,2.72031968020374e-05,0.00208154782504855,0.00477667428423205,0.0150268876249803,0.00634873233853281,0.00188823777257903,0.00440250474692095,0.000678095723541974,0.00124274431847459,0.000119809168838643,0.00908941259324721,0.0074561741510978,0.000961751396186381,0.0016528521463263
C>G,GCA,0.000284629752535703,0.000497320948497958,0.00166709954615949,5.98577336247709e-05,0.000126634009247068,0.000120486767149886,0.000620293352966043,4.47174644499938e-05,0.0046129832923656,0.00277672222445386,0.000847879795530782,0.00140509697374036,0.000544615386646347,0.00112638681345547,0.00113629004244897,0.00484118259224961,0.00312264623109675,0.000324538624747376,0.00229509879690914,0.00129819646282701,0.000172914896078227,0.000835760268978572,0.0154721326807232,0.002429250247101,1.01800628617496e-05,0.000160199851827957,0.00217758733137277,0.00479713315293748,0.0051665166317816,0.000979952062888249,0.000486837626772707,0.000380173932436344,0.000472470161227038,4.89223559276744e-05,0.00123162772266222,0.00287465706835837,0.000665404498553769,0.00420685151979944
C>G,GCC,0.00059709754854352,0.000831394888956002,0.000708390858036991,0.000144679948777715,0.000229310823334065,0.000236292262887217,0.000298021361239032,0.00073491747796849,0.00455406404923259,0.0034145795531218,0.00303615030590738,0.00505973783813306,0.000407799489097119,0.00129558550777386,0.00134204313440046,0.00593136376412497,0.00429906812787306,0.00276705822085746,0.00112116192862517,0.00152283208080152,0.000264126811361349,0.0016964909936287,0.0097349251177767,0.00325799261223981,1.07654750885681e-05,0.000806800242275968,0.00486326643472111,0.00489069794279804,0.00528961437111966,0.000939341129409683,0.00173771848635285,0.000740716449610026,0.000642342993001697,6.46138014473545e-05,0.0044720017726202,0.00294269833262205,0.001206748680292,0.0014697469381177
C>G,GCG,0.000302558435656132,0.000169209232640052,0.000209507512538871,6.47816640812885e-05,4.20739024642733e-05,9.01297397071639e-05,8.2109030520785e-05,0.00046182232459192,0.00127794462665539,0.00246726668876347,0.00123777781341187,0.00136883562074929,0.000568385598095698,0.000590840384391281,0.000734079931977532,0.000639319527789646,0.000831074080465581,0.000244273100662128,0.000174657273986599,0.00103248916005622,0.000295845240548149,0.000207528310033531,0.00268377001201158,0.000473439668173581,1.84305388205394e-05,0.000476595482258333,0.00153361503562628,0.00080080181901297,0.00256010371252166,0.000464210271127891,0.000680062653229348,3.79149546793397e-05,0.000574909506767079,5.86551093214694e-05,0.000269611006164027,0.000283908219414944,0.000147736616714843,0.000471318048204824
C>G,GCT,0.000611343325768966,0.000620569112192295,0.0026018021651369,0.000158841064891119,0.000101336150441727,0.00129801479593173,0.00151907118342606,0.000273279540084677,0.00618073478366107,0.00469587927496411,0.00135826436290478,0.00755105115287145,0.000663927692559568,0.00175181120062997,0.00360362286573774,0.00398833119290281,0.00276449775532654,0.00094141100636947,0.000802567950790202,0.00503088391962722,0.000426319427635472,0.00862948359935913,0.0178301559192107,0.00317299755280059,1.54452206444579e-05,0.000302541372968648,0.00402935895428751,0.00658911676875901,0.0026655237045975,0.00233615248006321,0.00152129135647889,0.00200848089825237,0.00113689153852095,9.07714121488642e-05,0.0033160036898027,0.00621424838472154,0.000774197533423171,0.00121834236390247
C>G,TCA,0.000438658289146211,0.00166977997227079,0.320997342926107,0.000141056352068518,0.000291704927118289,0.00181878079888604,0.00303253024816967,0.00043904319067244,0.0069940433980456,0.00914292244514983,0.00254257626997917,0.00846773653223707,0.00429713572292112,0.00322500882094317,0.00185905975175146,0.00532873733105981,0.00357351213853503,0.00461138003050137,0.00542237506338548,0.000842234516935379,0.000324015953539003,0.00159372683330314,0.0139265843742401,0.00441867295083146,8.75631759167173e-06,0.000357408663253856,0.00651464734602842,0.0125768324765971,0.0020455017153016,0.00144143218722767,0.00275361634111076,0.00098511646947613,0.000410447331669296,4.37684104749822e-05,0.00307002454056726,0.0181190087475766,0.00279873959086436,0.00685124270771339
C>G,TCC,0.000418264173936745,0.000695967988805301,0.0571367809848517,0.000329868665020083,7.00012095188899e-05,0.00321835374277775,0.000890015998110085,0.00269749640944685,0.00609249443916871,0.0150038461761534,0.00390075203983285,0.00424412133625319,0.000175513070152956,0.00175876845031268,0.00610488635705165,0.00310651038258988,0.00465011747860805,0.00120501642377791,0.0012198232895031,0.0028815099117237,0.00102675390812921,0.000633070168553958,0.0238611864269501,0.00140742868169469,2.49318826161895e-05,0.00353721305656402,0.00392334349291879,0.0142588209161574,0.00432726073836511,0.0059811117353952,0.00463475809251762,0.000470668730999311,0.00292818202988738,0.000124055823720727,0.00701188755531404,0.0126154807259951,0.00259183406600634,0.00265405195350041
C>G,TCG,0.00024998986010079,0.000104755528773036,0.0138257627690978,3.38626172005736e-05,5.44156533331496e-05,6.47643723250032e-05,0.000214938192470571,0.000574316655207709,0.0015357622410533,0.00751552057204808,0.000933947944672222,0.00270778506478925,0.000508645943225331,0.000554395721809194,0.000338222138350982,0.00122296137005165,0.000942309587728875,0.00114415368660938,0.000363480452828981,0.000181311614979718,0.000306725782784785,0.000173381432489748,3.31511620765579e-05,0.000948711545755141,5.98484538679454e-06,0.000253142760562173,0.0014117716422003,0.00151306871857195,0.00145189688666865,0.000214743108330987,0.000962756616643145,9.09895482852577e-05,0.000326418744083456,4.10599140541253e-05,0.000965711599666183,0.00250902161972316,0.000139742589258067,0.000862129716522433
C>G,TCT,0.00181926024813054,0.00243414582259601,0.360963648161505,0.000797324199028798,0.00145378179902966,0.00910691487595399,0.00092149148726833,0.000471369868337675,0.0107499920621382,0.0121788346247363,0.00881779926533327,0.0180943745363277,0.000577403804781401,0.00401862067428451,0.00634704906994335,0.0122633292591834,0.0175524040099035,0.00171331776287088,0.0022622116766165,0.000969291761192266,0.00164536219129215,0.00435362394620229,0.0255777289209899,0.00238359094008443,7.29378165704979e-05,0.000725471607416243,0.00289754472131234,0.0265080251599167,0.000900510308456117,0.0241660222738173,0.00353627352672233,0.00329259111656576,0.00281818955287895,0.00034061515977057,0.0070603059201612,0.0447331161280031,0.00758563312511804,0.00178271080932577
C>T,ACA,0.0254836949125112,0.00318661968592386,0.00832461797486136,0.000398959731461008,0.00117322813530706,0.00142409364708422,0.00221973635370453,0.00173929400342969,0.0371944413070311,0.00521168146314942,0.00841727008132045,0.00542003681359756,0.00439103958936272,0.00793288260332841,0.0120912477778511,0.253525352320312,0.0366558159637437,0.0150626465720819,0.004886126123884,0.00791696471240083,0.00217107042655827,0.00507217895504996,0.0105091388376097,0.109011822501455,6.29126321862318e-05,0.0067398152315487,0.0435998089903343,0.0183808956442835,0.00674367582648625,0.00709658999120509,0.00463478713144555,0.0949200937969358,0.00595542628403326,0.000171020928736869,0.00674778038553566,0.00760253194669036,0.00547518803492411,0.0204273143843033
C>T,ACC,0.0068030149940492,0.00193971401015656,0.00051899003309089,0.0104262127618561,0.000411736645745679,0.00779030729117283,0.00158746110029207,0.0385220673698804,0.0191419243180568,0.00351107228297889,0.00346930388098693,0.00903102599325856,0.00340886622206908,0.00359208463995808,0.0049496942986252,0.019139870427929,0.00847182900428054,0.0106840530044675,0.00109227459323299,0.00477683567576634,0.00879629194285824,0.00416524259334447,0.0126395591945094,0.0274590143267912,0.0113395485057506,0.00404513548877135,0.0153408890931015,0.0118562875525322,0.00240157719217362,0.00476090675512115,0.00280463773748652,0.0167942761516616,0.0108379447682345,0.012422470906134,0.00788114730894923,0.00292288174613917,0.00141363236354495,0.00736416195966458
C>T,ACG,0.363897159031161,0.00647521397190526,0.00263384128121649,9.69528842001632e-05,0.000686122164509701,0.000170881671573742,0.00541713408841423,0.000385552606650738,0.00616427168676644,0.00782257023379724,0.0158426745108135,0.0126944784070343,0.000695443700580237,0.00964618623594711,0.00723311980252661,0.00393614595568329,0.00381753463555109,0.00393157778671235,0.00330615553563564,0.00290118457363418,0.000306132298662787,0.0108157219930053,0.0110302981385187,0.0187774710817768,7.00576452506896e-06,0.0170818399664977,0.00264318200117546,0.000333802530595457,0.000371473490959023,0.00429976789913029,0.00412527010195829,0.00908395693470071,0.0011279585080343,3.69447828665519e-05,0.0123467985011245,0.010728760364582,0.00562119916483818,0.0102653497770048
C>T,ACT,0.00898231406477107,0.001875671494193,0.0011426343320577,0.00406831855646263,0.000617382434836259,0.00609385014963226,0.000814536519552651,0.00754543599179348,0.0233480850576567,0.00463186584331359,0.0116135080305614,0.00512978356479555,0.0395492579419525,0.00797976314043455,0.0108059106913831,0.0551415723248546,0.014646559022332,0.00813364357747552,0.00185267814486421,0.0114557540701708,0.0335914782643628,0.00280249982790533,0.011192516728134,0.0371457757528423,0.00499429379733459,0.00689823048106815,0.0273386682234703,0.016985975585855,0.00285224458288285,0.0204302856377685,0.00458489825325912,0.0230439927012999,0.0194870065621824,0.00460301944696863,0.00721483671098897,0.00672369439887853,0.00450279977706711,0.00697612120860821
C>T,CCA,0.00245535696934059,0.00415414482276016,0.000530235656925697,0.00264152687061091,0.000613529733403519,0.0020415889647697,0.00264925014274237,0.046414692469836,0.0193154419825246,0.00604385607460615,0.0121401272745491,0.00548626555573467,0.0219618542422245,0.00199207900943973,0.0104872103072383,0.0327254047965867,0.00998702368881146,0.00599623632913929,0.00275312972057947,0.00427258137791263,0.00497429376279708,0.00762420952441708,0.0160734832442593,0.0125812631488387,0.0303824413036733,0.0120930026744501,0.00641140073961488,0.0203440519321923,0.0116344572911698,0.00904096640712213,0.0111957263525919,0.0012469500741078,0.014878143841182,0.0246770016588838,0.014220373685858,0.00720287586592331,0.00312773968808135,0.00253823510094639
C>T,CCC,0.00116067169862753,0.00297855860677419,0.00133541141164827,0.0125353637321106,0.000212447404447741,0.00262262633716066,0.00193272816654339,0.46873354406251,0.0203806041138043,0.0259280175405395,0.0168028681468735,0.0155170572511133,0.00209672510186259,0.00257935987073754,0.00311340992678103,0.012073057988858,0.0262025528707734,0.00950623806646389,0.00387356946581984,0.00335621909438525,0.0102480728020906,0.00629692245310286,0.021416266013348,0.00961773739552211,0.0495010433903713,0.00385699327757951,0.0119706140459328,0.0171517133500125,0.00828361333865966,0.00711036870077817,0.0328913482666795,0.00151775260319226,0.00822045789624881,0.0103410593977679,0.00706627161694284,0.00254783449825936,0.00805769573556421,0.00434981587254799
C>T,CCG,0.183411937303612,0.00556453556272201,0.00320364523045364,0.00285926631178433,0.00151060846254362,0.00787552678423531,0.00226125087869299,0.0245463772601242,0.0219212246687324,0.00414532080073499,0.430387788617334,0.00730201321569983,0.000683355804493582,0.00623130921726775,0.0132123542336952,0.0048711594402277,0.00920697754735744,0.00256332895823195,0.00195700586768445,0.00772651133532129,0.00948167378401401,0.0119845687289807,0.0034089529163505,0.0109809822662721,0.00387384534462852,0.0200939245630799,0.0127806625373993,0.00137521234625101,0.00290443503008578,0.0123509707783431,0.00280312771323408,0.0125064103389499,0.0424521212261623,0.00863439902093584,0.00778873674138323,0.00958863745425509,0.00481146533996098,0.0350589557581121
C>T,CCT,0.00109023350362623,0.00352367473868197,0.0022388194878137,0.00907043278355056,0.000423147304347677,0.0230661405745302,0.00246509471889837,0.0568699129758536,0.0231683643037407,0.00900802165630243,0.0157506484789858,0.00999103820760904,0.00560761475741569,0.00812922266123457,0.00983664010158749,0.0145715241660073,0.0287615889245772,0.00416979045272011,0.00400722894457676,0.0162286813114162,0.0131003443038785,0.00999109401786852,0.024389722889683,0.0110794351470266,0.0264117620984827,0.00408340392632036,0.00810804760805026,0.0222663095281404,0.0122508463646825,0.0183366896364438,0.0106859479727532,0.0060702270590421,0.0109731748720244,0.027838677459076,0.00415889891249966,0.00710081396952779,0.0053469559715396,0.00227462351285058
C>T,GCA,0.00537125246129763,0.00618621380018021,0.00745976403086703,0.000214576258931795,0.000286249436358108,0.00035276941930548,0.00191197902186789,0.00113905626479637,0.0188396898722566,0.0161478821972417,0.0126207002802287,0.00533809346495704,0.000510419364822255,0.00219509317314617,0.00485518421873785,0.0042632719472112,0.00967119997415728,0.00457342009871274,0.00425788213167203,0.00217792545330222,0.000912725825489265,0.00509685529463586,0.017067205368389,0.191615718949324,4.04453066268787e-05,0.0085121796810137,0.0249729916107139,0.0145364129900277,0.00244581082094642,0.00169384278953089,0.00263708312332139,0.0912356228426454,0.00126013830873113,7.06973296222667e-05,0.0165305993866417,0.00181298020953342,0.00218446628978686,0.00741718383590658
C>T,GCC,0.000692567309839851,0.00566340461203502,0.00122865821940592,0.00577953850373181,0.000423794427125537,0.000440802763553978,0.00116015535794897,0.0208393488728575,0.0240507843948694,0.00600617837020514,0.0096043062247161,0.010132266635048,0.00149397647811529,0.00412572996009734,0.00397531086844228,0.0479259950203508,0.0192011321246271,0.00849571931298913,0.00459791940077889,0.0013367508508132,0.0358635333114131,0.00481725383781419,0.0125172207125236,0.00427216105516324,0.005829514351558,0.00704088789733012,0.0199353837416005,0.0097228236449749,0.00277266854645804,0.00367993926105932,0.0171488227342747,0.0839908980005578,0.0079722213254896,0.00171510687307784,0.0163302289515111,0.0118697035693385,0.00139369097811316,0.00678687504863147
C>T,GCG,0.204622080050073,0.00618742572242198,0.00149384504927072,5.76847314514721e-05,0.00184336063320434,0.000175858066618827,0.00158741780525884,0.00010228299472085,0.015001356760841,0.00339769547349855,0.0146969448774922,0.0108832786435249,8.51480943419891e-05,0.00210974551715482,0.00695749122528135,0.00311517434089273,0.0139084405992068,0.00665940761271398,0.000855676205857374,0.000869063601358757,0.000304299092152614,0.00775006179746605,0.00196487184410603,0.0599484325472836,4.82538816086283e-06,0.0206156930476809,0.0222676963409169,9.56831024475836e-05,0.000153194928524947,0.000834955673294084,0.00173882196561425,0.0422551688184368,0.00135549659351955,2.72410092698524e-05,0.0185847234978443,0.01472311932931,0.00472339998830601,0.0149903253798272
C>T,GCT,0.000791681871434736,0.00503944861000634,0.00190467939650745,0.0118464392070991,0.000330977361354361,0.00272210335467745,0.00193074200689397,0.00157284074655361,0.0193560385098447,0.00635545971202978,0.0152312274203998,0.010380898510036,0.0160428091567499,0.00255654656363843,0.0040949203465948,0.00894668990338791,0.0142046345184616,0.00351178698164139,0.00227226669143571,0.00443998161578393,0.0284633666056798,0.0104793267200449,0.00962475796566899,0.0620717686802221,0.0194284052210276,0.00589212503247053,0.0280807213514602,0.0123290549791965,0.00258559432261741,0.0103095035172609,0.00648581551458737,0.0621091960843477,0.547891556060195,0.00401813134826419,0.011189414837119,0.00919247841816149,0.0022050192401607,0.00174856112632245
C>T,TCA,0.0017732458351612,0.00308496429752821,0.00727443268395247,0.605839047169986,0.000223221862175305,0.0110197790535554,0.00141047641632679,0.00317625280931128,0.0206706582934923,0.034479524616494,0.00455700506583925,0.0151725947008073,0.00164240311795828,0.00441360639028237,0.00495449726989817,0.00589120060858151,0.0114856219848372,0.0070210135470916,0.0018904538911463,0.007563615733847,0.00830916017552201,0.00217781196779235,0.000608293387554047,0.00662727978533251,0.344467640859252,0.00922128628013417,0.0226009232133843,0.0333922807666076,0.00123722506627297,0.00982955224355571,0.00721187582966032,0.00401099625658406,0.0052808009166306,0.00534601463098112,0.0106349899200893,0.00917823119912151,0.0107505035418238,0.00737850332873286
C>T,TCC,0.00150700965402237,0.00352993994384255,0.00530580342998716,0.0965825125469396,0.00092300732786816,0.00311901919873873,0.00200262799769331,0.095038378267864,0.0226814592360214,0.00813726713771674,0.0053383071834701,0.0056047138946764,0.00272627386364413,0.00237436369985406,0.00199726137676707,0.00964847052591906,0.0291419717964309,0.0123805988667833,0.0058261866806274,0.00595420189170881,0.00893496939936519,0.00566620521323409,0.0107141100871616,0.00732248164884189,0.37154064382922,0.0116947122594622,0.0327710927685567,0.0235314223532835,0.00260635271964682,0.00543755657322725,0.00732852520316142,0.0026904394753953,0.0160706307848862,0.752081442717378,0.00817977854332849,0.00282656191075067,0.0068629162548523,0.00541332387327203
C>T,TCG,0.0991126429781042,0.00285401195496367,0.00232428815457875,0.0279198164972098,0.000587814111792218,0.00100284536835464,0.00329252774647442,0.0142064943277615,0.0204547023180059,0.00149989055421669,0.0354212736898926,0.00470459585239965,0.00178379969191929,0.00236627387464161,0.00408299038569099,0.00764812598246097,0.00822656773376839,0.00410162230788681,0.001044721594972,0.00845752108004222,0.694006365605184,0.0058705717753469,0.000515473424177608,0.0033353183349536,0.0692227067458036,0.0149904132394747,0.017690131656298,0.000578839012291518,7.18966596899328e-05,0.00502402465186043,0.000741509024732542,0.000853478157148623,0.00655452033675201,0.0434765371047112,0.0179684092877508,0.00222334329127597,0.00255208234477319,0.0106493839314808
C>T,TCT,0.000475291104274425,0.00383642642219887,0.00326230925958505,0.181707401088592,0.000707466294275632,0.00136019938064133,0.00238132965335653,0.049917608458963,0.02249406695956,0.0116474801800023,0.00880349148758098,0.0136594851862425,0.0484028783793592,0.00770515402359794,0.00166554648981817,0.00400633073418316,0.0159103462140049,0.00816862027205056,0.0024396465790062,0.00456929117823932,0.0130623876971427,0.00232379648690394,0.00567634762311844,0.00658489575531074,0.0460692325877085,0.000604553519045805,0.0158316100884677,0.0242135874475474,0.00277134677234382,0.0280016652189068,0.0223362206642579,0.00378316083799693,0.0155268416322942,0.0734484218864238,0.00777145546489963,0.00652539901387658,0.00672400364658702,0.00507706931913845
T>A,ATA,0.00113789407836135,0.00314256847658236,0.000290948423050304,0.000838418598284836,0.000200231255468239,0.00979673583696345,0.00043575368570212,0.00310991784720287,0.00749960886173953,0.00512940916676638,0.0021296219105499,0.00371006835244736,0.000766531663158274,0.00249971554152097,0.0782184013294625,0.00516042818759507,0.0143887194363212,0.00118389886271481,0.0578118910049726,0.0175704005111967,0.00277000141394295,0.0140687782525155,0.00465249824936363,0.00201316035482146,0.0016146905401666,0.00222611291964031,0.00156733720940884,0.00485260646381005,0.0097215962625735,0.0111445445076421,0.00464010125525703,0.00487594880152271,0.00666062730863007,0.00225160316906297,0.00218217490599313,0.0047290405598898,0.0020007783911216,0.00208182009422766
T>A,ATC,0.00208952609609186,0.00295225340168719,0.000218994402965723,0.00075585029496058,0.000246376297433728,0.00334556729341394,0.00105945111065588,0.000368146501405482,0.00718278758416821,0.00504301251505551,0.00384343233577263,0.00685566966354094,0.00036081574562346,0.00184314532727853,0.0340826588257386,0.00357769986682802,0.00889752239901002,0.00163293478850164,0.00768358679377687,0.0169189505946054,0.00328650405105008,0.00261305965713917,0.00691994231270042,0.00342269688804745,0.000521989490288956,0.000194213961574829,0.00426099226807585,0.00339323719371657,0.00287415724205952,0.00266078399663032,0.00538834731126969,0.00267019596592494,0.00201305478885421,0.000700878621971949,0.00166146579787134,0.00439094973473189,0.000971820376125108,0.00265880744663794
T>A,ATG,0.0016198917676075,0.00168888397868012,0.000527664953531953,0.000270768014599307,0.000249175035186072,0.000212977495917295,0.000534233650663017,0.00228939330839469,0.00934996773394715,0.00610675249335538,0.0093061463112467,0.00710353002038026,0.00225154560253037,0.00140742734133598,0.030736072390383,0.00960452388470846,0.00330104549624361,0.00200116491889682,0.0521394182801725,0.0221035221089542,0.00380933718545853,0.0031404097987068,0.00954886401496965,0.00324722635518761,0.000393377834225252,0.0016515078991052,0.0142711743533501,0.00595956728295291,0.0164360778940697,0.00154598827751754,0.00446226686060412,0.000528713022136181,0.0118097931215447,0.000263796405315651,0.00221388931985168,0.00340422188273546,0.00235607578084666,0.00224560377126333
T>A,ATT,0.00101662492300193,0.00247899235590867,0.000738719381221616,0.000635266012125791,0.000575182930482612,0.0585634991518707,0.00226716606260805,0.010803873644642,0.00530073077030857,0.00250176520259929,0.00386334362400684,0.00728028888887986,0.042425008183784,0.00213336780677517,0.205328726199341,0.00104166748287721,0.00449288853487495,0.00276050449501029,0.00281440420315174,0.0202811979524043,0.00741061202628048,0.0187104741988061,0.00494173103325361,0.020802743475782,0.00224566261562756,0.00661916791042508,0.00318980356076125,0.011738306068541,0.00234522511954177,0.0148684220685785,0.00534812839608447,0.0212532143667454,0.0333361088670604,0.00100529578595497,0.00116731366251946,0.0741885938923036,0.00325933535864713,0.0026141357670075
T>A,CTA,0.000210802064731928,0.000467639674308882,0.000175700034948729,0.000347079304573498,0.000159582661400769,0.00342688911919161,0.000386667941777554,0.00196309521426106,0.00376741671042716,0.00239985925637444,0.00612295368877988,0.00323225498106329,0.00131752500550298,0.00210711632396077,0.0179920853230804,0.00200650110297562,0.00542732079370568,0.00025991747849086,0.10006289661756,0.0146073434317565,0.000816528643581357,0.00373528899353931,0.00934580780028911,0.000815576400189428,5.06580502682808e-05,0.000168158767870525,0.00139046110182381,4.57939238555127e-05,0.0174830931218707,0.00362038793423571,0.00187257526766704,0.000285714793149898,0.00138113366475361,0.00026844208971159,0.00056266142742497,0.00330151238547449,0.00105763604245755,0.00312297353272255
T>A,CTC,0.000633436950579221,0.00328395219096605,0.000645053989777882,0.000442223280049612,0.00165432432874548,0.0137275994420861,0.0325971552316519,0.00102433085501249,0.00424149825510673,0.00186962182454176,0.00327752207362313,0.00520096626557198,0.000115924513983672,0.0020015441049383,0.00262645061352535,0.00497729852630995,0.00122224063441974,0.00181850623722082,0.0429155254317435,0.0263620596204526,0.000794556542531374,0.00295505784153117,0.0205022086817777,0.00129472348174008,0.000133091764683021,0.00190351015520354,0.00410706597320396,0.00736038226422681,0.0120150156889614,0.0108129169899296,0.00242533126084441,0.00263609629275787,0.00129536204682891,8.1306164574413e-05,0.00150997558798389,0.00485692014412141,0.00172539943435922,0.0123098373778615
T>A,CTG,0.00071307764711843,0.00140593259742962,0.000222803922227114,0.000137409638314923,0.000454173701498793,0.000512884166630344,0.0108928734161845,0.00123856608342729,0.00538353018374576,0.00567352333579577,0.00431623130121841,0.0038097972247274,0.000514681938705444,0.0019841914298576,0.00214413933698545,0.00255311403817582,0.00276054320916598,0.00206952098418452,0.172872925500451,0.0283557586940476,0.000810752064793906,0.00470966617368399,0.0151941663562824,0.00130260360361865,5.96751036454409e-05,0.00280584200519458,0.00353439513640296,0.00219629184714174,0.0397862881278699,0.00216905896489983,0.00186427013427862,0.000497118812306354,0.00155242270867859,6.65398433466305e-05,0.00149473419491594,0.00442911501240264,0.00242186269532702,0.010988297068392
T>A,CTT,0.000444014030724482,0.00070939652007349,0.000540505633030544,0.000395950662848692,0.00611255520063101,0.0491086945732249,0.0560059462697489,0.000952176648396243,0.00303571254975289,0.00216923905429392,0.00149239424226673,0.00983210546896731,0.000656150085735391,0.00114653047823447,0.00276139861283992,0.00202832890490142,0.0039791786950779,0.00342059858114419,0.04557271586728,0.0435798398442774,0.0011911621984588,0.00432728585073247,0.0144322522934064,0.000409798766170728,0.000240806193514154,0.00164087413086688,0.000726500703888388,0.0101986238041194,0.0089539412655303,0.0581897087714028,0.00139235851646273,0.000107852267986642,0.00603814759886495,0.000404747450743106,0.00295321234874601,0.00894651960946214,0.00164163687890365,0.0699509824736488
T>A,GTA,0.000364182806203122,0.00077493770773781,0.000145384349234235,0.000299720186285928,9.91381173776906e-05,0.00160868330255516,0.000193923865716536,0.000779771388582482,0.00346948174161464,0.00147269558627389,0.00130969322264045,0.00392418494183362,0.000139058520375831,0.000805584794655765,0.0144222381908106,0.00258181479927209,0.00303512211908533,0.000759175145715869,0.067527924053862,0.0123584037105485,0.00234815290002653,0.00326051210228134,0.00770481376096676,0.00072036636794465,0.000335714019431902,0.00115716895711279,0.00386679548500317,0.0016994566644901,0.0102242263889056,0.00304978725544444,0.000731025971749247,0.00103165782956976,0.0034578816872403,0.000146838402668182,0.00391138022861089,0.0014988506163973,0.000788263527090285,0.000712799743038613
T>A,GTC,0.000483302805923884,0.00154447586905916,0.000148009611876036,0.000184000114876299,0.00045846600954434,0.00220560137937936,0.00254202999294816,0.000242280446717808,0.0022478096114732,0.00278767754329338,0.000689497568430823,0.00349079477333,0.000204388827186276,0.000816263363936198,0.00408701868417799,0.00148422336848654,0.000725651279606965,0.00101432414267635,0.00882824745869222,0.0126625329119997,0.00162222949907025,0.00247866331180212,0.00810834648699603,0.00202656953340907,0.000200136384140097,0.00155424091949012,0.00135821289560446,0.00281865051442548,0.00242796032696828,0.00122984581112085,0.00106581577187227,0.00248711953984216,0.00197249302034367,0.000204929520553868,0.000763609188050579,0.00194863100415047,0.000541169448897644,0.00185164673740594
T>A,GTG,0.000968667124614644,0.00140185318059795,0.000104448866353823,0.00021393668737015,0.000247959973430176,0.000112767757657662,0.000292133236719745,0.000574512105118302,0.00353134736305942,0.000830756864312791,0.00251909911143828,0.00263505932771533,0.000952510306502045,0.0013257605558163,0.00456948489527508,0.00169363594203924,0.00462542141724391,0.00277471597937423,0.0408996338419134,0.0166764289203486,0.00123190158629997,0.000497070890550125,0.0134973993941613,0.00119751909766184,0.000181967291556778,0.00128578750188111,0.00131980708657431,0.00352407441161781,0.0116799289380734,0.000438871096247358,0.00135364962552996,0.00219108160344833,0.00216738560010737,0.000359521133552699,0.0015141708199142,0.00136237952735067,0.00116247574680871,0.00231203089587724
T>A,GTT,0.000190514645192466,0.000789453722803302,0.000314749092673286,0.000323842822113985,0.00134259136122383,0.0186482212089622,0.0038407619285082,0.00100997450591931,0.00240108667949166,0.0020483868507819,0.000838821156056039,0.00162234024193997,0.00786961798057365,0.00288592379716333,0.00472968722741201,0.00340030140276649,0.000674289824654153,0.000765000679802244,0.0100205166744366,0.0312143479558689,0.000451826056345356,0.00269297099760985,0.0157618656111775,0.00142471306425138,0.000165628322633998,0.00329178716253591,0.00225380660732822,0.00567452184546208,0.00491597107671374,0.010164379152036,0.000930000705936338,0.0034419674750264,0.0010660809310048,0.000536353626214814,0.00121126737687196,0.00483282939192653,0.00132537043744432,0.00613499804051216
T>A,TTA,0.00545366724525696,0.00153953079348336,0.000523306632422458,0.000481528034785265,0.00112219554155943,0.0136906123095884,0.000688726564865287,0.00652875349743325,0.00570651650229633,0.00518590424235056,0.0128975757131718,0.00665556221948717,0.0160506026687005,0.00227789253419559,0.215774259110694,0.0057461296788593,0.00174836997260055,0.00133881578731013,0.0698396886211897,0.0126266283101294,0.00438576853035144,0.0277761466589861,0.0062632268406681,0.00410356536114396,0.000127369786436909,0.0117242381969665,0.00598187006121856,0.00650684029613256,0.00874158058680363,0.00920852916626479,0.0124963218567909,0.00674504030846503,0.00509458717542914,0.000175804824472802,0.00132207538354523,0.0866949754591652,0.00256197659187133,0.00258732527026366
T>A,TTC,0.000347197236594341,0.00337530624030665,0.000274336736700715,0.000210417117360738,0.000249955951280873,0.0342767679399016,0.00510720659303693,0.00545703894617155,0.00303173648475104,0.00191086537781995,0.00170574845757283,0.00121205501168038,0.000943611388264566,0.00147263133254832,0.00219728189010244,0.00155893041979564,0.00169588091613208,0.00271493378481849,0.0212080261461495,0.0179085794642371,0.00245922675059253,0.00101015640196381,0.0121119736683363,0.000594543845768309,0.00017220710566839,0.00214740170149974,0.00277808447170351,0.0117470452299501,0.00326584995090434,0.0338049761447026,0.00116594199538031,0.000120706246348446,0.00236391227081375,0.00162306926671742,0.00167385905183063,0.014633232329185,0.000570437199695677,0.00453104883936386
T>A,TTG,0.00043724647679847,0.00139098916335922,0.000302707545690353,0.000187190267003057,5.145854798116e-05,0.0112884636792821,0.00124633412159338,0.00510666732342754,0.00462532050841201,0.00358157298186379,0.00135551797832075,0.00263696781997802,0.00523508488617667,0.000965763333862273,0.010800178112767,0.00152304327468072,0.0018681498406445,0.000805568007895666,0.0605321336052595,0.014106865079118,0.00117838250703176,0.0193094269014248,0.006609897508946,0.000571162908013375,1.37394260369444e-05,0.00110882059342121,0.00252040188069996,0.00435941100892976,0.00643314004825434,0.0123347605317865,0.00955499788553046,0.000153962307809555,0.00193498155492614,5.61138040377025e-05,0.00244370335522718,0.00949659178457859,0.000694060684409753,0.00472520027178954
T>A,TTT,0.00227651406833471,0.0019617179733587,0.000231141859077237,0.000882090547991117,0.00142261068665818,0.328292898156101,0.00217836253757407,0.000544434945291966,0.00692620297796615,0.0117481831892566,0.00207841512701541,0.00265040847825354,0.0301454155608329,0.00137162986477089,0.0382398628643247,0.00744639231768832,0.00867506726619492,0.0051961180144212,0.0272379796464279,0.0364718548330575,0.0026647041421644,0.0135091341647436,0.0138500816925249,0.0045569642255276,0.00042149680330929,0.00567320150835736,0.0054861623718535,0.0243756933378468,0.00249450445583926,0.00505021699761236,0.00247449416583255,0.0167894111127257,0.00783430404992736,0.00126711487742264,0.00302772582596708,0.0586423738630018,0.0015723553076116,0.00745077184649208
T>C,ATA,0.00295047060487803,0.0738968342535105,0.00376208480925727,0.000707714829265351,0.000563373622405645,0.00138911131995235,0.000916853506833561,0.000386150019585003,0.0523478373716361,0.012564504809922,0.00484358143787762,0.0167721548542501,0.00345648617059993,0.0674859691082743,0.00618979049439307,0.0184548356472856,0.196525014823195,0.0182385962116552,0.0326044132737751,0.00835080094422479,0.00241422746560901,0.0196994983600161,0.011736218819255,0.0527735977910883,0.000173985366352524,0.000223190159517436,0.0343134138555844,0.0162996299657971,0.00622576023316996,0.0041072925505428,0.00498154096987638,0.0203883696518744,0.012834113950681,0.000835969060740611,0.0212116314768175,0.00772643957894719,0.00349129320452407,0.0176484588195638
T>C,ATC,0.00350399630918338,0.0323923334231815,0.000363579619684299,0.000294956148719822,0.000506249337023397,0.000441184388940871,0.0096925673267938,0.000504537349391877,0.014172824002831,0.00320337819070976,0.012954120228035,0.00656354852869459,0.00416922669617258,0.0370246626006936,0.0009708199353675,0.0196879833249026,0.0213354594498137,0.00154519942635402,0.00265130186332202,0.0046917112967934,0.00214833339041771,0.0112691166448366,0.00586277725497289,0.00564805303510109,6.49942557597489e-05,0.00152105141908581,0.0125890880803756,0.00576545220844006,0.000182006986840386,0.00151770566313069,0.00066063561044313,0.00189442205842905,0.00349956916284468,0.000186538495473975,0.0075224742230902,0.00696006871476916,0.000473591522801292,0.020716950127758
T>C,ATG,0.00140933929453219,0.07504548766182,0.0016719296442963,0.000969937243119309,0.00067867342637468,0.000983657243901659,0.00200876506865367,0.000982744276866142,0.0428237515208211,0.00464123156687051,0.0160069481758115,0.0202372864975797,0.00731099017754264,0.0136889550384908,0.00885931291481791,0.0340316028513154,0.057468544761635,0.00479518972496056,0.00991130032562693,0.0106381625641132,0.00151355596206434,0.0110686471208587,0.00719325924835572,0.0109240540606844,3.95103521481249e-05,0.000379767473785813,0.0583923270483311,0.0138260635672756,0.00220702512943336,0.00298353853728035,0.00804058875497136,0.0283148247250793,0.00159777781062099,0.000284793382918985,0.0118785875246811,0.00409771606285441,0.00322242304607349,0.00996384402312023
T>C,ATT,0.00743233463493414,0.0482286457948408,0.00272485894444569,0.000913916938864406,0.000886722034218493,0.00305236705283323,0.00709482203795772,0.00485619273140148,0.0413456969169687,0.0075606307084461,0.022926154059595,0.0187371303666701,0.0367577492022565,0.0423383833932392,0.00938020289609872,0.00955990561882322,0.0999983864181128,0.00760831194720262,0.00385040404493803,0.0178673090454821,0.00458768501719132,0.0290395517164975,0.0151704686223593,0.0107195762479053,0.000193336650617186,0.00250696419512594,0.153174323457498,0.0194402538955611,0.000192201660453997,0.00872806599003676,0.00298830895665368,0.00090048889518391,0.0224289875822524,0.000272813580642701,0.00941071347539672,0.0143845535968508,0.00563727458617202,0.0159781573834573
T>C,CTA,0.000479116906156022,0.0485239111717265,0.000509153321602967,0.000556240395855344,0.000550605917303241,0.00786434261623009,0.0114748290172253,0.00229199684871315,0.0137537462760299,0.00652210944449445,0.00607283217012134,0.0041692840758248,0.00988816143347051,0.0526342230428721,0.00171930878116392,0.0069222564215994,0.00265446925813635,0.00213879316168742,0.00867375576691209,0.00462838140862365,0.00307240135690517,0.0138032061329792,0.00645908357717261,0.0144513328131696,0.000290355939081177,9.54044291597519e-05,0.010950077476281,0.00945905445832499,0.00339830742139574,0.00882268263967484,0.00101578169904618,0.0132459787154864,0.00506404783136704,0.000921648945461297,0.00525862700373803,0.0116982188601664,0.000474290454163634,0.0054640616150149
T>C,CTC,0.00276760946872857,0.0437303637487222,0.000643083438112765,0.000327165897246025,0.0044249491016774,0.00300732508050286,0.146544103045729,0.00077976770084832,0.00989478732741714,0.00288240882972921,0.00577950057793677,0.00890660854021863,0.000234910764805082,0.0230703208461084,0.00429153229967194,0.00900064375225064,0.00442845643136736,0.00602343781491357,0.00224893461284971,0.00833476973822365,0.00118901246708356,0.0160379442691488,0.0155570029460771,0.00644652340940186,0.000125236299886987,0.00172933707242662,0.00563558411164905,0.00976569815709767,0.00109464359127901,0.00669675146232421,0.00521829534930244,0.00212559386616906,0.00613829921708524,0.00010688195011885,0.00633822567938413,0.00740048047666878,0.00081927860629417,0.31262694264703
T>C,CTG,0.00118872884927912,0.0544938076724849,0.00052942689630744,0.000470894194362738,0.00384045251805016,0.00174787989033979,0.0690387957646699,0.00061551602126703,0.0219611137323336,0.00305571767756692,0.012856025572207,0.00721012134356231,0.00105741256786986,0.00598303248149766,0.00517961718149871,0.0181927900867303,0.0268168733528481,0.00815203629194984,0.00342992665727754,0.00461665610506084,0.000464526616556121,0.0141641748048955,0.00850958577779281,0.0282426973118878,3.71800704685563e-05,0.000700265638258749,0.0225125540365807,0.00891950296380205,0.00516047311409898,0.00358105675706424,0.00159446945486644,0.0312740623588893,0.00107552234534028,0.000368264115414922,0.00549456068936051,0.00477178221700976,0.000948624591537413,0.0326718854272144
T>C,CTT,0.000797481543211419,0.0467035228090799,0.000682982295280094,0.000821724239389617,0.0170079784695644,0.0347567305564893,0.474742183624291,0.0100577970830989,0.0153896758675664,0.0130631651462761,0.00573622287247553,0.00577619395478985,0.0411657197987038,0.0480572021832982,0.00490972118286957,0.0106598925109483,0.0158069086270823,0.00666255528032517,0.0022369908107164,0.00632768924474339,0.00170376102889678,0.0340704367731224,0.0155093245005695,0.0105104287332722,0.000938950059292135,0.000600935084020266,0.0189965215054278,0.0123883531457943,0.000810624433940421,0.0369950673499485,0.016153194051213,0.0046972426646535,0.00809986198467898,0.00146284219779107,0.0113018008668119,0.00611641748064699,0.00176864581240407,0.0118647681539827
T>C,GTA,0.0016184742394203,0.0825774870078148,0.000578449985370419,0.000309240555736675,0.000186319480982193,0.000172321671366952,0.00106725504039559,0.000120633159911611,0.0160401334679412,0.00397411709259586,0.00204184834517483,0.00383923673303482,0.000715849977789684,0.0304541874613938,0.00404317220449255,0.0149190675476442,0.0163092153980308,0.00312878160551907,0.00121454579553722,0.005959236485329,0.000604799885924439,0.00876608581533854,0.00847147921620387,0.00901484321484132,4.18697623486882e-05,0.000133627738834291,0.0112593764827924,0.00337254886437756,0.00178653606652001,0.00137654854245781,0.00126159622398689,0.0236544187144284,0.00323426542001748,8.21978506388926e-05,0.00400941009766154,0.00399958294504265,0.00242015905013131,0.00148539887616089
T>C,GTC,0.00261099165684063,0.0283684756517788,0.000396080884688606,0.000205999835460584,0.0015748456375306,0.000375906094428185,0.0120146910222082,7.08008081787424e-05,0.00822440484727602,0.0030137867317341,0.00110829906923255,0.0013765101960184,0.00254249012774767,0.017567014999709,0.000782574448378749,0.01072049544409,0.00314378478908754,0.00160223328426417,0.00140420226290053,0.00204921209272291,0.000417179772156698,0.00839327897097487,0.00478409931410328,0.00198311536337909,3.79104148486162e-05,0.00178925047958418,0.0136447794651798,0.00342631114416158,0.000378875425998636,0.0017485737009311,0.00219476217306777,0.000489355047433495,0.00215696373120627,3.43410595582714e-05,0.00368949479670002,0.00224993810015061,0.00129892025370073,0.0152057080296464
T>C,GTG,0.00181544206736823,0.0566996738738889,0.000530977020825766,0.000259612114257487,0.000868829225934478,0.000502371659306063,0.00495508949378316,0.000690288519138387,0.0168743152345708,0.00867274593777852,0.0105950201668792,0.00217474723644229,0.00181169728367718,0.00892020532138186,0.0014653710419256,0.0197864435022048,0.00721976251568597,0.00254643960739283,0.00113677220025056,0.00448284190620844,0.000542457676042525,0.00483513609582161,0.00996126118076411,0.00535775323651279,3.28733120717438e-05,0.00265910256756026,0.0220094351832062,0.00261752750536891,0.000741017976923635,0.00155729279156357,0.00367400516190175,0.0145413444899819,0.00133730371435771,0.000109427713832939,0.0088964704128189,0.0020702504466827,0.00130761321251984,0.00561092022986032
T>C,GTT,0.000822149201060537,0.0456791617653249,0.000445733009788006,0.00124154710341873,0.00115642751736542,0.0121552061696552,0.00573528764010523,0.021199260663879,0.0134369452117077,0.00267997172238878,0.0148865118585786,0.00326701390397523,0.38547537969533,0.0403879669836435,0.00344899817765974,0.0209613389330414,0.0125057837222812,0.003646361517048,0.00120354638706096,0.00808807465083437,0.00284737855491549,0.00871186551494925,0.00854649791041562,0.0147820222899462,0.00022191812377848,0.00209451593515709,0.0273833418384935,0.00547763097362915,0.00012380181307415,0.00683586097290573,0.00136596213097294,0.00819523737425666,0.0132389690600132,0.000385999751237422,0.00917081548804192,0.00484025521518374,0.00182792392857262,0.00234794048578973
T>C,TTA,0.00105216029695295,0.0649742677527943,0.000689997972706717,0.0012429938451139,0.000842092406353054,0.0353631638262934,0.00232965161931732,0.0114749232546565,0.0187759539307616,0.00550219074155264,0.00226166985321106,0.00867210762921812,0.0535137998960616,0.0502441246329798,0.00788492948463499,0.0035948934584988,0.0278434036565989,0.00279409527623414,0.00387968024830665,0.00215182506006071,0.00276915734763611,0.01344885507299,0.0147822890796798,0.0173999901060692,0.00241738803502194,0.00134206196134292,0.0145492858592718,0.00838461781570359,0.000948758989686749,0.0272737398314296,0.0054671008838201,0.0227560515343997,0.00961045196522495,0.00639925414740799,0.00697128232883252,0.060512213428522,0.00345363827737794,0.00661844821294185
T>C,TTC,0.00397075175985743,0.0357606602898637,0.000496466691745948,0.000558625304268946,0.0010771809165983,0.0230715393016701,0.012721736798009,0.00283927503704412,0.00958274232170958,0.00173029594612389,0.00635617489579464,0.00360335521061024,0.0129909414499611,0.0428624018213756,0.00597985416939739,0.0178221428162857,0.00168385846053552,0.00384083569729435,0.000369813445588037,0.00375216338475199,0.00176033984852729,0.0120227155852893,0.0080534290780573,0.00682258033682916,0.000535058960343024,0.00606894835223894,0.0139755129906478,0.00630548054769259,8.08978105390238e-05,0.0176884930668989,0.000399227181203172,0.00925867970201097,0.00248185732374323,0.00130861840529384,0.00301167617720613,0.0354663794772695,0.00309128604921425,0.0160897055256359
T>C,TTG,0.000623899119792731,0.0411435265443974,0.000533506002441584,0.000367900055893546,0.00132737168880278,0.0113560368144546,0.00237447280246872,0.00741930442024613,0.0138129972542513,0.00250374145619387,0.0193488552493199,0.00289262457074151,0.0207968753043098,0.0118134099612364,0.00490274912779591,0.00936952241105199,0.0103095336040022,0.00357582087647791,0.00258069454931535,0.00194249195690547,0.00245785514284391,0.00725850558352183,0.00460883084768443,0.0149585629628143,0.000188107015421056,0.00317292444372079,0.00925738414701049,0.00390789402739163,0.000429961341169487,0.0144769019556937,0.00353493773603748,0.0151605205959552,0.00887547417233929,0.000110462069667735,0.00333413171034564,0.0238116793952617,0.00130855240153799,0.00283019242372807
T>C,TTT,0.00624292560075873,0.0518563727145662,0.0011785535734844,0.00114969345392843,0.0010867321211424,0.0731938766975295,0.0176448204384768,0.00813472484769944,0.0180741404094658,0.00207046933659959,0.00649827814975539,0.00468429274322211,0.0372704907155375,0.055888314785454,0.0122512951754309,0.024264098045561,0.00498684152558069,0.00771432257354056,0.000706739770883432,0.00177323686875305,0.00337583000567885,0.0439831782657742,0.0138154202194416,0.0209450396683876,0.000207426329357797,0.00205071728171871,0.0253157786092455,0.00776450087964277,6.37042775562734e-05,0.306189844254937,0.000804668692983698,0.0425928513612626,0.00321963122779747,0.000868196824326066,0.00221823850524733,0.0457094823661522,0.00220670104375133,0.019060166274507
T>G,ATA,0.000221128681364524,0.00244912171886932,0.000161787426694194,0.000535334882039174,0.000980505688442673,0.0110493117701624,0.000842873118801717,0.000294657335022547,0.00306441774152165,0.00193208862294435,0.000998244351506396,0.00159152012220848,0.003595886651194,0.0171175038617792,0.00522904130524308,0.00274833294360446,0.00421770611991906,0.00209193049837162,0.0020980538379936,0.00146771652959102,0.000748976961961901,0.0487393883100121,0.0029570178484705,0.000404058924308559,0.000320753326868379,0.00011903092271086,0.00311519600634688,0.00791226776842618,0.000307148895650137,0.0114213557968674,0.000573983449495337,0.000281560164071694,0.00233889252282471,0.000439070676580088,0.000953433810805894,0.00690925363352656,0.00149409683663447,0.00305504861499445
T>G,ATC,0.000267209779127617,0.00214419883661957,8.96504726602453e-05,0.000185757010250456,0.00387097377716792,0.000289699463698282,0.000374729336364368,0.00139214914807754,0.0019906768695158,0.000949031345744922,0.00122143239548434,0.000579288311053378,0.00370452661727282,0.0117639406800623,0.00218566179831301,0.00100902652368971,0.00143167276381452,0.00841268196220149,0.000638021244190868,0.000829051831008831,0.00164884396480787,0.00644928929127303,0.001767794355132,0.0010678862284866,0.000151552142476286,0.000508968578388181,0.00175971063950425,0.00788423603025134,2.46635197589369e-05,0.00434148795474167,0.000510968975883838,0.000116973423123219,0.00178653347106662,9.59587958289744e-05,0.000505891087083508,0.00149202922061452,0.000398871391846018,0.00258388034610105
T>G,ATG,0.000955440672093706,0.00233789539098397,0.000577705412102818,0.000192769180384151,0.000685371283649316,0.000217806329146116,0.00090715541939003,0.00300854572282007,0.00756525317175366,0.00132280104732848,0.00116586240418329,0.0034543709954655,0.0122560053204557,0.0175948035493137,0.00146196248166737,0.00403218828415679,0.00234946098900563,0.00877064693777512,0.0037055229474326,0.0048400330746303,0.00275770969834956,0.00543516232215297,0.00409764157368287,0.00150742191549127,0.000125983695108605,0.00141103376366645,0.00688283617807925,0.00757564680498189,0.000522676597501953,0.00398452126214857,0.00111770833608598,0.000153943278974082,0.00638722573735358,0.000482910421940228,0.00175687845801133,0.00157798744215575,0.00117579912590333,0.0026249198774296
T>G,ATT,0.000397064125362779,0.004467253590509,0.000259281593604516,0.000237423604477295,0.0585434447474244,0.00019416082017422,0.0114692872529719,0.00108525222337088,0.00355522753336361,0.00347163313515663,0.00184616844356273,0.00083697537273463,0.0155032595528714,0.030553692311507,0.00238444283519084,0.0021137595635156,0.00170358354620385,0.029075804386458,0.00179662560368976,0.0014275060252824,0.00158301998141023,0.0268480780565268,0.00213484270546848,0.000935788794443989,0.000163383295162218,0.000422150752979508,0.00214449882588841,0.021951972360401,2.45928506478798e-05,0.00171542801257727,0.000280254693467545,0.00131482910171147,0.00540626278789641,0.000237331162921896,0.0020423081827383,0.00648101676789748,0.00120222746804186,0.0193963833838127
T>G,CTA,0.000166915849323216,0.00117266461772456,0.000161431186898057,0.000134356262034179,0.00174526282712777,0.00291845724874169,0.000250505062269054,0.000227013227286588,0.00214803463582564,0.00119279793043287,0.000888189633780247,0.0012502654631525,0.0013915951792866,0.00403322280879298,0.000893507591328499,0.00102140680519224,0.00183849868529604,0.00765407057784882,0.00468624798399731,0.00180675666311904,0.000670808508826698,0.0282229531104989,0.0041355770324998,0.000638808727925707,2.91668853881129e-05,6.08610925213898e-05,0.00268835153051902,0.00308269346604957,0.000512144282579957,0.0055570431537666,0.00120526070379965,0.000338573726620459,0.000869990017883128,7.73448492329623e-05,0.00111412274024698,0.00111680927917059,0.000483769710765384,0.000712649963727195
T>G,CTC,0.000503586414903702,0.00320530709406259,0.000137065668589309,0.000176937857813078,0.0253610966261642,0.00456731298369046,0.000816073493232318,0.00143431101275318,0.00443026741053706,0.00232716749372164,0.00494378017866915,0.00222038862587339,0.000264645398665612,0.00153621735871818,0.00131399997954864,0.00211722962433457,0.0028588351215664,0.0251152163795978,0.00159008115563563,0.00072266291845588,0.00184589388184736,0.00736012269111336,0.00717176610784118,0.00405917076504617,6.3233756368904e-05,0.00177053471928202,0.00313669940229238,0.00568269776909641,7.33257461579769e-05,0.00919854706706943,0.00235494089953829,0.00211142055521448,0.0015515148803771,0.000104815467664418,0.00187507623102057,0.00139976768398287,0.000788678517586675,0.00178368437484999
T>G,CTG,0.000360810460919045,0.00304064798019633,0.000213519221954826,9.66658475655697e-05,0.0113182756818886,0.000367612102686375,0.000376991501850638,0.00242783084884106,0.00602650769293432,0.00178850950309466,0.00402779447510699,0.00189671645936515,9.83652544051614e-05,0.00415602635551797,0.00200020513335372,0.00405003111301305,0.00234779340929937,0.0131262202497256,0.00815333930930825,0.00376720092095966,0.000990604130831491,0.0149173913944369,0.0125823022842072,0.00495703444616923,1.29259588042901e-05,0.00298847451316726,0.00444784176365867,0.00473901868325672,0.00277978518767894,0.00459718326489979,0.00352436756627039,0.0040703154796976,0.000501593293138812,5.12095306830646e-05,0.00446799898252155,0.00384834655626367,0.000219813913456266,0.00263004981884567
T>G,CTT,0.00039842640043516,0.00386851530977003,0.000348518057853035,0.000143171561630824,0.610458352176006,0.00305853920742391,0.00440112413172555,0.000120920803176257,0.00634412085426499,0.00819483626416754,0.00298370321965752,0.00193590146007779,0.00091312126089862,0.0030101430633005,0.00116588254287272,0.00318110549645321,0.00442070615616112,0.0543532665883727,0.00203883480043962,0.00106210051990129,0.000587588846386487,0.0586050565231558,0.00582561175862999,0.00247388805683702,1.0445771809359e-05,0.00304255821945034,0.00308552379951369,0.0146344051429542,0.00018525514857453,0.00181533432161803,0.0016509211307654,0.000349632651502672,0.000262943389243331,2.64028243692416e-05,0.0015612420919397,0.0156793667672391,0.00134260346384704,0.0157219973161045
T>G,GTA,0.000195897060688238,0.000651408204951633,0.000212569249165128,0.000162665009318423,0.000335600056978478,0.0025922896630719,0.000412991321981423,0.00040902872232686,0.00208259483633194,0.000654956218464524,0.00067988522238672,0.000891509523985484,5.00057174953234e-05,0.0130071850187116,0.000900479646402156,0.00259041159510748,0.00202196421640763,0.000610295165718123,0.00162419043242563,0.00174157192466817,0.000386569179997628,0.00841982294770465,0.00446726633691324,0.000244024350354888,2.86638855621572e-05,0.000516718265194578,0.000752549981103598,0.0019577741133962,0.000133137987857141,0.00116611394702739,0.000609933642274616,7.15769646305327e-05,0.000755131581178715,4.98497094347332e-05,0.0017371339260824,0.00229056426111008,8.69514297962434e-05,0.00127293692291435
T>G,GTC,8.94509823401747e-05,0.00048368682327804,6.69538254685343e-05,8.58355122656707e-05,0.00669693710427231,0.00164098407530179,0.000177996705367033,0.000384593795768584,0.00120706627413583,0.000680389742986072,0.000764978847966085,0.000515861397982764,6.79148898552897e-05,0.00752839134270591,0.000374012021062423,0.00145993294275374,0.000961796447724886,0.000573909067735082,0.000438309762008354,0.000504453031812405,0.000713011824168802,0.00568389629578584,0.00179726022673454,0.000275155696048004,8.04678944734698e-05,3.98479131553933e-05,0.000427161309976963,0.00206201910321219,3.10551482478814e-05,0.000584080778559372,0.000698008710691056,7.61946287052393e-05,0.000871043098712856,8.1743090746008e-05,0.000594452818016189,0.000857639412815978,0.000426806804734587,0.00152306837298254
T>G,GTG,0.000866808960076782,0.00208143316730359,0.00044665409826991,0.000428354979831901,0.00154794225892197,0.00562297530559111,0.00068316856497438,0.0030349720258259,0.00479232712863634,0.00274136446992475,0.00437842362308902,0.00180941308990176,0.00293182376505978,0.00981259394056721,0.00198920477979306,0.0017153294190301,0.00270019270551086,0.00487345859421782,0.000870953162074395,0.00406695797531963,0.00325246443951946,0.00339471727216272,0.0124207319108628,0.00101355230170658,0.000145104082560505,0.00545746155066121,0.00370547180151966,0.00388469805576873,0.00119356464251208,0.00595517534090469,0.002537102094453,0.000245782781910453,0.00275536783441589,0.000139236778968493,0.003141151041551,0.000730968683533215,0.00153456933083503,0.00470741397855864
T>G,GTT,0.000317248143079991,0.00311195120887621,9.49716040295689e-05,0.000560933155867893,0.103034653869822,0.00697612733742115,0.00448994930427615,0.00254416042298547,0.00125681583625978,0.001803589177262,0.00657240838526141,0.000816997113303937,0.00747646711291839,0.01597441155926,0.00152021787517171,0.0018524527901024,0.000846844619973355,0.00585468524686311,0.000438698629984788,0.00166360196820813,0.00172035220724065,0.0222858816881869,0.00608368738582489,0.0006097528052788,0.000743207108660102,0.00192802689864188,0.000564667330686758,0.00604359966617189,4.14775334415656e-05,0.00291635133115772,0.00043331888259483,0.00255686656479474,0.00235236469481881,0.00103065979605909,0.000756411863546271,0.00309639560468975,0.000886092076212961,0.015907461548468
T>G,TTA,0.000188180677411114,0.00203522863183609,0.000463317134500023,0.000279186471600474,4.3657578460722e-05,0.0195296842625923,0.000523166357793586,0.00077140760750277,0.00428600307359337,0.00228777130793404,0.00359971285220278,0.00272386512725786,0.000442345423702667,0.0197457262767999,0.00236956911770037,0.00183328909938601,0.00172259395485522,0.0112948414613784,0.00409600194833967,0.00154283796597648,0.000801625597851176,0.0761613897902689,0.00669743960989358,0.00271706926657938,3.60895270605875e-05,0.000179645863189696,0.00323376085509955,0.0086623164783958,3.22382015144673e-05,0.0114761720253547,0.00122381657874792,0.000232767058447132,0.00208746039644426,0.000286264664925376,0.000946929276895584,0.0437113746558811,0.000905443738307779,0.00241680152421419
T>G,TTC,0.000394956885880186,0.00160835066364105,0.000407493395635116,0.000180374591746735,0.00769183786142753,0.0166123057416109,0.000547032744861649,0.00222759057157154,0.00589917849170276,0.000902890120514952,0.00224891245385299,0.00240165478461041,0.000353793632304699,0.019446888133452,0.00236616055744214,0.00404248652916793,0.00321984230540449,0.0169027871516154,0.00146625448142567,0.000595738163504787,0.00119072697676933,0.00760568021102123,0.00495755474922643,0.00386283250202642,4.11102894476336e-05,0.00095109867215496,0.00820138970345495,0.0126825001466887,2.08971178770404e-05,0.0100398588633554,0.000275434231430905,0.00025847184369816,0.000709594913576017,0.00029902469250808,0.00206794143471621,0.0151239842650259,0.000598634711845124,0.00569865346152345
T>G,TTG,0.00107075963857055,0.00190246363232357,0.00037150996685776,0.000205558685196678,0.00388442683171017,0.00637086947380871,0.000962361998637494,0.00240782489101151,0.0067973518379779,0.00174189569548338,0.00613506878851749,0.00123150539027246,0.000141372716271368,0.0313232369348413,0.00523756270588866,0.0052513661685413,0.0034980898906776,0.00765529206080242,0.00410377930786833,0.00123711889285577,0.00132503902784558,0.00953569937665478,0.0083025678758527,0.00501864856785352,1.08059708372679e-05,0.000247202291268545,0.00317955466480772,0.00895649938289336,0.00150472073849661,0.0108137275022574,0.00477754250115713,0.00101510274270852,0.000896680169946911,4.24999870482599e-05,0.00139862874418195,0.0194819927024017,0.000751176481676062,0.00774707276930489
T>G,TTT,0.000971835604957819,0.00442788234875292,0.000635050391178255,0.000299951356729896,0.0914792390903202,0.018793233767643,0.00428444942904973,0.00224492292213356,0.0127260190821062,0.00733941919195716,0.00549126308619032,0.00246536594120951,0.000870066083653124,0.027040928407757,0.00616531083435668,0.0201523446249485,0.00214687387726226,0.465942471347533,0.00124443307715452,0.000766980591244126,0.000942123072332249,0.0667879248464578,0.00887197486802999,0.00529409612026739,2.1712115368688e-05,0.00404580420182029,0.0101292841745406,0.0289345926199013,8.7121927061018e-05,0.0191136296904828,0.000864546962378588,0.0125897027232864,0.00107475976956703,0.000126064346580968,0.00252006427403224,0.0810326125319834,0.00235194771748784,0.0217972708561887
